  0
SECTION
  2
HEADER
  9
$ACADVER
  1
AC1015
  9
$ACADMAINTVER
 70
6
  9
$DWGCODEPAGE
  3
ANSI_1252
  9
$INSBASE
 10
0.0
 20
0.0
 30
0.0
  9
$EXTMIN
 10
1e+20
 20
1e+20
 30
1e+20
  9
$EXTMAX
 10
-1e+20
 20
-1e+20
 30
-1e+20
  9
$LIMMIN
 10
0.0
 20
0.0
  9
$LIMMAX
 10
420.0
 20
297.0
  9
$ORTHOMODE
 70
0
  9
$REGENMODE
 70
1
  9
$FILLMODE
 70
1
  9
$QTEXTMODE
 70
0
  9
$MIRRTEXT
 70
1
  9
$LTSCALE
 40
1.0
  9
$ATTMODE
 70
1
  9
$TEXTSIZE
 40
2.5
  9
$TRACEWID
 40
1.0
  9
$TEXTSTYLE
  7
OpenSans
  9
$CLAYER
  8
0
  9
$CELTYPE
  6
ByLayer
  9
$CECOLOR
 62
256
  9
$CELTSCALE
 40
1.0
  9
$DISPSILH
 70
0
  9
$DIMSCALE
 40
1.0
  9
$DIMASZ
 40
0.175
  9
$DIMEXO
 40
0.125
  9
$DIMDLI
 40
3.75
  9
$DIMRND
 40
0.0
  9
$DIMDLE
 40
0.0
  9
$DIMEXE
 40
0.375
  9
$DIMTP
 40
0.0
  9
$DIMTM
 40
0.0
  9
$DIMTXT
 40
0.25
  9
$DIMCEN
 40
2.5
  9
$DIMTSZ
 40
0.0
  9
$DIMTOL
 70
0
  9
$DIMLIM
 70
0
  9
$DIMTIH
 70
0
  9
$DIMTOH
 70
0
  9
$DIMSE1
 70
0
  9
$DIMSE2
 70
0
  9
$DIMTAD
 70
1
  9
$DIMZIN
 70
12
  9
$DIMBLK
  1
ARCHTICK
  9
$DIMASO
 70
1
  9
$DIMSHO
 70
1
  9
$DIMPOST
  1

  9
$DIMAPOST
  1

  9
$DIMALT
 70
0
  9
$DIMALTD
 70
3
  9
$DIMALTF
 40
0.03937007874
  9
$DIMLFAC
 40
100.0
  9
$DIMTOFL
 70
1
  9
$DIMTVP
 40
0.0
  9
$DIMTIX
 70
0
  9
$DIMSOXD
 70
0
  9
$DIMSAH
 70
0
  9
$DIMBLK1
  1

  9
$DIMBLK2
  1

  9
$DIMSTYLE
  2
EZDXF
  9
$DIMCLRD
 70
0
  9
$DIMCLRE
 70
0
  9
$DIMCLRT
 70
0
  9
$DIMTFAC
 40
0.5
  9
$DIMGAP
 40
0.1
  9
$DIMJUST
 70
0
  9
$DIMSD1
 70
0
  9
$DIMSD2
 70
0
  9
$DIMTOLJ
 70
0
  9
$DIMTZIN
 70
8
  9
$DIMALTZ
 70
0
  9
$DIMALTTZ
 70
0
  9
$DIMUPT
 70
1
  9
$DIMDEC
 70
2
  9
$DIMTDEC
 70
2
  9
$DIMALTU
 70
2
  9
$DIMALTTD
 70
3
  9
$DIMTXSTY
  7
OpenSansCondensed-Light
  9
$DIMAUNIT
 70
0
  9
$DIMADEC
 70
2
  9
$DIMALTRND
 40
0.0
  9
$DIMAZIN
 70
3
  9
$DIMDSEP
 70
46
  9
$DIMATFIT
 70
3
  9
$DIMFRAC
 70
0
  9
$DIMLDRBLK
  1

  9
$DIMLUNIT
 70
2
  9
$DIMLWD
 70
-2
  9
$DIMLWE
 70
-2
  9
$DIMTMOVE
 70
2
  9
$LUNITS
 70
2
  9
$LUPREC
 70
3
  9
$SKETCHINC
 40
1.0
  9
$FILLETRAD
 40
10.0
  9
$AUNITS
 70
0
  9
$AUPREC
 70
2
  9
$MENU
  1
.
  9
$ELEVATION
 40
0.0
  9
$PELEVATION
 40
0.0
  9
$THICKNESS
 40
0.0
  9
$LIMCHECK
 70
0
  9
$CHAMFERA
 40
0.0
  9
$CHAMFERB
 40
0.0
  9
$CHAMFERC
 40
0.0
  9
$CHAMFERD
 40
0.0
  9
$SKPOLY
 70
0
  9
$TDCREATE
 40
2461315.4452430555
  9
$TDUCREATE
 40
2458532.153996898
  9
$TDUPDATE
 40
2461315.4452430555
  9
$TDUUPDATE
 40
2458532.1544311
  9
$TDINDWG
 40
0.0
  9
$TDUSRTIMER
 40
0.0
  9
$USRTIMER
 70
1
  9
$ANGBASE
 50
0.0
  9
$ANGDIR
 70
0
  9
$PDMODE
 70
0
  9
$PDSIZE
 40
0.0
  9
$PLINEWID
 40
0.0
  9
$SPLFRAME
 70
0
  9
$SPLINETYPE
 70
6
  9
$SPLINESEGS
 70
8
  9
$HANDSEED
  5
BB200
  9
$SURFTAB1
 70
6
  9
$SURFTAB2
 70
6
  9
$SURFTYPE
 70
6
  9
$SURFU
 70
6
  9
$SURFV
 70
6
  9
$UCSBASE
  2

  9
$UCSNAME
  2

  9
$UCSORG
 10
0.0
 20
0.0
 30
0.0
  9
$UCSXDIR
 10
1.0
 20
0.0
 30
0.0
  9
$UCSYDIR
 10
0.0
 20
1.0
 30
0.0
  9
$UCSORTHOREF
  2

  9
$UCSORTHOVIEW
 70
0
  9
$UCSORGTOP
 10
0.0
 20
0.0
 30
0.0
  9
$UCSORGBOTTOM
 10
0.0
 20
0.0
 30
0.0
  9
$UCSORGLEFT
 10
0.0
 20
0.0
 30
0.0
  9
$UCSORGRIGHT
 10
0.0
 20
0.0
 30
0.0
  9
$UCSORGFRONT
 10
0.0
 20
0.0
 30
0.0
  9
$UCSORGBACK
 10
0.0
 20
0.0
 30
0.0
  9
$PUCSBASE
  2

  9
$PUCSNAME
  2

  9
$PUCSORG
 10
0.0
 20
0.0
 30
0.0
  9
$PUCSXDIR
 10
1.0
 20
0.0
 30
0.0
  9
$PUCSYDIR
 10
0.0
 20
1.0
 30
0.0
  9
$PUCSORTHOREF
  2

  9
$PUCSORTHOVIEW
 70
0
  9
$PUCSORGTOP
 10
0.0
 20
0.0
 30
0.0
  9
$PUCSORGBOTTOM
 10
0.0
 20
0.0
 30
0.0
  9
$PUCSORGLEFT
 10
0.0
 20
0.0
 30
0.0
  9
$PUCSORGRIGHT
 10
0.0
 20
0.0
 30
0.0
  9
$PUCSORGFRONT
 10
0.0
 20
0.0
 30
0.0
  9
$PUCSORGBACK
 10
0.0
 20
0.0
 30
0.0
  9
$USERI1
 70
0
  9
$USERI2
 70
0
  9
$USERI3
 70
0
  9
$USERI4
 70
0
  9
$USERI5
 70
0
  9
$USERR1
 40
0.0
  9
$USERR2
 40
0.0
  9
$USERR3
 40
0.0
  9
$USERR4
 40
0.0
  9
$USERR5
 40
0.0
  9
$WORLDVIEW
 70
1
  9
$SHADEDGE
 70
3
  9
$SHADEDIF
 70
70
  9
$TILEMODE
 70
1
  9
$MAXACTVP
 70
64
  9
$PINSBASE
 10
0.0
 20
0.0
 30
0.0
  9
$PLIMCHECK
 70
0
  9
$PEXTMIN
 10
1e+20
 20
1e+20
 30
1e+20
  9
$PEXTMAX
 10
-1e+20
 20
-1e+20
 30
-1e+20
  9
$PLIMMIN
 10
-0.0
 20
-0.0
  9
$PLIMMAX
 10
841.0
 20
594.0
  9
$UNITMODE
 70
0
  9
$VISRETAIN
 70
1
  9
$PLINEGEN
 70
0
  9
$PSLTSCALE
 70
1
  9
$TREEDEPTH
 70
3020
  9
$CMLSTYLE
  2
Standard
  9
$CMLJUST
 70
0
  9
$CMLSCALE
 40
20.0
  9
$PROXYGRAPHICS
 70
1
  9
$MEASUREMENT
 70
1
  9
$CELWEIGHT
370
-1
  9
$ENDCAPS
280
0
  9
$JOINSTYLE
280
0
  9
$LWDISPLAY
290
0
  9
$INSUNITS
 70
6
  9
$HYPERLINKBASE
  1

  9
$STYLESHEET
  1

  9
$XEDIT
290
1
  9
$CEPSNTYPE
380
0
  9
$PSTYLEMODE
290
1
  9
$FINGERPRINTGUID
  2
{F926BA84-69F9-4542-81A1-55870BB85B16}
  9
$VERSIONGUID
  2
{8462FE40-5EB2-4FCD-841C-1CCE4D55090D}
  9
$EXTNAMES
290
1
  9
$PSVPSCALE
 40
0.0
  9
$OLESTARTUP
290
0
  0
ENDSEC
  0
SECTION
  2
CLASSES
  0
CLASS
  1
ACDBDICTIONARYWDFLT
  2
AcDbDictionaryWithDefault
  3
ObjectDBX Classes
 90
0
280
0
281
0
  0
CLASS
  1
SUN
  2
AcDbSun
  3
SCENEOE
 90
1153
280
0
281
0
  0
CLASS
  1
VISUALSTYLE
  2
AcDbVisualStyle
  3
ObjectDBX Classes
 90
4095
280
0
281
0
  0
CLASS
  1
MATERIAL
  2
AcDbMaterial
  3
ObjectDBX Classes
 90
1153
280
0
281
0
  0
CLASS
  1
SCALE
  2
AcDbScale
  3
ObjectDBX Classes
 90
1153
280
0
281
0
  0
CLASS
  1
TABLESTYLE
  2
AcDbTableStyle
  3
ObjectDBX Classes
 90
4095
280
0
281
0
  0
CLASS
  1
MLEADERSTYLE
  2
AcDbMLeaderStyle
  3
ACDB_MLEADERSTYLE_CLASS
 90
4095
280
0
281
0
  0
CLASS
  1
DICTIONARYVAR
  2
AcDbDictionaryVar
  3
ObjectDBX Classes
 90
0
280
0
281
0
  0
CLASS
  1
CELLSTYLEMAP
  2
AcDbCellStyleMap
  3
ObjectDBX Classes
 90
1152
280
0
281
0
  0
CLASS
  1
MENTALRAYRENDERSETTINGS
  2
AcDbMentalRayRenderSettings
  3
SCENEOE
 90
1024
280
0
281
0
  0
CLASS
  1
ACDBDETAILVIEWSTYLE
  2
AcDbDetailViewStyle
  3
ObjectDBX Classes
 90
1025
280
0
281
0
  0
CLASS
  1
ACDBSECTIONVIEWSTYLE
  2
AcDbSectionViewStyle
  3
ObjectDBX Classes
 90
1025
280
0
281
0
  0
CLASS
  1
RASTERVARIABLES
  2
AcDbRasterVariables
  3
ISM
 90
0
280
0
281
0
  0
CLASS
  1
ACDBPLACEHOLDER
  2
AcDbPlaceHolder
  3
ObjectDBX Classes
 90
0
280
0
281
0
  0
CLASS
  1
LAYOUT
  2
AcDbLayout
  3
ObjectDBX Classes
 90
0
280
0
281
0
  0
ENDSEC
  0
SECTION
  2
TABLES
  0
TABLE
  2
VPORT
  5
10800
330
0
100
AcDbSymbolTable
 70
1
  0
VPORT
  5
B6A00
330
10800
100
AcDbSymbolTableRecord
100
AcDbViewportTableRecord
  2
*Active
 70
0
 10
0.0
 20
0.0
 11
1.0
 21
1.0
 12
80.0
 22
65.0
 13
0.0
 23
0.0
 14
0.5
 24
0.5
 15
0.5
 25
0.5
 16
0.0
 26
0.0
 36
1.0
 17
0.0
 27
0.0
 37
0.0
 40
200.0
 41
1.34
 42
50.0
 43
0.0
 44
0.0
 50
0.0
 51
0.0
 71
0
 72
1000
 73
1
 74
3
 75
0
 76
0
 77
0
 78
0
281
0
 65
1
110
0.0
120
0.0
130
0.0
111
1.0
121
0.0
131
0.0
112
0.0
122
1.0
132
0.0
 79
0
146
0.0
  0
ENDTAB
  0
TABLE
  2
LTYPE
  5
10200
330
0
100
AcDbSymbolTable
 70
21
  0
LTYPE
  5
12400
330
10200
100
AcDbSymbolTableRecord
100
AcDbLinetypeTableRecord
  2
ByBlock
 70
0
  3

 72
65
 73
0
 40
0.0
  0
LTYPE
  5
12500
330
10200
100
AcDbSymbolTableRecord
100
AcDbLinetypeTableRecord
  2
ByLayer
 70
0
  3

 72
65
 73
0
 40
0.0
  0
LTYPE
  5
12600
330
10200
100
AcDbSymbolTableRecord
100
AcDbLinetypeTableRecord
  2
Continuous
 70
0
  3

 72
65
 73
0
 40
0.0
  0
LTYPE
  5
12F00
330
10200
100
AcDbSymbolTableRecord
100
AcDbLinetypeTableRecord
  2
CENTER
 70
0
  3
Center ____ _ ____ _ ____ _ ____ _ ____ _ ____
 72
65
 73
4
 40
5.08
 49
3.175
 74
0
 49
-0.635
 74
0
 49
0.635
 74
0
 49
-0.635
 74
0
  0
LTYPE
  5
13000
330
10200
100
AcDbSymbolTableRecord
100
AcDbLinetypeTableRecord
  2
CENTERX2
 70
0
  3
Center (2x) ________  __  ________  __  ________
 72
65
 73
4
 40
8.89
 49
6.35
 74
0
 49
-0.635
 74
0
 49
1.27
 74
0
 49
-0.635
 74
0
  0
LTYPE
  5
13100
330
10200
100
AcDbSymbolTableRecord
100
AcDbLinetypeTableRecord
  2
CENTER2
 70
0
  3
Center (.5x) ____ _ ____ _ ____ _ ____ _ ____
 72
65
 73
4
 40
2.54
 49
1.587
 74
0
 49
-0.318
 74
0
 49
0.318
 74
0
 49
-0.318
 74
0
  0
LTYPE
  5
13200
330
10200
100
AcDbSymbolTableRecord
100
AcDbLinetypeTableRecord
  2
DASHED
 70
0
  3
Dashed __ __ __ __ __ __ __ __ __ __ __ __ __ _
 72
65
 73
2
 40
1.524
 49
1.27
 74
0
 49
-0.254
 74
0
  0
LTYPE
  5
13300
330
10200
100
AcDbSymbolTableRecord
100
AcDbLinetypeTableRecord
  2
DASHEDX2
 70
0
  3
Dashed (2x) ____  ____  ____  ____  ____  ____
 72
65
 73
2
 40
3.048
 49
2.54
 74
0
 49
-0.508
 74
0
  0
LTYPE
  5
13400
330
10200
100
AcDbSymbolTableRecord
100
AcDbLinetypeTableRecord
  2
DASHED2
 70
0
  3
Dashed (.5x) _ _ _ _ _ _ _ _ _ _ _ _ _ _
 72
65
 73
2
 40
0.762
 49
0.635
 74
0
 49
-0.127
 74
0
  0
LTYPE
  5
13500
330
10200
100
AcDbSymbolTableRecord
100
AcDbLinetypeTableRecord
  2
PHANTOM
 70
0
  3
Phantom ______  __  __  ______  __  __  ______
 72
65
 73
6
 40
6.35
 49
3.175
 74
0
 49
-0.635
 74
0
 49
0.635
 74
0
 49
-0.635
 74
0
 49
0.635
 74
0
 49
-0.635
 74
0
  0
LTYPE
  5
13600
330
10200
100
AcDbSymbolTableRecord
100
AcDbLinetypeTableRecord
  2
PHANTOMX2
 70
0
  3
Phantom (2x)____________    ____    ____    ____________
 72
65
 73
6
 40
10.795
 49
6.35
 74
0
 49
-0.635
 74
0
 49
1.27
 74
0
 49
-0.635
 74
0
 49
1.27
 74
0
 49
-0.635
 74
0
  0
LTYPE
  5
13700
330
10200
100
AcDbSymbolTableRecord
100
AcDbLinetypeTableRecord
  2
PHANTOM2
 70
0
  3
Phantom (.5x) ___ _ _ ___ _ _ ___ _ _ ___ _ _ ___
 72
65
 73
6
 40
3.175
 49
1.587
 74
0
 49
-0.318
 74
0
 49
0.318
 74
0
 49
-0.318
 74
0
 49
0.318
 74
0
 49
-0.318
 74
0
  0
LTYPE
  5
13800
330
10200
100
AcDbSymbolTableRecord
100
AcDbLinetypeTableRecord
  2
DASHDOT
 70
0
  3
Dash dot __ . __ . __ . __ . __ . __ . __ . __
 72
65
 73
4
 40
3.556
 49
2.54
 74
0
 49
-0.508
 74
0
 49
0.0
 74
0
 49
-0.508
 74
0
  0
LTYPE
  5
13900
330
10200
100
AcDbSymbolTableRecord
100
AcDbLinetypeTableRecord
  2
DASHDOTX2
 70
0
  3
Dash dot (2x) ____  .  ____  .  ____  .  ____
 72
65
 73
4
 40
6.096
 49
5.08
 74
0
 49
-0.508
 74
0
 49
0.0
 74
0
 49
-0.508
 74
0
  0
LTYPE
  5
13A00
330
10200
100
AcDbSymbolTableRecord
100
AcDbLinetypeTableRecord
  2
DASHDOT2
 70
0
  3
Dash dot (.5x) _ . _ . _ . _ . _ . _ . _ . _
 72
65
 73
4
 40
1.778
 49
1.27
 74
0
 49
-0.254
 74
0
 49
0.0
 74
0
 49
-0.254
 74
0
  0
LTYPE
  5
13B00
330
10200
100
AcDbSymbolTableRecord
100
AcDbLinetypeTableRecord
  2
DOT
 70
0
  3
Dot .  .  .  .  .  .  .  .  .  .  .  .  .  .  .  .
 72
65
 73
2
 40
0.508
 49
0.0
 74
0
 49
-0.508
 74
0
  0
LTYPE
  5
13C00
330
10200
100
AcDbSymbolTableRecord
100
AcDbLinetypeTableRecord
  2
DOTX2
 70
0
  3
Dot (2x) .    .    .    .    .    .    .    . 
 72
65
 73
2
 40
1.016
 49
0.0
 74
0
 49
-1.016
 74
0
  0
LTYPE
  5
13D00
330
10200
100
AcDbSymbolTableRecord
100
AcDbLinetypeTableRecord
  2
DOT2
 70
0
  3
Dot (.5) . . . . . . . . . . . . . . . . . . . 
 72
65
 73
2
 40
0.254
 49
0.0
 74
0
 49
-0.254
 74
0
  0
LTYPE
  5
13E00
330
10200
100
AcDbSymbolTableRecord
100
AcDbLinetypeTableRecord
  2
DIVIDE
 70
0
  3
Divide __ . . __ . . __ . . __ . . __ . . __
 72
65
 73
6
 40
4.064
 49
2.54
 74
0
 49
-0.508
 74
0
 49
0.0
 74
0
 49
-0.508
 74
0
 49
0.0
 74
0
 49
-0.508
 74
0
  0
LTYPE
  5
13F00
330
10200
100
AcDbSymbolTableRecord
100
AcDbLinetypeTableRecord
  2
DIVIDEX2
 70
0
  3
Divide (2x) ____  . .  ____  . .  ____  . .  ____
 72
65
 73
6
 40
6.604
 49
5.08
 74
0
 49
-0.508
 74
0
 49
0.0
 74
0
 49
-0.508
 74
0
 49
0.0
 74
0
 49
-0.508
 74
0
  0
LTYPE
  5
14000
330
10200
100
AcDbSymbolTableRecord
100
AcDbLinetypeTableRecord
  2
DIVIDE2
 70
0
  3
Divide(.5x) _ . _ . _ . _ . _ . _ . _ . _
 72
65
 73
6
 40
2.032
 49
1.27
 74
0
 49
-0.254
 74
0
 49
0.0
 74
0
 49
-0.254
 74
0
 49
0.0
 74
0
 49
-0.254
 74
0
  0
ENDTAB
  0
TABLE
  2
LAYER
  5
10100
330
0
100
AcDbSymbolTable
 70
20
  0
LAYER
  5
12700
330
10100
100
AcDbSymbolTableRecord
100
AcDbLayerTableRecord
  2
0
 70
0
 62
7
  6
Continuous
370
-3
390
11300
  0
LAYER
  5
12800
330
10100
100
AcDbSymbolTableRecord
100
AcDbLayerTableRecord
  2
Defpoints
 70
0
 62
7
  6
Continuous
290
0
370
-3
390
11300
  0
LAYER
  5
18B00
330
10100
100
AcDbSymbolTableRecord
100
AcDbLayerTableRecord
  2
SOURCE_SITE
 70
0
 62
96
  6
Continuous
370
60
390
11300
  0
LAYER
  5
18C00
330
10100
100
AcDbSymbolTableRecord
100
AcDbLayerTableRecord
  2
SOURCE_FOOTPRINT
 70
0
 62
7
  6
Continuous
370
50
390
11300
  0
LAYER
  5
18D00
330
10100
100
AcDbSymbolTableRecord
100
AcDbLayerTableRecord
  2
WALL
 70
0
 62
7
  6
Continuous
370
40
390
11300
  0
LAYER
  5
18E00
330
10100
100
AcDbSymbolTableRecord
100
AcDbLayerTableRecord
  2
OPENING
 70
0
 62
4
  6
Continuous
370
30
390
11300
  0
LAYER
  5
18F00
330
10100
100
AcDbSymbolTableRecord
100
AcDbLayerTableRecord
  2
ROOF
 70
0
 62
4
  6
Continuous
370
40
390
11300
  0
LAYER
  5
19000
330
10100
100
AcDbSymbolTableRecord
100
AcDbLayerTableRecord
  2
STRUCTURE
 70
0
 62
8
  6
Continuous
370
25
390
11300
  0
LAYER
  5
19100
330
10100
100
AcDbSymbolTableRecord
100
AcDbLayerTableRecord
  2
UPPER_FLOOR
 70
0
 62
4
  6
Continuous
370
30
390
11300
  0
LAYER
  5
19200
330
10100
100
AcDbSymbolTableRecord
100
AcDbLayerTableRecord
  2
VOID
 70
0
 62
6
  6
Continuous
370
35
390
11300
  0
LAYER
  5
19300
330
10100
100
AcDbSymbolTableRecord
100
AcDbLayerTableRecord
  2
STAIR
 70
0
 62
7
  6
Continuous
370
30
390
11300
  0
LAYER
  5
19400
330
10100
100
AcDbSymbolTableRecord
100
AcDbLayerTableRecord
  2
AUXILIARY
 70
0
 62
4
  6
Continuous
370
35
390
11300
  0
LAYER
  5
19500
330
10100
100
AcDbSymbolTableRecord
100
AcDbLayerTableRecord
  2
GRID
 70
0
 62
8
  6
Continuous
370
13
390
11300
  0
LAYER
  5
19600
330
10100
100
AcDbSymbolTableRecord
100
AcDbLayerTableRecord
  2
ASSUMED_ACCESS
 70
0
 62
30
  6
Continuous
370
25
390
11300
  0
LAYER
  5
19700
330
10100
100
AcDbSymbolTableRecord
100
AcDbLayerTableRecord
  2
DIMENSION
 70
0
 62
8
  6
Continuous
370
18
390
11300
  0
LAYER
  5
19800
330
10100
100
AcDbSymbolTableRecord
100
AcDbLayerTableRecord
  2
NOTE
 70
0
 62
7
  6
Continuous
370
15
390
11300
  0
LAYER
  5
19900
330
10100
100
AcDbSymbolTableRecord
100
AcDbLayerTableRecord
  2
TITLE
 70
0
 62
7
  6
Continuous
370
30
390
11300
  0
LAYER
  5
19A00
330
10100
100
AcDbSymbolTableRecord
100
AcDbLayerTableRecord
  2
HATCH
 70
0
 62
8
  6
Continuous
370
13
390
11300
  0
LAYER
  5
19B00
330
10100
100
AcDbSymbolTableRecord
100
AcDbLayerTableRecord
  2
SECTION
 70
0
 62
7
  6
Continuous
370
60
390
11300
  0
LAYER
  5
BB000
330
10100
100
AcDbSymbolTableRecord
100
AcDbLayerTableRecord
  2
VIEWPORTS
 70
0
 62
7
  6
Continuous
290
0
370
-3
390
11300
  0
ENDTAB
  0
TABLE
  2
STYLE
  5
10500
330
0
100
AcDbSymbolTable
 70
26
  0
STYLE
  5
12900
330
10500
100
AcDbSymbolTableRecord
100
AcDbTextStyleTableRecord
  2
Standard
 70
0
 40
0.0
 41
1.0
 50
0.0
 71
0
 42
2.5
  3
txt
  4

  0
STYLE
  5
14100
330
10500
100
AcDbSymbolTableRecord
100
AcDbTextStyleTableRecord
  2
OpenSans-Light
 70
0
 40
0.0
 41
1.0
 50
0.0
 71
0
 42
2.5
  3
OpenSans-Light.ttf
  4

  0
STYLE
  5
14200
330
10500
100
AcDbSymbolTableRecord
100
AcDbTextStyleTableRecord
  2
OpenSans-Light-Italic
 70
0
 40
0.0
 41
1.0
 50
0.0
 71
0
 42
2.5
  3
OpenSans-LightItalic.ttf
  4

  0
STYLE
  5
14300
330
10500
100
AcDbSymbolTableRecord
100
AcDbTextStyleTableRecord
  2
OpenSans
 70
0
 40
0.0
 41
1.0
 50
0.0
 71
0
 42
2.5
  3
OpenSans-Regular.ttf
  4

  0
STYLE
  5
14400
330
10500
100
AcDbSymbolTableRecord
100
AcDbTextStyleTableRecord
  2
OpenSans-Italic
 70
0
 40
0.0
 41
1.0
 50
0.0
 71
0
 42
2.5
  3
OpenSans-Italic.ttf
  4

  0
STYLE
  5
14500
330
10500
100
AcDbSymbolTableRecord
100
AcDbTextStyleTableRecord
  2
OpenSans-SemiBold
 70
0
 40
0.0
 41
1.0
 50
0.0
 71
0
 42
2.5
  3
OpenSans-SemiBold.ttf
  4

  0
STYLE
  5
14600
330
10500
100
AcDbSymbolTableRecord
100
AcDbTextStyleTableRecord
  2
OpenSans-SemiBoldItalic
 70
0
 40
0.0
 41
1.0
 50
0.0
 71
0
 42
2.5
  3
OpenSans-SemiBoldItalic.ttf
  4

  0
STYLE
  5
14700
330
10500
100
AcDbSymbolTableRecord
100
AcDbTextStyleTableRecord
  2
OpenSans-Bold
 70
0
 40
0.0
 41
1.0
 50
0.0
 71
0
 42
2.5
  3
OpenSans-Bold.ttf
  4

  0
STYLE
  5
14800
330
10500
100
AcDbSymbolTableRecord
100
AcDbTextStyleTableRecord
  2
OpenSans-BoldItalic
 70
0
 40
0.0
 41
1.0
 50
0.0
 71
0
 42
2.5
  3
OpenSans-BoldItalic.ttf
  4

  0
STYLE
  5
14900
330
10500
100
AcDbSymbolTableRecord
100
AcDbTextStyleTableRecord
  2
OpenSans-ExtraBold
 70
0
 40
0.0
 41
1.0
 50
0.0
 71
0
 42
2.5
  3
OpenSans-ExtraBold.ttf
  4

  0
STYLE
  5
14A00
330
10500
100
AcDbSymbolTableRecord
100
AcDbTextStyleTableRecord
  2
OpenSans-ExtraBoldItalic
 70
0
 40
0.0
 41
1.0
 50
0.0
 71
0
 42
2.5
  3
OpenSans-ExtraBoldItalic.ttf
  4

  0
STYLE
  5
14B00
330
10500
100
AcDbSymbolTableRecord
100
AcDbTextStyleTableRecord
  2
OpenSansCondensed-Bold
 70
0
 40
0.0
 41
1.0
 50
0.0
 71
0
 42
2.5
  3
OpenSansCondensed-Bold.ttf
  4

  0
STYLE
  5
14C00
330
10500
100
AcDbSymbolTableRecord
100
AcDbTextStyleTableRecord
  2
OpenSansCondensed-Light
 70
0
 40
0.0
 41
1.0
 50
0.0
 71
0
 42
2.5
  3
OpenSansCondensed-Light.ttf
  4

  0
STYLE
  5
14D00
330
10500
100
AcDbSymbolTableRecord
100
AcDbTextStyleTableRecord
  2
OpenSansCondensed-Italic
 70
0
 40
0.0
 41
1.0
 50
0.0
 71
0
 42
2.5
  3
OpenSansCondensed-LightItalic.ttf
  4

  0
STYLE
  5
14E00
330
10500
100
AcDbSymbolTableRecord
100
AcDbTextStyleTableRecord
  2
LiberationSans
 70
0
 40
0.0
 41
1.0
 50
0.0
 71
0
 42
2.5
  3
LiberationSans-Regular.ttf
  4

  0
STYLE
  5
14F00
330
10500
100
AcDbSymbolTableRecord
100
AcDbTextStyleTableRecord
  2
LiberationSans-Bold
 70
0
 40
0.0
 41
1.0
 50
0.0
 71
0
 42
2.5
  3
LiberationSans-Bold.ttf
  4

  0
STYLE
  5
15000
330
10500
100
AcDbSymbolTableRecord
100
AcDbTextStyleTableRecord
  2
LiberationSans-BoldItalic
 70
0
 40
0.0
 41
1.0
 50
0.0
 71
0
 42
2.5
  3
LiberationSans-BoldItalic.ttf
  4

  0
STYLE
  5
15100
330
10500
100
AcDbSymbolTableRecord
100
AcDbTextStyleTableRecord
  2
LiberationSans-Italic
 70
0
 40
0.0
 41
1.0
 50
0.0
 71
0
 42
2.5
  3
LiberationSans-Italic.ttf
  4

  0
STYLE
  5
15200
330
10500
100
AcDbSymbolTableRecord
100
AcDbTextStyleTableRecord
  2
LiberationSerif
 70
0
 40
0.0
 41
1.0
 50
0.0
 71
0
 42
2.5
  3
LiberationSerif-Regular.ttf
  4

  0
STYLE
  5
15300
330
10500
100
AcDbSymbolTableRecord
100
AcDbTextStyleTableRecord
  2
LiberationSerif-Bold
 70
0
 40
0.0
 41
1.0
 50
0.0
 71
0
 42
2.5
  3
LiberationSerif-Bold.ttf
  4

  0
STYLE
  5
15400
330
10500
100
AcDbSymbolTableRecord
100
AcDbTextStyleTableRecord
  2
LiberationSerif-BoldItalic
 70
0
 40
0.0
 41
1.0
 50
0.0
 71
0
 42
2.5
  3
LiberationSerif-BoldItalic.ttf
  4

  0
STYLE
  5
15500
330
10500
100
AcDbSymbolTableRecord
100
AcDbTextStyleTableRecord
  2
LiberationSerif-Italic
 70
0
 40
0.0
 41
1.0
 50
0.0
 71
0
 42
2.5
  3
LiberationSerif-Italic.ttf
  4

  0
STYLE
  5
15600
330
10500
100
AcDbSymbolTableRecord
100
AcDbTextStyleTableRecord
  2
LiberationMono
 70
0
 40
0.0
 41
1.0
 50
0.0
 71
0
 42
2.5
  3
LiberationMono-Regular.ttf
  4

  0
STYLE
  5
15700
330
10500
100
AcDbSymbolTableRecord
100
AcDbTextStyleTableRecord
  2
LiberationMono-Bold
 70
0
 40
0.0
 41
1.0
 50
0.0
 71
0
 42
2.5
  3
LiberationMono-Bold.ttf
  4

  0
STYLE
  5
15800
330
10500
100
AcDbSymbolTableRecord
100
AcDbTextStyleTableRecord
  2
LiberationMono-BoldItalic
 70
0
 40
0.0
 41
1.0
 50
0.0
 71
0
 42
2.5
  3
LiberationMono-BoldItalic.ttf
  4

  0
STYLE
  5
15900
330
10500
100
AcDbSymbolTableRecord
100
AcDbTextStyleTableRecord
  2
LiberationMono-Italic
 70
0
 40
0.0
 41
1.0
 50
0.0
 71
0
 42
2.5
  3
LiberationMono-Italic.ttf
  4

  0
ENDTAB
  0
TABLE
  2
VIEW
  5
10700
330
0
100
AcDbSymbolTable
 70
0
  0
ENDTAB
  0
TABLE
  2
UCS
  5
10600
330
0
100
AcDbSymbolTable
 70
0
  0
ENDTAB
  0
TABLE
  2
APPID
  5
10300
330
0
100
AcDbSymbolTable
 70
5
  0
APPID
  5
12A00
330
10300
100
AcDbSymbolTableRecord
100
AcDbRegAppTableRecord
  2
ACAD
 70
0
  0
APPID
  5
18A00
330
10300
100
AcDbSymbolTableRecord
100
AcDbRegAppTableRecord
  2
JETIS
 70
0
  0
APPID
  5
B6B00
330
10300
100
AcDbSymbolTableRecord
100
AcDbRegAppTableRecord
  2
HATCHBACKGROUNDCOLOR
 70
0
  0
APPID
  5
B6C00
330
10300
100
AcDbSymbolTableRecord
100
AcDbRegAppTableRecord
  2
EZDXF
 70
0
  0
APPID
  5
BB100
330
10300
100
AcDbSymbolTableRecord
100
AcDbRegAppTableRecord
  2
JETIS_VPORT
 70
0
  0
ENDTAB
  0
TABLE
  2
DIMSTYLE
  5
10400
330
0
100
AcDbSymbolTable
 70
12
100
AcDbDimStyleTable
  0
DIMSTYLE
105
12B00
330
10400
100
AcDbSymbolTableRecord
100
AcDbDimStyleTableRecord
  2
Standard
 70
0
  3

  4

 40
1.0
 41
2.5
 42
0.625
 43
3.75
 44
1.25
 45
0.0
 46
0.0
 47
0.0
 48
0.0
140
2.5
141
2.5
142
0.0
143
0.03937007874
144
1.0
145
0.0
146
1.0
147
0.625
148
0.0
 71
0
 72
0
 73
0
 74
0
 75
0
 76
0
 77
1
 78
8
 79
3
170
0
171
3
172
1
173
0
174
0
175
0
176
0
177
0
178
0
179
2
271
2
272
2
273
2
274
3
275
0
276
0
277
2
278
44
279
0
280
0
281
0
282
0
283
0
284
8
285
0
286
0
288
0
289
3
371
-2
372
-2
  0
DIMSTYLE
105
17300
330
10400
100
AcDbSymbolTableRecord
100
AcDbDimStyleTableRecord
  2
EZDXF
 70
0
  3

  4

 40
1.0
 41
0.175
 42
0.125
 43
3.75
 44
0.375
 45
0.0
 46
0.0
 47
0.0
 48
0.0
140
0.25
141
2.5
142
0.0
143
0.03937007874
144
100.0
145
0.0
146
0.5
147
0.1
148
0.0
 71
0
 72
0
 73
0
 74
0
 75
0
 76
0
 77
1
 78
12
 79
3
170
0
171
3
172
1
173
0
174
0
175
0
176
0
177
0
178
0
179
2
271
2
272
2
273
2
274
3
275
0
276
0
277
2
278
46
279
2
280
0
281
0
282
0
283
0
284
8
285
0
286
0
288
1
289
3
340
14C00
342
17400
371
-2
372
-2
  0
DIMSTYLE
105
17C00
330
10400
100
AcDbSymbolTableRecord
100
AcDbDimStyleTableRecord
  2
EZ_M_100_H25_CM
 70
0
  3

  4

 40
1.0
 41
0.25
 42
0.125
 43
3.75
 44
0.375
 45
0.0
 46
0.0
 47
0.0
 48
0.0
140
0.25
141
2.5
142
0.125
143
0.03937007874
144
100.0
145
0.0
146
0.5
147
0.1
148
0.0
 71
0
 72
0
 73
0
 74
0
 75
0
 76
0
 77
1
 78
12
 79
3
170
0
171
3
172
1
173
0
174
0
175
0
176
0
177
0
178
0
179
2
271
2
272
2
273
2
274
3
275
0
276
0
277
2
278
46
279
2
280
0
281
0
282
0
283
0
284
8
285
0
286
0
288
1
289
3
340
14C00
371
-2
372
-2
  0
DIMSTYLE
105
17D00
330
10400
100
AcDbSymbolTableRecord
100
AcDbDimStyleTableRecord
  2
EZ_M_50_H25_CM
 70
0
  3

  4

 40
1.0
 41
0.125
 42
0.0625
 43
3.75
 44
0.1875
 45
0.0
 46
0.0
 47
0.0
 48
0.0
140
0.125
141
2.5
142
0.0625
143
0.03937007874
144
100.0
145
0.0
146
0.5
147
0.05
148
0.0
 71
0
 72
0
 73
0
 74
0
 75
0
 76
0
 77
1
 78
12
 79
3
170
0
171
3
172
1
173
0
174
0
175
0
176
0
177
0
178
0
179
2
271
2
272
2
273
2
274
3
275
0
276
0
277
2
278
46
279
2
280
0
281
0
282
0
283
0
284
8
285
0
286
0
288
1
289
3
340
14C00
371
-2
372
-2
  0
DIMSTYLE
105
17E00
330
10400
100
AcDbSymbolTableRecord
100
AcDbDimStyleTableRecord
  2
EZ_M_25_H25_CM
 70
0
  3

  4

 40
1.0
 41
0.0625
 42
0.03125
 43
3.75
 44
0.09375
 45
0.0
 46
0.0
 47
0.0
 48
0.0
140
0.0625
141
2.5
142
0.03125
143
0.03937007874
144
100.0
145
0.0
146
0.5
147
0.025
148
0.0
 71
0
 72
0
 73
0
 74
0
 75
0
 76
0
 77
1
 78
12
 79
3
170
0
171
3
172
1
173
0
174
0
175
0
176
0
177
0
178
0
179
2
271
2
272
2
273
2
274
3
275
0
276
0
277
2
278
46
279
2
280
0
281
0
282
0
283
0
284
8
285
0
286
0
288
1
289
3
340
14C00
371
-2
372
-2
  0
DIMSTYLE
105
17F00
330
10400
100
AcDbSymbolTableRecord
100
AcDbDimStyleTableRecord
  2
EZ_M_20_H25_CM
 70
0
  3

  4

 40
1.0
 41
0.05
 42
0.025
 43
3.75
 44
0.07500000000000001
 45
0.0
 46
0.0
 47
0.0
 48
0.0
140
0.05
141
2.5
142
0.025
143
0.03937007874
144
100.0
145
0.0
146
0.5
147
0.020000000000000004
148
0.0
 71
0
 72
0
 73
0
 74
0
 75
0
 76
0
 77
1
 78
12
 79
3
170
0
171
3
172
1
173
0
174
0
175
0
176
0
177
0
178
0
179
2
271
2
272
2
273
2
274
3
275
0
276
0
277
2
278
46
279
2
280
0
281
0
282
0
283
0
284
8
285
0
286
0
288
1
289
3
340
14C00
371
-2
372
-2
  0
DIMSTYLE
105
18000
330
10400
100
AcDbSymbolTableRecord
100
AcDbDimStyleTableRecord
  2
EZ_M_10_H25_CM
 70
0
  3

  4

 40
1.0
 41
0.025
 42
0.0125
 43
3.75
 44
0.037500000000000006
 45
0.0
 46
0.0
 47
0.0
 48
0.0
140
0.025
141
2.5
142
0.0125
143
0.03937007874
144
100.0
145
0.0
146
0.5
147
0.010000000000000002
148
0.0
 71
0
 72
0
 73
0
 74
0
 75
0
 76
0
 77
1
 78
12
 79
3
170
0
171
3
172
1
173
0
174
0
175
0
176
0
177
0
178
0
179
2
271
2
272
2
273
2
274
3
275
0
276
0
277
2
278
46
279
2
280
0
281
0
282
0
283
0
284
8
285
0
286
0
288
1
289
3
340
14C00
371
-2
372
-2
  0
DIMSTYLE
105
18100
330
10400
100
AcDbSymbolTableRecord
100
AcDbDimStyleTableRecord
  2
EZ_M_5_H25_CM
 70
0
  3

  4

 40
1.0
 41
0.0125
 42
0.00625
 43
3.75
 44
0.018750000000000003
 45
0.0
 46
0.0
 47
0.0
 48
0.0
140
0.0125
141
2.5
142
0.00625
143
0.03937007874
144
100.0
145
0.0
146
0.5
147
0.005000000000000001
148
0.0
 71
0
 72
0
 73
0
 74
0
 75
0
 76
0
 77
1
 78
12
 79
3
170
0
171
3
172
1
173
0
174
0
175
0
176
0
177
0
178
0
179
2
271
2
272
2
273
2
274
3
275
0
276
0
277
2
278
46
279
2
280
0
281
0
282
0
283
0
284
8
285
0
286
0
288
1
289
3
340
14C00
371
-2
372
-2
  0
DIMSTYLE
105
18200
330
10400
100
AcDbSymbolTableRecord
100
AcDbDimStyleTableRecord
  2
EZ_M_1_H25_CM
 70
0
  3

  4

 40
1.0
 41
0.0025
 42
0.00125
 43
3.75
 44
0.00375
 45
0.0
 46
0.0
 47
0.0
 48
0.0
140
0.0025
141
2.5
142
0.00125
143
0.03937007874
144
100.0
145
0.0
146
0.5
147
0.001
148
0.0
 71
0
 72
0
 73
0
 74
0
 75
0
 76
0
 77
1
 78
12
 79
3
170
0
171
3
172
1
173
0
174
0
175
0
176
0
177
0
178
0
179
2
271
2
272
2
273
2
274
3
275
0
276
0
277
2
278
46
279
2
280
0
281
0
282
0
283
0
284
8
285
0
286
0
288
1
289
3
340
14C00
371
-2
372
-2
  0
DIMSTYLE
105
18300
330
10400
100
AcDbSymbolTableRecord
100
AcDbDimStyleTableRecord
  2
EZ_RADIUS
 70
0
  3

  4

 40
1.0
 41
0.25
 42
0.125
 43
3.75
 44
0.375
 45
0.0
 46
0.0
 47
0.0
 48
0.0
140
0.25
141
0.0
142
0.0
143
0.03937007874
144
100.0
145
0.0
146
0.5
147
0.1
148
0.0
 71
0
 72
0
 73
0
 74
0
 75
0
 76
0
 77
1
 78
12
 79
3
170
0
171
3
172
0
173
0
174
0
175
0
176
0
177
0
178
0
179
2
271
2
272
2
273
2
274
3
275
0
276
0
277
2
278
46
279
1
280
0
281
0
282
0
283
0
284
8
285
0
286
0
288
1
289
3
340
14C00
342
18400
371
-2
372
-2
  0
DIMSTYLE
105
18800
330
10400
100
AcDbSymbolTableRecord
100
AcDbDimStyleTableRecord
  2
EZ_RADIUS_INSIDE
 70
0
  3

  4

 40
1.0
 41
0.25
 42
0.125
 43
3.75
 44
0.375
 45
0.0
 46
0.0
 47
0.0
 48
0.0
140
0.25
141
0.0
142
0.0
143
0.03937007874
144
100.0
145
0.0
146
0.5
147
0.1
148
0.0
 71
0
 72
0
 73
0
 74
0
 75
0
 76
0
 77
0
 78
12
 79
3
170
0
171
3
172
0
173
0
174
1
175
0
176
0
177
0
178
0
179
2
271
2
272
2
273
2
274
3
275
0
276
0
277
2
278
46
279
0
280
0
281
0
282
0
283
0
284
8
285
0
286
0
288
1
289
0
340
14C00
342
18400
371
-2
372
-2
  0
DIMSTYLE
105
18900
330
10400
100
AcDbSymbolTableRecord
100
AcDbDimStyleTableRecord
  2
EZ_CURVED
 70
0
  3

  4

 40
1.0
 41
0.25
 42
0.125
 43
3.75
 44
0.375
 45
0.0
 46
0.0
 47
0.0
 48
0.0
140
0.25
141
2.5
142
0.0
143
0.03937007874
144
100.0
145
0.0
146
0.5
147
0.1
148
0.0
 71
0
 72
0
 73
0
 74
0
 75
0
 76
0
 77
1
 78
12
 79
2
 90
2
170
0
171
3
172
1
173
0
174
0
175
0
176
0
177
0
178
0
179
2
271
2
272
2
273
2
274
3
275
0
276
0
277
2
278
46
279
2
280
0
281
0
282
0
283
0
284
8
285
0
286
0
288
1
289
3
340
14C00
371
-2
372
-2
  0
ENDTAB
  0
TABLE
  2
BLOCK_RECORD
  5
10900
330
0
100
AcDbSymbolTable
 70
44
  0
BLOCK_RECORD
  5
1F
330
10900
100
AcDbSymbolTableRecord
100
AcDbBlockTableRecord
  2
*Model_Space
340
11A00
  0
BLOCK_RECORD
  5
17400
330
10900
100
AcDbSymbolTableRecord
100
AcDbBlockTableRecord
  2
_ARCHTICK
340
0
  0
BLOCK_RECORD
  5
17800
330
10900
100
AcDbSymbolTableRecord
100
AcDbBlockTableRecord
  2
_CLOSEDFILLED
340
0
  0
BLOCK_RECORD
  5
18400
330
10900
100
AcDbSymbolTableRecord
100
AcDbBlockTableRecord
  2
_CLOSEDBLANK
340
0
  0
BLOCK_RECORD
  5
1F700
330
10900
100
AcDbSymbolTableRecord
100
AcDbBlockTableRecord
  2
*D1
340
0
  0
BLOCK_RECORD
  5
20C00
330
10900
100
AcDbSymbolTableRecord
100
AcDbBlockTableRecord
  2
*D2
340
0
  0
BLOCK_RECORD
  5
4AA00
330
10900
100
AcDbSymbolTableRecord
100
AcDbBlockTableRecord
  2
*D3
340
0
  0
BLOCK_RECORD
  5
4BF00
330
10900
100
AcDbSymbolTableRecord
100
AcDbBlockTableRecord
  2
*D4
340
0
  0
BLOCK_RECORD
  5
4D400
330
10900
100
AcDbSymbolTableRecord
100
AcDbBlockTableRecord
  2
*D5
340
0
  0
BLOCK_RECORD
  5
4E900
330
10900
100
AcDbSymbolTableRecord
100
AcDbBlockTableRecord
  2
*D6
340
0
  0
BLOCK_RECORD
  5
4FE00
330
10900
100
AcDbSymbolTableRecord
100
AcDbBlockTableRecord
  2
*D7
340
0
  0
BLOCK_RECORD
  5
51300
330
10900
100
AcDbSymbolTableRecord
100
AcDbBlockTableRecord
  2
*D8
340
0
  0
BLOCK_RECORD
  5
52800
330
10900
100
AcDbSymbolTableRecord
100
AcDbBlockTableRecord
  2
*D9
340
0
  0
BLOCK_RECORD
  5
53D00
330
10900
100
AcDbSymbolTableRecord
100
AcDbBlockTableRecord
  2
*D10
340
0
  0
BLOCK_RECORD
  5
55200
330
10900
100
AcDbSymbolTableRecord
100
AcDbBlockTableRecord
  2
*D11
340
0
  0
BLOCK_RECORD
  5
56700
330
10900
100
AcDbSymbolTableRecord
100
AcDbBlockTableRecord
  2
*D12
340
0
  0
BLOCK_RECORD
  5
5A000
330
10900
100
AcDbSymbolTableRecord
100
AcDbBlockTableRecord
  2
*Paper_Space1
340
5A300
  0
BLOCK_RECORD
  5
60300
330
10900
100
AcDbSymbolTableRecord
100
AcDbBlockTableRecord
  2
*D13
340
0
  0
BLOCK_RECORD
  5
61800
330
10900
100
AcDbSymbolTableRecord
100
AcDbBlockTableRecord
  2
*D14
340
0
  0
BLOCK_RECORD
  5
65300
330
10900
100
AcDbSymbolTableRecord
100
AcDbBlockTableRecord
  2
*D15
340
0
  0
BLOCK_RECORD
  5
66800
330
10900
100
AcDbSymbolTableRecord
100
AcDbBlockTableRecord
  2
*D16
340
0
  0
BLOCK_RECORD
  5
69C00
330
10900
100
AcDbSymbolTableRecord
100
AcDbBlockTableRecord
  2
*Paper_Space2
340
69F00
  0
BLOCK_RECORD
  5
74D00
330
10900
100
AcDbSymbolTableRecord
100
AcDbBlockTableRecord
  2
*D17
340
0
  0
BLOCK_RECORD
  5
76200
330
10900
100
AcDbSymbolTableRecord
100
AcDbBlockTableRecord
  2
*D18
340
0
  0
BLOCK_RECORD
  5
77700
330
10900
100
AcDbSymbolTableRecord
100
AcDbBlockTableRecord
  2
*D19
340
0
  0
BLOCK_RECORD
  5
7A600
330
10900
100
AcDbSymbolTableRecord
100
AcDbBlockTableRecord
  2
*Paper_Space3
340
7A900
  0
BLOCK_RECORD
  5
80800
330
10900
100
AcDbSymbolTableRecord
100
AcDbBlockTableRecord
  2
*D20
340
0
  0
BLOCK_RECORD
  5
85300
330
10900
100
AcDbSymbolTableRecord
100
AcDbBlockTableRecord
  2
*D21
340
0
  0
BLOCK_RECORD
  5
8D900
330
10900
100
AcDbSymbolTableRecord
100
AcDbBlockTableRecord
  2
*D22
340
0
  0
BLOCK_RECORD
  5
90500
330
10900
100
AcDbSymbolTableRecord
100
AcDbBlockTableRecord
  2
*D23
340
0
  0
BLOCK_RECORD
  5
93400
330
10900
100
AcDbSymbolTableRecord
100
AcDbBlockTableRecord
  2
*Paper_Space4
340
93700
  0
BLOCK_RECORD
  5
97F00
330
10900
100
AcDbSymbolTableRecord
100
AcDbBlockTableRecord
  2
*D24
340
0
  0
BLOCK_RECORD
  5
9C500
330
10900
100
AcDbSymbolTableRecord
100
AcDbBlockTableRecord
  2
*D25
340
0
  0
BLOCK_RECORD
  5
9E900
330
10900
100
AcDbSymbolTableRecord
100
AcDbBlockTableRecord
  2
*D26
340
0
  0
BLOCK_RECORD
  5
A0D00
330
10900
100
AcDbSymbolTableRecord
100
AcDbBlockTableRecord
  2
*D27
340
0
  0
BLOCK_RECORD
  5
A3E00
330
10900
100
AcDbSymbolTableRecord
100
AcDbBlockTableRecord
  2
*Paper_Space5
340
A4100
  0
BLOCK_RECORD
  5
A7600
330
10900
100
AcDbSymbolTableRecord
100
AcDbBlockTableRecord
  2
*D28
340
0
  0
BLOCK_RECORD
  5
A8B00
330
10900
100
AcDbSymbolTableRecord
100
AcDbBlockTableRecord
  2
*D29
340
0
  0
BLOCK_RECORD
  5
AF300
330
10900
100
AcDbSymbolTableRecord
100
AcDbBlockTableRecord
  2
*D30
340
0
  0
BLOCK_RECORD
  5
B0800
330
10900
100
AcDbSymbolTableRecord
100
AcDbBlockTableRecord
  2
*D31
340
0
  0
BLOCK_RECORD
  5
B2200
330
10900
100
AcDbSymbolTableRecord
100
AcDbBlockTableRecord
  2
*D32
340
0
  0
BLOCK_RECORD
  5
B3700
330
10900
100
AcDbSymbolTableRecord
100
AcDbBlockTableRecord
  2
*D33
340
0
  0
BLOCK_RECORD
  5
B6200
330
10900
100
AcDbSymbolTableRecord
100
AcDbBlockTableRecord
  2
*Paper_Space6
340
B6500
  0
BLOCK_RECORD
  5
24200
330
10900
100
AcDbSymbolTableRecord
100
AcDbBlockTableRecord
  2
*Paper_Space
340
24500
  0
ENDTAB
  0
ENDSEC
  0
SECTION
  2
BLOCKS
  0
BLOCK
  5
11800
330
1F
100
AcDbEntity
  8
0
100
AcDbBlockBegin
  2
*Model_Space
 70
0
 10
0.0
 20
0.0
 30
0.0
  3
*Model_Space
  1

  0
ENDBLK
  5
11900
330
1F
100
AcDbEntity
  8
0
100
AcDbBlockEnd
  0
BLOCK
  5
17500
330
17400
100
AcDbEntity
  8
0
100
AcDbBlockBegin
  2
_ARCHTICK
 70
0
 10
0.0
 20
0.0
 30
0.0
  3
_ARCHTICK
  1

  0
LWPOLYLINE
  5
17700
330
17400
100
AcDbEntity
  8
0
  6
BYBLOCK
 62
0
100
AcDbPolyline
 90
2
 70
0
 43
0.15
 10
-0.5
 20
-0.5
 10
0.5
 20
0.5
  0
ENDBLK
  5
17600
330
17400
100
AcDbEntity
  8
0
100
AcDbBlockEnd
  0
BLOCK
  5
17900
330
17800
100
AcDbEntity
  8
0
100
AcDbBlockBegin
  2
_CLOSEDFILLED
 70
0
 10
0.0
 20
0.0
 30
0.0
  3
_CLOSEDFILLED
  1

  0
SOLID
  5
17B00
330
17800
100
AcDbEntity
  8
0
  6
BYBLOCK
 62
0
100
AcDbTrace
 10
-1.0
 20
0.16439898372402537
 30
0.0
 11
0.0
 21
0.0
 31
0.0
 12
-1.0
 22
-0.16439898372402537
 32
0.0
 13
-1.0
 23
-0.16439898372402537
 33
0.0
  0
ENDBLK
  5
17A00
330
17800
100
AcDbEntity
  8
0
100
AcDbBlockEnd
  0
BLOCK
  5
18500
330
18400
100
AcDbEntity
  8
0
100
AcDbBlockBegin
  2
_CLOSEDBLANK
 70
0
 10
0.0
 20
0.0
 30
0.0
  3
_CLOSEDBLANK
  1

  0
LWPOLYLINE
  5
18700
330
18400
100
AcDbEntity
  8
0
  6
BYBLOCK
 62
0
100
AcDbPolyline
 90
3
 70
1
 10
-1.0
 20
0.16439898372402537
 10
0.0
 20
0.0
 10
-1.0
 20
-0.16439898372402537
  0
ENDBLK
  5
18600
330
18400
100
AcDbEntity
  8
0
100
AcDbBlockEnd
  0
BLOCK
  5
1F800
330
1F700
100
AcDbEntity
  8
0
100
AcDbBlockBegin
  2
*D1
 70
1
 10
0.0
 20
0.0
 30
0.0
  3
*D1
  1

  0
LINE
  5
1FA00
330
1F700
100
AcDbEntity
  8
0
 62
8
100
AcDbLine
 10
0.0
 20
-7.724193246748473
 30
0.0
 11
0.0
 21
-13.824193246748473
 31
0.0
  0
LINE
  5
1FB00
330
1F700
100
AcDbEntity
  8
0
 62
8
100
AcDbLine
 10
160.12874422382993
 20
-7.724193246748473
 30
0.0
 11
160.12874422382993
 21
-13.824193246748473
 31
0.0
  0
INSERT
  5
1FC00
330
1F700
100
AcDbEntity
  8
DIMENSION
 62
8
100
AcDbBlockReference
  2
_ARCHTICK
 10
0.0
 20
-13.424193246748473
 30
0.0
 41
0.4
 42
0.4
 50
180.0
  0
INSERT
  5
1FE00
330
1F700
100
AcDbEntity
  8
DIMENSION
 62
8
100
AcDbBlockReference
  2
_ARCHTICK
 10
160.12874422382993
 20
-13.424193246748473
 30
0.0
 41
0.4
 42
0.4
  0
LINE
  5
20000
330
1F700
100
AcDbEntity
  8
0
 62
8
100
AcDbLine
 10
0.0
 20
-13.424193246748473
 30
0.0
 11
160.12874422382993
 21
-13.424193246748473
 31
0.0
  0
MTEXT
  5
20100
330
1F700
100
AcDbEntity
  8
DIMENSION
 62
8
100
AcDbMText
 10
80.06437211191496
 20
-12.674193246748473
 30
0.0
 40
1.3
 71
5
  1
16012.87
  7
OpenSansCondensed-Light
  0
POINT
  5
20200
330
1F700
100
AcDbEntity
  8
Defpoints
100
AcDbPoint
 10
0.0
 20
-13.424193246748473
 30
0.0
  0
POINT
  5
20300
330
1F700
100
AcDbEntity
  8
Defpoints
100
AcDbPoint
 10
0.0
 20
-7.424193246748473
 30
0.0
  0
POINT
  5
20400
330
1F700
100
AcDbEntity
  8
Defpoints
100
AcDbPoint
 10
160.12874422382993
 20
-7.424193246748473
 30
0.0
  0
ENDBLK
  5
1F900
330
1F700
100
AcDbEntity
  8
0
100
AcDbBlockEnd
  0
BLOCK
  5
20D00
330
20C00
100
AcDbEntity
  8
0
100
AcDbBlockBegin
  2
*D2
 70
1
 10
0.0
 20
0.0
 30
0.0
  3
*D2
  1

  0
LINE
  5
20F00
330
20C00
100
AcDbEntity
  8
0
 62
8
100
AcDbLine
 10
-0.3
 20
-7.424193246748473
 30
0.0
 11
-7.4
 21
-7.424193246748473
 31
0.0
  0
LINE
  5
21000
330
20C00
100
AcDbEntity
  8
0
 62
8
100
AcDbLine
 10
-0.3
 20
141.64464181976973
 30
0.0
 11
-7.4
 21
141.64464181976973
 31
0.0
  0
INSERT
  5
21100
330
20C00
100
AcDbEntity
  8
DIMENSION
 62
8
100
AcDbBlockReference
  2
_ARCHTICK
 10
-7.0
 20
-7.424193246748473
 30
0.0
 41
0.4
 42
0.4
 50
270.0
  0
INSERT
  5
21300
330
20C00
100
AcDbEntity
  8
DIMENSION
 62
8
100
AcDbBlockReference
  2
_ARCHTICK
 10
-7.0
 20
141.64464181976973
 30
0.0
 41
0.4
 42
0.4
 50
90.0
  0
LINE
  5
21500
330
20C00
100
AcDbEntity
  8
0
 62
8
100
AcDbLine
 10
-7.0
 20
-7.424193246748473
 30
0.0
 11
-7.0
 21
141.64464181976973
 31
0.0
  0
MTEXT
  5
21600
330
20C00
100
AcDbEntity
  8
DIMENSION
 62
8
100
AcDbMText
 10
-7.75
 20
67.11022428651063
 30
0.0
 40
1.3
 71
5
  1
14906.88
  7
OpenSansCondensed-Light
 11
6.123233995736766e-17
 21
1.0
 31
0.0
  0
POINT
  5
21700
330
20C00
100
AcDbEntity
  8
Defpoints
100
AcDbPoint
 10
-7.0
 20
-7.424193246748473
 30
0.0
  0
POINT
  5
21800
330
20C00
100
AcDbEntity
  8
Defpoints
100
AcDbPoint
 10
0.0
 20
-7.424193246748473
 30
0.0
  0
POINT
  5
21900
330
20C00
100
AcDbEntity
  8
Defpoints
100
AcDbPoint
 10
0.0
 20
141.64464181976973
 30
0.0
  0
ENDBLK
  5
20E00
330
20C00
100
AcDbEntity
  8
0
100
AcDbBlockEnd
  0
BLOCK
  5
4AB00
330
4AA00
100
AcDbEntity
  8
0
100
AcDbBlockBegin
  2
*D3
 70
1
 10
0.0
 20
0.0
 30
0.0
  3
*D3
  1

  0
LINE
  5
4AD00
330
4AA00
100
AcDbEntity
  8
0
 62
8
100
AcDbLine
 10
629.4115304548031
 20
23.577261017672082
 30
0.0
 11
629.4115304548031
 21
20.49726101767208
 31
0.0
  0
LINE
  5
4AE00
330
4AA00
100
AcDbEntity
  8
0
 62
8
100
AcDbLine
 10
665.4115304548031
 20
23.577261017672082
 30
0.0
 11
665.4115304548031
 21
20.49726101767208
 31
0.0
  0
INSERT
  5
4AF00
330
4AA00
100
AcDbEntity
  8
DIMENSION
 62
8
100
AcDbBlockReference
  2
_ARCHTICK
 10
629.4115304548031
 20
20.81726101767208
 30
0.0
 41
0.32
 42
0.32
 50
180.0
  0
INSERT
  5
4B100
330
4AA00
100
AcDbEntity
  8
DIMENSION
 62
8
100
AcDbBlockReference
  2
_ARCHTICK
 10
665.4115304548031
 20
20.81726101767208
 30
0.0
 41
0.32
 42
0.32
  0
LINE
  5
4B300
330
4AA00
100
AcDbEntity
  8
0
 62
8
100
AcDbLine
 10
629.4115304548031
 20
20.81726101767208
 30
0.0
 11
665.4115304548031
 21
20.81726101767208
 31
0.0
  0
MTEXT
  5
4B400
330
4AA00
100
AcDbEntity
  8
DIMENSION
 62
8
100
AcDbMText
 10
647.4115304548031
 20
21.437261017672082
 30
0.0
 40
1.04
 71
5
  1
3600
  7
OpenSansCondensed-Light
  0
POINT
  5
4B500
330
4AA00
100
AcDbEntity
  8
Defpoints
100
AcDbPoint
 10
629.4115304548031
 20
20.81726101767208
 30
0.0
  0
POINT
  5
4B600
330
4AA00
100
AcDbEntity
  8
Defpoints
100
AcDbPoint
 10
629.4115304548031
 20
23.81726101767208
 30
0.0
  0
POINT
  5
4B700
330
4AA00
100
AcDbEntity
  8
Defpoints
100
AcDbPoint
 10
665.4115304548031
 20
23.81726101767208
 30
0.0
  0
ENDBLK
  5
4AC00
330
4AA00
100
AcDbEntity
  8
0
100
AcDbBlockEnd
  0
BLOCK
  5
4C000
330
4BF00
100
AcDbEntity
  8
0
100
AcDbBlockBegin
  2
*D4
 70
1
 10
0.0
 20
0.0
 30
0.0
  3
*D4
  1

  0
LINE
  5
4C200
330
4BF00
100
AcDbEntity
  8
0
 62
8
100
AcDbLine
 10
665.4115304548031
 20
23.577261017672082
 30
0.0
 11
665.4115304548031
 21
20.49726101767208
 31
0.0
  0
LINE
  5
4C300
330
4BF00
100
AcDbEntity
  8
0
 62
8
100
AcDbLine
 10
749.4115304548031
 20
23.577261017672082
 30
0.0
 11
749.4115304548031
 21
20.49726101767208
 31
0.0
  0
INSERT
  5
4C400
330
4BF00
100
AcDbEntity
  8
DIMENSION
 62
8
100
AcDbBlockReference
  2
_ARCHTICK
 10
665.4115304548031
 20
20.81726101767208
 30
0.0
 41
0.32
 42
0.32
 50
180.0
  0
INSERT
  5
4C600
330
4BF00
100
AcDbEntity
  8
DIMENSION
 62
8
100
AcDbBlockReference
  2
_ARCHTICK
 10
749.4115304548031
 20
20.81726101767208
 30
0.0
 41
0.32
 42
0.32
  0
LINE
  5
4C800
330
4BF00
100
AcDbEntity
  8
0
 62
8
100
AcDbLine
 10
665.4115304548031
 20
20.81726101767208
 30
0.0
 11
749.4115304548031
 21
20.81726101767208
 31
0.0
  0
MTEXT
  5
4C900
330
4BF00
100
AcDbEntity
  8
DIMENSION
 62
8
100
AcDbMText
 10
707.4115304548031
 20
21.437261017672082
 30
0.0
 40
1.04
 71
5
  1
8400
  7
OpenSansCondensed-Light
  0
POINT
  5
4CA00
330
4BF00
100
AcDbEntity
  8
Defpoints
100
AcDbPoint
 10
665.4115304548031
 20
20.81726101767208
 30
0.0
  0
POINT
  5
4CB00
330
4BF00
100
AcDbEntity
  8
Defpoints
100
AcDbPoint
 10
665.4115304548031
 20
23.81726101767208
 30
0.0
  0
POINT
  5
4CC00
330
4BF00
100
AcDbEntity
  8
Defpoints
100
AcDbPoint
 10
749.4115304548031
 20
23.81726101767208
 30
0.0
  0
ENDBLK
  5
4C100
330
4BF00
100
AcDbEntity
  8
0
100
AcDbBlockEnd
  0
BLOCK
  5
4D500
330
4D400
100
AcDbEntity
  8
0
100
AcDbBlockBegin
  2
*D5
 70
1
 10
0.0
 20
0.0
 30
0.0
  3
*D5
  1

  0
LINE
  5
4D700
330
4D400
100
AcDbEntity
  8
0
 62
8
100
AcDbLine
 10
629.4115304548031
 20
23.577261017672082
 30
0.0
 11
629.4115304548031
 21
16.49726101767208
 31
0.0
  0
LINE
  5
4D800
330
4D400
100
AcDbEntity
  8
0
 62
8
100
AcDbLine
 10
749.4115304548031
 20
23.577261017672082
 30
0.0
 11
749.4115304548031
 21
16.49726101767208
 31
0.0
  0
INSERT
  5
4D900
330
4D400
100
AcDbEntity
  8
DIMENSION
 62
8
100
AcDbBlockReference
  2
_ARCHTICK
 10
629.4115304548031
 20
16.81726101767208
 30
0.0
 41
0.32
 42
0.32
 50
180.0
  0
INSERT
  5
4DB00
330
4D400
100
AcDbEntity
  8
DIMENSION
 62
8
100
AcDbBlockReference
  2
_ARCHTICK
 10
749.4115304548031
 20
16.81726101767208
 30
0.0
 41
0.32
 42
0.32
  0
LINE
  5
4DD00
330
4D400
100
AcDbEntity
  8
0
 62
8
100
AcDbLine
 10
629.4115304548031
 20
16.81726101767208
 30
0.0
 11
749.4115304548031
 21
16.81726101767208
 31
0.0
  0
MTEXT
  5
4DE00
330
4D400
100
AcDbEntity
  8
DIMENSION
 62
8
100
AcDbMText
 10
689.4115304548031
 20
17.437261017672082
 30
0.0
 40
1.04
 71
5
  1
12000
  7
OpenSansCondensed-Light
  0
POINT
  5
4DF00
330
4D400
100
AcDbEntity
  8
Defpoints
100
AcDbPoint
 10
629.4115304548031
 20
16.81726101767208
 30
0.0
  0
POINT
  5
4E000
330
4D400
100
AcDbEntity
  8
Defpoints
100
AcDbPoint
 10
629.4115304548031
 20
23.81726101767208
 30
0.0
  0
POINT
  5
4E100
330
4D400
100
AcDbEntity
  8
Defpoints
100
AcDbPoint
 10
749.4115304548031
 20
23.81726101767208
 30
0.0
  0
ENDBLK
  5
4D600
330
4D400
100
AcDbEntity
  8
0
100
AcDbBlockEnd
  0
BLOCK
  5
4EA00
330
4E900
100
AcDbEntity
  8
0
100
AcDbBlockBegin
  2
*D6
 70
1
 10
0.0
 20
0.0
 30
0.0
  3
*D6
  1

  0
LINE
  5
4EC00
330
4E900
100
AcDbEntity
  8
0
 62
8
100
AcDbLine
 10
629.4115304548031
 20
84.05726101767208
 30
0.0
 11
629.4115304548031
 21
87.13726101767207
 31
0.0
  0
LINE
  5
4ED00
330
4E900
100
AcDbEntity
  8
0
 62
8
100
AcDbLine
 10
665.4115304548031
 20
84.05726101767208
 30
0.0
 11
665.4115304548031
 21
87.13726101767207
 31
0.0
  0
INSERT
  5
4EE00
330
4E900
100
AcDbEntity
  8
DIMENSION
 62
8
100
AcDbBlockReference
  2
_ARCHTICK
 10
629.4115304548031
 20
86.81726101767208
 30
0.0
 41
0.32
 42
0.32
 50
180.0
  0
INSERT
  5
4F000
330
4E900
100
AcDbEntity
  8
DIMENSION
 62
8
100
AcDbBlockReference
  2
_ARCHTICK
 10
665.4115304548031
 20
86.81726101767208
 30
0.0
 41
0.32
 42
0.32
  0
LINE
  5
4F200
330
4E900
100
AcDbEntity
  8
0
 62
8
100
AcDbLine
 10
629.4115304548031
 20
86.81726101767208
 30
0.0
 11
665.4115304548031
 21
86.81726101767208
 31
0.0
  0
MTEXT
  5
4F300
330
4E900
100
AcDbEntity
  8
DIMENSION
 62
8
100
AcDbMText
 10
647.4115304548031
 20
87.43726101767209
 30
0.0
 40
1.04
 71
5
  1
3600
  7
OpenSansCondensed-Light
  0
POINT
  5
4F400
330
4E900
100
AcDbEntity
  8
Defpoints
100
AcDbPoint
 10
629.4115304548031
 20
86.81726101767208
 30
0.0
  0
POINT
  5
4F500
330
4E900
100
AcDbEntity
  8
Defpoints
100
AcDbPoint
 10
629.4115304548031
 20
83.81726101767208
 30
0.0
  0
POINT
  5
4F600
330
4E900
100
AcDbEntity
  8
Defpoints
100
AcDbPoint
 10
665.4115304548031
 20
83.81726101767208
 30
0.0
  0
ENDBLK
  5
4EB00
330
4E900
100
AcDbEntity
  8
0
100
AcDbBlockEnd
  0
BLOCK
  5
4FF00
330
4FE00
100
AcDbEntity
  8
0
100
AcDbBlockBegin
  2
*D7
 70
1
 10
0.0
 20
0.0
 30
0.0
  3
*D7
  1

  0
LINE
  5
50100
330
4FE00
100
AcDbEntity
  8
0
 62
8
100
AcDbLine
 10
665.4115304548031
 20
84.05726101767208
 30
0.0
 11
665.4115304548031
 21
87.13726101767207
 31
0.0
  0
LINE
  5
50200
330
4FE00
100
AcDbEntity
  8
0
 62
8
100
AcDbLine
 10
743.4115304548031
 20
84.05726101767208
 30
0.0
 11
743.4115304548031
 21
87.13726101767207
 31
0.0
  0
INSERT
  5
50300
330
4FE00
100
AcDbEntity
  8
DIMENSION
 62
8
100
AcDbBlockReference
  2
_ARCHTICK
 10
665.4115304548031
 20
86.81726101767208
 30
0.0
 41
0.32
 42
0.32
 50
180.0
  0
INSERT
  5
50500
330
4FE00
100
AcDbEntity
  8
DIMENSION
 62
8
100
AcDbBlockReference
  2
_ARCHTICK
 10
743.4115304548031
 20
86.81726101767208
 30
0.0
 41
0.32
 42
0.32
  0
LINE
  5
50700
330
4FE00
100
AcDbEntity
  8
0
 62
8
100
AcDbLine
 10
665.4115304548031
 20
86.81726101767208
 30
0.0
 11
743.4115304548031
 21
86.81726101767208
 31
0.0
  0
MTEXT
  5
50800
330
4FE00
100
AcDbEntity
  8
DIMENSION
 62
8
100
AcDbMText
 10
704.4115304548031
 20
87.43726101767209
 30
0.0
 40
1.04
 71
5
  1
7800
  7
OpenSansCondensed-Light
  0
POINT
  5
50900
330
4FE00
100
AcDbEntity
  8
Defpoints
100
AcDbPoint
 10
665.4115304548031
 20
86.81726101767208
 30
0.0
  0
POINT
  5
50A00
330
4FE00
100
AcDbEntity
  8
Defpoints
100
AcDbPoint
 10
665.4115304548031
 20
83.81726101767208
 30
0.0
  0
POINT
  5
50B00
330
4FE00
100
AcDbEntity
  8
Defpoints
100
AcDbPoint
 10
743.4115304548031
 20
83.81726101767208
 30
0.0
  0
ENDBLK
  5
50000
330
4FE00
100
AcDbEntity
  8
0
100
AcDbBlockEnd
  0
BLOCK
  5
51400
330
51300
100
AcDbEntity
  8
0
100
AcDbBlockBegin
  2
*D8
 70
1
 10
0.0
 20
0.0
 30
0.0
  3
*D8
  1

  0
LINE
  5
51600
330
51300
100
AcDbEntity
  8
0
 62
8
100
AcDbLine
 10
629.1715304548031
 20
23.81726101767208
 30
0.0
 11
625.0915304548031
 21
23.81726101767208
 31
0.0
  0
LINE
  5
51700
330
51300
100
AcDbEntity
  8
0
 62
8
100
AcDbLine
 10
629.1715304548031
 20
53.81726101767208
 30
0.0
 11
625.0915304548031
 21
53.81726101767208
 31
0.0
  0
INSERT
  5
51800
330
51300
100
AcDbEntity
  8
DIMENSION
 62
8
100
AcDbBlockReference
  2
_ARCHTICK
 10
625.4115304548031
 20
23.81726101767208
 30
0.0
 41
0.32
 42
0.32
 50
270.0
  0
INSERT
  5
51A00
330
51300
100
AcDbEntity
  8
DIMENSION
 62
8
100
AcDbBlockReference
  2
_ARCHTICK
 10
625.4115304548031
 20
53.81726101767208
 30
0.0
 41
0.32
 42
0.32
 50
90.0
  0
LINE
  5
51C00
330
51300
100
AcDbEntity
  8
0
 62
8
100
AcDbLine
 10
625.4115304548031
 20
23.81726101767208
 30
0.0
 11
625.4115304548031
 21
53.81726101767208
 31
0.0
  0
MTEXT
  5
51D00
330
51300
100
AcDbEntity
  8
DIMENSION
 62
8
100
AcDbMText
 10
624.7915304548031
 20
38.81726101767208
 30
0.0
 40
1.04
 71
5
  1
3000
  7
OpenSansCondensed-Light
 11
6.123233995736766e-17
 21
1.0
 31
0.0
  0
POINT
  5
51E00
330
51300
100
AcDbEntity
  8
Defpoints
100
AcDbPoint
 10
625.4115304548031
 20
23.81726101767208
 30
0.0
  0
POINT
  5
51F00
330
51300
100
AcDbEntity
  8
Defpoints
100
AcDbPoint
 10
629.4115304548031
 20
23.81726101767208
 30
0.0
  0
POINT
  5
52000
330
51300
100
AcDbEntity
  8
Defpoints
100
AcDbPoint
 10
629.4115304548031
 20
53.81726101767208
 30
0.0
  0
ENDBLK
  5
51500
330
51300
100
AcDbEntity
  8
0
100
AcDbBlockEnd
  0
BLOCK
  5
52900
330
52800
100
AcDbEntity
  8
0
100
AcDbBlockBegin
  2
*D9
 70
1
 10
0.0
 20
0.0
 30
0.0
  3
*D9
  1

  0
LINE
  5
52B00
330
52800
100
AcDbEntity
  8
0
 62
8
100
AcDbLine
 10
629.1715304548031
 20
53.81726101767208
 30
0.0
 11
625.0915304548031
 21
53.81726101767208
 31
0.0
  0
LINE
  5
52C00
330
52800
100
AcDbEntity
  8
0
 62
8
100
AcDbLine
 10
629.1715304548031
 20
83.81726101767208
 30
0.0
 11
625.0915304548031
 21
83.81726101767208
 31
0.0
  0
INSERT
  5
52D00
330
52800
100
AcDbEntity
  8
DIMENSION
 62
8
100
AcDbBlockReference
  2
_ARCHTICK
 10
625.4115304548031
 20
53.81726101767208
 30
0.0
 41
0.32
 42
0.32
 50
270.0
  0
INSERT
  5
52F00
330
52800
100
AcDbEntity
  8
DIMENSION
 62
8
100
AcDbBlockReference
  2
_ARCHTICK
 10
625.4115304548031
 20
83.81726101767208
 30
0.0
 41
0.32
 42
0.32
 50
90.0
  0
LINE
  5
53100
330
52800
100
AcDbEntity
  8
0
 62
8
100
AcDbLine
 10
625.4115304548031
 20
53.81726101767208
 30
0.0
 11
625.4115304548031
 21
83.81726101767208
 31
0.0
  0
MTEXT
  5
53200
330
52800
100
AcDbEntity
  8
DIMENSION
 62
8
100
AcDbMText
 10
624.7915304548031
 20
68.81726101767208
 30
0.0
 40
1.04
 71
5
  1
3000
  7
OpenSansCondensed-Light
 11
6.123233995736766e-17
 21
1.0
 31
0.0
  0
POINT
  5
53300
330
52800
100
AcDbEntity
  8
Defpoints
100
AcDbPoint
 10
625.4115304548031
 20
53.81726101767208
 30
0.0
  0
POINT
  5
53400
330
52800
100
AcDbEntity
  8
Defpoints
100
AcDbPoint
 10
629.4115304548031
 20
53.81726101767208
 30
0.0
  0
POINT
  5
53500
330
52800
100
AcDbEntity
  8
Defpoints
100
AcDbPoint
 10
629.4115304548031
 20
83.81726101767208
 30
0.0
  0
ENDBLK
  5
52A00
330
52800
100
AcDbEntity
  8
0
100
AcDbBlockEnd
  0
BLOCK
  5
53E00
330
53D00
100
AcDbEntity
  8
0
100
AcDbBlockBegin
  2
*D10
 70
1
 10
0.0
 20
0.0
 30
0.0
  3
*D10
  1

  0
LINE
  5
54000
330
53D00
100
AcDbEntity
  8
0
 62
8
100
AcDbLine
 10
653.4115304465213
 20
103.57726101792129
 30
0.0
 11
653.4115304465213
 21
99.49726101792129
 31
0.0
  0
LINE
  5
54100
330
53D00
100
AcDbEntity
  8
0
 62
8
100
AcDbLine
 10
737.4115304465213
 20
103.57726101792129
 30
0.0
 11
737.4115304465213
 21
99.49726101792129
 31
0.0
  0
INSERT
  5
54200
330
53D00
100
AcDbEntity
  8
DIMENSION
 62
8
100
AcDbBlockReference
  2
_ARCHTICK
 10
653.4115304465213
 20
99.81726101792128
 30
0.0
 41
0.32
 42
0.32
 50
180.0
  0
INSERT
  5
54400
330
53D00
100
AcDbEntity
  8
DIMENSION
 62
8
100
AcDbBlockReference
  2
_ARCHTICK
 10
737.4115304465213
 20
99.81726101792128
 30
0.0
 41
0.32
 42
0.32
  0
LINE
  5
54600
330
53D00
100
AcDbEntity
  8
0
 62
8
100
AcDbLine
 10
653.4115304465213
 20
99.81726101792128
 30
0.0
 11
737.4115304465213
 21
99.81726101792128
 31
0.0
  0
MTEXT
  5
54700
330
53D00
100
AcDbEntity
  8
DIMENSION
 62
8
100
AcDbMText
 10
695.4115304465213
 20
100.43726101792129
 30
0.0
 40
1.04
 71
5
  1
8400
  7
OpenSansCondensed-Light
  0
POINT
  5
54800
330
53D00
100
AcDbEntity
  8
Defpoints
100
AcDbPoint
 10
653.4115304465213
 20
99.81726101792128
 30
0.0
  0
POINT
  5
54900
330
53D00
100
AcDbEntity
  8
Defpoints
100
AcDbPoint
 10
653.4115304465213
 20
103.81726101792128
 30
0.0
  0
POINT
  5
54A00
330
53D00
100
AcDbEntity
  8
Defpoints
100
AcDbPoint
 10
737.4115304465213
 20
103.81726101792128
 30
0.0
  0
ENDBLK
  5
53F00
330
53D00
100
AcDbEntity
  8
0
100
AcDbBlockEnd
  0
BLOCK
  5
55300
330
55200
100
AcDbEntity
  8
0
100
AcDbBlockBegin
  2
*D11
 70
1
 10
0.0
 20
0.0
 30
0.0
  3
*D11
  1

  0
LINE
  5
55500
330
55200
100
AcDbEntity
  8
0
 62
8
100
AcDbLine
 10
653.1715304465213
 20
103.81726101792128
 30
0.0
 11
649.0915304465212
 21
103.81726101792128
 31
0.0
  0
LINE
  5
55600
330
55200
100
AcDbEntity
  8
0
 62
8
100
AcDbLine
 10
653.1715304465213
 20
139.81726101792128
 30
0.0
 11
649.0915304465212
 21
139.81726101792128
 31
0.0
  0
INSERT
  5
55700
330
55200
100
AcDbEntity
  8
DIMENSION
 62
8
100
AcDbBlockReference
  2
_ARCHTICK
 10
649.4115304465213
 20
103.81726101792128
 30
0.0
 41
0.32
 42
0.32
 50
270.0
  0
INSERT
  5
55900
330
55200
100
AcDbEntity
  8
DIMENSION
 62
8
100
AcDbBlockReference
  2
_ARCHTICK
 10
649.4115304465213
 20
139.81726101792128
 30
0.0
 41
0.32
 42
0.32
 50
90.0
  0
LINE
  5
55B00
330
55200
100
AcDbEntity
  8
0
 62
8
100
AcDbLine
 10
649.4115304465213
 20
103.81726101792128
 30
0.0
 11
649.4115304465213
 21
139.81726101792128
 31
0.0
  0
MTEXT
  5
55C00
330
55200
100
AcDbEntity
  8
DIMENSION
 62
8
100
AcDbMText
 10
648.7915304465213
 20
121.81726101792128
 30
0.0
 40
1.04
 71
5
  1
3600
  7
OpenSansCondensed-Light
 11
6.123233995736766e-17
 21
1.0
 31
0.0
  0
POINT
  5
55D00
330
55200
100
AcDbEntity
  8
Defpoints
100
AcDbPoint
 10
649.4115304465213
 20
103.81726101792128
 30
0.0
  0
POINT
  5
55E00
330
55200
100
AcDbEntity
  8
Defpoints
100
AcDbPoint
 10
653.4115304465213
 20
103.81726101792128
 30
0.0
  0
POINT
  5
55F00
330
55200
100
AcDbEntity
  8
Defpoints
100
AcDbPoint
 10
653.4115304465213
 20
139.81726101792128
 30
0.0
  0
ENDBLK
  5
55400
330
55200
100
AcDbEntity
  8
0
100
AcDbBlockEnd
  0
BLOCK
  5
56800
330
56700
100
AcDbEntity
  8
0
100
AcDbBlockBegin
  2
*D12
 70
1
 10
0.0
 20
0.0
 30
0.0
  3
*D12
  1

  0
LINE
  5
56A00
330
56700
100
AcDbEntity
  8
0
 62
8
100
AcDbLine
 10
741.1715304465213
 20
103.81726101792128
 30
0.0
 11
741.0915304465212
 21
103.81726101792128
 31
0.0
  0
LINE
  5
56B00
330
56700
100
AcDbEntity
  8
0
 62
8
100
AcDbLine
 10
741.1715304465213
 20
133.81726101792128
 30
0.0
 11
741.0915304465212
 21
133.81726101792128
 31
0.0
  0
INSERT
  5
56C00
330
56700
100
AcDbEntity
  8
DIMENSION
 62
8
100
AcDbBlockReference
  2
_ARCHTICK
 10
741.4115304465213
 20
103.81726101792128
 30
0.0
 41
0.32
 42
0.32
 50
270.0
  0
INSERT
  5
56E00
330
56700
100
AcDbEntity
  8
DIMENSION
 62
8
100
AcDbBlockReference
  2
_ARCHTICK
 10
741.4115304465213
 20
133.81726101792128
 30
0.0
 41
0.32
 42
0.32
 50
90.0
  0
LINE
  5
57000
330
56700
100
AcDbEntity
  8
0
 62
8
100
AcDbLine
 10
741.4115304465213
 20
103.81726101792128
 30
0.0
 11
741.4115304465213
 21
133.81726101792128
 31
0.0
  0
MTEXT
  5
57100
330
56700
100
AcDbEntity
  8
DIMENSION
 62
8
100
AcDbMText
 10
740.7915304465213
 20
118.81726101792128
 30
0.0
 40
1.04
 71
5
  1
3000
  7
OpenSansCondensed-Light
 11
6.123233995736766e-17
 21
1.0
 31
0.0
  0
POINT
  5
57200
330
56700
100
AcDbEntity
  8
Defpoints
100
AcDbPoint
 10
741.4115304465213
 20
103.81726101792128
 30
0.0
  0
POINT
  5
57300
330
56700
100
AcDbEntity
  8
Defpoints
100
AcDbPoint
 10
741.4115304465213
 20
103.81726101792128
 30
0.0
  0
POINT
  5
57400
330
56700
100
AcDbEntity
  8
Defpoints
100
AcDbPoint
 10
741.4115304465213
 20
133.81726101792128
 30
0.0
  0
ENDBLK
  5
56900
330
56700
100
AcDbEntity
  8
0
100
AcDbBlockEnd
  0
BLOCK
  5
5A100
330
5A000
100
AcDbEntity
  8
0
100
AcDbBlockBegin
  2
*Paper_Space1
 70
0
 10
0.0
 20
0.0
 30
0.0
  3
*Paper_Space1
  1

  0
VIEWPORT
  5
5A400
330
5A000
100
AcDbEntity
 67
1
  8
VIEWPORTS
100
AcDbViewport
 10
420.5
 20
297.0
 30
0.0
 40
925.1
 41
653.4000000000001
 68
1
 69
1
 12
420.5
 22
297.0
 13
0.0
 23
0.0
 14
10.0
 24
10.0
 15
10.0
 25
10.0
 16
0.0
 26
0.0
 36
1.0
 17
0.0
 27
0.0
 37
0.0
 42
50.0
 43
0.0
 44
0.0
 45
653.4000000000001
 50
0.0
 51
0.0
 72
100
 90
557088
  1

281
0
 71
0
 74
0
110
0.0
120
0.0
130
0.0
111
1.0
121
0.0
131
0.0
112
0.0
122
1.0
132
0.0
 79
0
146
0.0
1001
JETIS_VPORT
1000
R02 viewport authoring metadata
1070
1
1070
1
  0
VIEWPORT
  5
5A500
330
5A000
100
AcDbEntity
 67
1
  8
0
100
AcDbViewport
 10
420.5
 20
297.0
 30
0.0
 40
841.0
 41
594.0
 68
2
 69
3
 12
764.8115304548032
 22
84.21726101767207
 13
0.0
 23
0.0
 14
10.0
 24
10.0
 15
10.0
 25
10.0
 16
0.0
 26
0.0
 36
1.0
 17
0.0
 27
0.0
 37
0.0
 42
50.0
 43
0.0
 44
0.0
 45
237.6
 50
0.0
 51
0.0
 72
100
 90
0
  1

281
0
 71
0
 74
0
110
0.0
120
0.0
130
0.0
111
1.0
121
0.0
131
0.0
112
0.0
122
1.0
132
0.0
 79
0
146
0.0
1001
JETIS_VPORT
1000
R02 viewport authoring metadata
1070
3
1070
2
  0
ENDBLK
  5
5A200
330
5A000
100
AcDbEntity
  8
0
100
AcDbBlockEnd
  0
BLOCK
  5
60400
330
60300
100
AcDbEntity
  8
0
100
AcDbBlockBegin
  2
*D13
 70
1
 10
0.0
 20
0.0
 30
0.0
  3
*D13
  1

  0
LINE
  5
60600
330
60300
100
AcDbEntity
  8
0
 62
8
100
AcDbLine
 10
29.41153045480314
 20
-376.3327389823279
 30
0.0
 11
29.41153045480314
 21
-380.3827389823279
 31
0.0
  0
LINE
  5
60700
330
60300
100
AcDbEntity
  8
0
 62
8
100
AcDbLine
 10
149.41153045480314
 20
-376.3327389823279
 30
0.0
 11
149.41153045480314
 21
-380.3827389823279
 31
0.0
  0
INSERT
  5
60800
330
60300
100
AcDbEntity
  8
DIMENSION
 62
8
100
AcDbBlockReference
  2
_ARCHTICK
 10
29.41153045480314
 20
-380.1827389823279
 30
0.0
 41
0.2
 42
0.2
 50
180.0
  0
INSERT
  5
60A00
330
60300
100
AcDbEntity
  8
DIMENSION
 62
8
100
AcDbBlockReference
  2
_ARCHTICK
 10
149.41153045480314
 20
-380.1827389823279
 30
0.0
 41
0.2
 42
0.2
  0
LINE
  5
60C00
330
60300
100
AcDbEntity
  8
0
 62
8
100
AcDbLine
 10
29.41153045480314
 20
-380.1827389823279
 30
0.0
 11
149.41153045480314
 21
-380.1827389823279
 31
0.0
  0
MTEXT
  5
60D00
330
60300
100
AcDbEntity
  8
DIMENSION
 62
8
100
AcDbMText
 10
89.41153045480314
 20
-379.7577389823279
 30
0.0
 40
0.65
 71
5
  1
12000
  7
OpenSansCondensed-Light
  0
POINT
  5
60E00
330
60300
100
AcDbEntity
  8
Defpoints
100
AcDbPoint
 10
29.41153045480314
 20
-380.1827389823279
 30
0.0
  0
POINT
  5
60F00
330
60300
100
AcDbEntity
  8
Defpoints
100
AcDbPoint
 10
29.41153045480314
 20
-376.1827389823279
 30
0.0
  0
POINT
  5
61000
330
60300
100
AcDbEntity
  8
Defpoints
100
AcDbPoint
 10
149.41153045480314
 20
-376.1827389823279
 30
0.0
  0
ENDBLK
  5
60500
330
60300
100
AcDbEntity
  8
0
100
AcDbBlockEnd
  0
BLOCK
  5
61900
330
61800
100
AcDbEntity
  8
0
100
AcDbBlockBegin
  2
*D14
 70
1
 10
0.0
 20
0.0
 30
0.0
  3
*D14
  1

  0
LINE
  5
61B00
330
61800
100
AcDbEntity
  8
0
 62
8
100
AcDbLine
 10
29.261530454803143
 20
-376.1827389823279
 30
0.0
 11
25.211530454803142
 21
-376.1827389823279
 31
0.0
  0
LINE
  5
61C00
330
61800
100
AcDbEntity
  8
0
 62
8
100
AcDbLine
 10
29.261530454803143
 20
-346.1827389823279
 30
0.0
 11
25.211530454803142
 21
-346.1827389823279
 31
0.0
  0
INSERT
  5
61D00
330
61800
100
AcDbEntity
  8
DIMENSION
 62
8
100
AcDbBlockReference
  2
_ARCHTICK
 10
25.41153045480314
 20
-376.1827389823279
 30
0.0
 41
0.2
 42
0.2
 50
270.0
  0
INSERT
  5
61F00
330
61800
100
AcDbEntity
  8
DIMENSION
 62
8
100
AcDbBlockReference
  2
_ARCHTICK
 10
25.41153045480314
 20
-346.1827389823279
 30
0.0
 41
0.2
 42
0.2
 50
90.0
  0
LINE
  5
62100
330
61800
100
AcDbEntity
  8
0
 62
8
100
AcDbLine
 10
25.41153045480314
 20
-376.1827389823279
 30
0.0
 11
25.41153045480314
 21
-346.1827389823279
 31
0.0
  0
MTEXT
  5
62200
330
61800
100
AcDbEntity
  8
DIMENSION
 62
8
100
AcDbMText
 10
24.98653045480314
 20
-361.1827389823279
 30
0.0
 40
0.65
 71
5
  1
3000
  7
OpenSansCondensed-Light
 11
6.123233995736766e-17
 21
1.0
 31
0.0
  0
POINT
  5
62300
330
61800
100
AcDbEntity
  8
Defpoints
100
AcDbPoint
 10
25.41153045480314
 20
-376.1827389823279
 30
0.0
  0
POINT
  5
62400
330
61800
100
AcDbEntity
  8
Defpoints
100
AcDbPoint
 10
29.41153045480314
 20
-376.1827389823279
 30
0.0
  0
POINT
  5
62500
330
61800
100
AcDbEntity
  8
Defpoints
100
AcDbPoint
 10
29.41153045480314
 20
-346.1827389823279
 30
0.0
  0
ENDBLK
  5
61A00
330
61800
100
AcDbEntity
  8
0
100
AcDbBlockEnd
  0
BLOCK
  5
65400
330
65300
100
AcDbEntity
  8
0
100
AcDbBlockBegin
  2
*D15
 70
1
 10
0.0
 20
0.0
 30
0.0
  3
*D15
  1

  0
LINE
  5
65600
330
65300
100
AcDbEntity
  8
0
 62
8
100
AcDbLine
 10
10029.411530454803
 20
9623.757261017672
 30
0.0
 11
10029.411530454803
 21
9622.437261017672
 31
0.0
  0
LINE
  5
65700
330
65300
100
AcDbEntity
  8
0
 62
8
100
AcDbLine
 10
10041.411530454803
 20
9623.757261017672
 30
0.0
 11
10041.411530454803
 21
9622.437261017672
 31
0.0
  0
INSERT
  5
65800
330
65300
100
AcDbEntity
  8
DIMENSION
 62
8
100
AcDbBlockReference
  2
_ARCHTICK
 10
10029.411530454803
 20
9622.517261017672
 30
0.0
 41
0.08
 42
0.08
 50
180.0
  0
INSERT
  5
65A00
330
65300
100
AcDbEntity
  8
DIMENSION
 62
8
100
AcDbBlockReference
  2
_ARCHTICK
 10
10041.411530454803
 20
9622.517261017672
 30
0.0
 41
0.08
 42
0.08
  0
LINE
  5
65C00
330
65300
100
AcDbEntity
  8
0
 62
8
100
AcDbLine
 10
10029.411530454803
 20
9622.517261017672
 30
0.0
 11
10041.411530454803
 21
9622.517261017672
 31
0.0
  0
MTEXT
  5
65D00
330
65300
100
AcDbEntity
  8
DIMENSION
 62
8
100
AcDbMText
 10
10035.411530454803
 20
9622.747261017672
 30
0.0
 40
0.26
 71
5
  1
1200
  7
OpenSansCondensed-Light
  0
POINT
  5
65E00
330
65300
100
AcDbEntity
  8
Defpoints
100
AcDbPoint
 10
10029.411530454803
 20
9622.517261017672
 30
0.0
  0
POINT
  5
65F00
330
65300
100
AcDbEntity
  8
Defpoints
100
AcDbPoint
 10
10029.411530454803
 20
9623.817261017672
 30
0.0
  0
POINT
  5
66000
330
65300
100
AcDbEntity
  8
Defpoints
100
AcDbPoint
 10
10041.411530454803
 20
9623.817261017672
 30
0.0
  0
ENDBLK
  5
65500
330
65300
100
AcDbEntity
  8
0
100
AcDbBlockEnd
  0
BLOCK
  5
66900
330
66800
100
AcDbEntity
  8
0
100
AcDbBlockBegin
  2
*D16
 70
1
 10
0.0
 20
0.0
 30
0.0
  3
*D16
  1

  0
LINE
  5
66B00
330
66800
100
AcDbEntity
  8
0
 62
8
100
AcDbLine
 10
10029.351530454804
 20
9623.817261017672
 30
0.0
 11
10028.031530454804
 21
9623.817261017672
 31
0.0
  0
LINE
  5
66C00
330
66800
100
AcDbEntity
  8
0
 62
8
100
AcDbLine
 10
10029.351530454804
 20
9635.817261017672
 30
0.0
 11
10028.031530454804
 21
9635.817261017672
 31
0.0
  0
INSERT
  5
66D00
330
66800
100
AcDbEntity
  8
DIMENSION
 62
8
100
AcDbBlockReference
  2
_ARCHTICK
 10
10028.111530454804
 20
9623.817261017672
 30
0.0
 41
0.08
 42
0.08
 50
270.0
  0
INSERT
  5
66F00
330
66800
100
AcDbEntity
  8
DIMENSION
 62
8
100
AcDbBlockReference
  2
_ARCHTICK
 10
10028.111530454804
 20
9635.817261017672
 30
0.0
 41
0.08
 42
0.08
 50
90.0
  0
LINE
  5
67100
330
66800
100
AcDbEntity
  8
0
 62
8
100
AcDbLine
 10
10028.111530454804
 20
9623.817261017672
 30
0.0
 11
10028.111530454804
 21
9635.817261017672
 31
0.0
  0
MTEXT
  5
67200
330
66800
100
AcDbEntity
  8
DIMENSION
 62
8
100
AcDbMText
 10
10027.881530454804
 20
9629.817261017672
 30
0.0
 40
0.26
 71
5
  1
1200
  7
OpenSansCondensed-Light
 11
6.123233995736766e-17
 21
1.0
 31
0.0
  0
POINT
  5
67300
330
66800
100
AcDbEntity
  8
Defpoints
100
AcDbPoint
 10
10028.111530454804
 20
9623.817261017672
 30
0.0
  0
POINT
  5
67400
330
66800
100
AcDbEntity
  8
Defpoints
100
AcDbPoint
 10
10029.411530454803
 20
9623.817261017672
 30
0.0
  0
POINT
  5
67500
330
66800
100
AcDbEntity
  8
Defpoints
100
AcDbPoint
 10
10029.411530454803
 20
9635.817261017672
 30
0.0
  0
ENDBLK
  5
66A00
330
66800
100
AcDbEntity
  8
0
100
AcDbBlockEnd
  0
BLOCK
  5
69D00
330
69C00
100
AcDbEntity
  8
0
100
AcDbBlockBegin
  2
*Paper_Space2
 70
0
 10
0.0
 20
0.0
 30
0.0
  3
*Paper_Space2
  1

  0
VIEWPORT
  5
6A000
330
69C00
100
AcDbEntity
 67
1
  8
VIEWPORTS
100
AcDbViewport
 10
420.5
 20
297.0
 30
0.0
 40
925.1
 41
653.4000000000001
 68
1
 69
1
 12
420.5
 22
297.0
 13
0.0
 23
0.0
 14
10.0
 24
10.0
 15
10.0
 25
10.0
 16
0.0
 26
0.0
 36
1.0
 17
0.0
 27
0.0
 37
0.0
 42
50.0
 43
0.0
 44
0.0
 45
653.4000000000001
 50
0.0
 51
0.0
 72
100
 90
557088
  1

281
0
 71
0
 74
0
110
0.0
120
0.0
130
0.0
111
1.0
121
0.0
131
0.0
112
0.0
122
1.0
132
0.0
 79
0
146
0.0
1001
JETIS_VPORT
1000
R02 viewport authoring metadata
1070
1
1070
1
  0
VIEWPORT
  5
6A100
330
69C00
100
AcDbEntity
 67
1
  8
0
100
AcDbViewport
 10
420.5
 20
297.0
 30
0.0
 40
841.0
 41
594.0
 68
2
 69
3
 12
119.53653045480314
 22
-387.9327389823279
 13
0.0
 23
0.0
 14
10.0
 24
10.0
 15
10.0
 25
10.0
 16
0.0
 26
0.0
 36
1.0
 17
0.0
 27
0.0
 37
0.0
 42
50.0
 43
0.0
 44
0.0
 45
148.5
 50
0.0
 51
0.0
 72
100
 90
0
  1

281
0
 71
0
 74
0
110
0.0
120
0.0
130
0.0
111
1.0
121
0.0
131
0.0
112
0.0
122
1.0
132
0.0
 79
0
146
0.0
1001
JETIS_VPORT
1000
R02 viewport authoring metadata
1070
3
1070
2
  0
VIEWPORT
  5
6A200
330
69C00
100
AcDbEntity
 67
1
  8
0
100
AcDbViewport
 10
125.69999999999999
 20
182.75
 30
0.0
 40
146.0
 41
145.89999999999998
 68
3
 69
4
 12
10034.681530454804
 22
9629.092261017671
 13
0.0
 23
0.0
 14
10.0
 24
10.0
 15
10.0
 25
10.0
 16
0.0
 26
0.0
 36
1.0
 17
0.0
 27
0.0
 37
0.0
 42
50.0
 43
0.0
 44
0.0
 45
14.589999999999998
 50
0.0
 51
0.0
 72
100
 90
0
  1

281
0
 71
0
 74
0
110
0.0
120
0.0
130
0.0
111
1.0
121
0.0
131
0.0
112
0.0
122
1.0
132
0.0
 79
0
146
0.0
1001
JETIS_VPORT
1000
R02 viewport authoring metadata
1070
4
1070
3
  0
ENDBLK
  5
69E00
330
69C00
100
AcDbEntity
  8
0
100
AcDbBlockEnd
  0
BLOCK
  5
74E00
330
74D00
100
AcDbEntity
  8
0
100
AcDbBlockBegin
  2
*D17
 70
1
 10
0.0
 20
0.0
 30
0.0
  3
*D17
  1

  0
LINE
  5
75000
330
74D00
100
AcDbEntity
  8
0
 62
8
100
AcDbLine
 10
629.4115304548031
 20
-376.4227389823279
 30
0.0
 11
629.4115304548031
 21
-384.5027389823279
 31
0.0
  0
LINE
  5
75100
330
74D00
100
AcDbEntity
  8
0
 62
8
100
AcDbLine
 10
749.4115304548031
 20
-376.4227389823279
 30
0.0
 11
749.4115304548031
 21
-384.5027389823279
 31
0.0
  0
INSERT
  5
75200
330
74D00
100
AcDbEntity
  8
DIMENSION
 62
8
100
AcDbBlockReference
  2
_ARCHTICK
 10
629.4115304548031
 20
-384.1827389823279
 30
0.0
 41
0.32
 42
0.32
 50
180.0
  0
INSERT
  5
75400
330
74D00
100
AcDbEntity
  8
DIMENSION
 62
8
100
AcDbBlockReference
  2
_ARCHTICK
 10
749.4115304548031
 20
-384.1827389823279
 30
0.0
 41
0.32
 42
0.32
  0
LINE
  5
75600
330
74D00
100
AcDbEntity
  8
0
 62
8
100
AcDbLine
 10
629.4115304548031
 20
-384.1827389823279
 30
0.0
 11
749.4115304548031
 21
-384.1827389823279
 31
0.0
  0
MTEXT
  5
75700
330
74D00
100
AcDbEntity
  8
DIMENSION
 62
8
100
AcDbMText
 10
689.4115304548031
 20
-383.5627389823279
 30
0.0
 40
1.04
 71
5
  1
12000
  7
OpenSansCondensed-Light
  0
POINT
  5
75800
330
74D00
100
AcDbEntity
  8
Defpoints
100
AcDbPoint
 10
629.4115304548031
 20
-384.1827389823279
 30
0.0
  0
POINT
  5
75900
330
74D00
100
AcDbEntity
  8
Defpoints
100
AcDbPoint
 10
629.4115304548031
 20
-376.1827389823279
 30
0.0
  0
POINT
  5
75A00
330
74D00
100
AcDbEntity
  8
Defpoints
100
AcDbPoint
 10
749.4115304548031
 20
-376.1827389823279
 30
0.0
  0
ENDBLK
  5
74F00
330
74D00
100
AcDbEntity
  8
0
100
AcDbBlockEnd
  0
BLOCK
  5
76300
330
76200
100
AcDbEntity
  8
0
100
AcDbBlockBegin
  2
*D18
 70
1
 10
0.0
 20
0.0
 30
0.0
  3
*D18
  1

  0
LINE
  5
76500
330
76200
100
AcDbEntity
  8
0
 62
8
100
AcDbLine
 10
629.4115304548031
 20
-315.9427389823279
 30
0.0
 11
629.4115304548031
 21
-310.8627389823279
 31
0.0
  0
LINE
  5
76600
330
76200
100
AcDbEntity
  8
0
 62
8
100
AcDbLine
 10
743.4115304548031
 20
-315.9427389823279
 30
0.0
 11
743.4115304548031
 21
-310.8627389823279
 31
0.0
  0
INSERT
  5
76700
330
76200
100
AcDbEntity
  8
DIMENSION
 62
8
100
AcDbBlockReference
  2
_ARCHTICK
 10
629.4115304548031
 20
-311.1827389823279
 30
0.0
 41
0.32
 42
0.32
 50
180.0
  0
INSERT
  5
76900
330
76200
100
AcDbEntity
  8
DIMENSION
 62
8
100
AcDbBlockReference
  2
_ARCHTICK
 10
743.4115304548031
 20
-311.1827389823279
 30
0.0
 41
0.32
 42
0.32
  0
LINE
  5
76B00
330
76200
100
AcDbEntity
  8
0
 62
8
100
AcDbLine
 10
629.4115304548031
 20
-311.1827389823279
 30
0.0
 11
743.4115304548031
 21
-311.1827389823279
 31
0.0
  0
MTEXT
  5
76C00
330
76200
100
AcDbEntity
  8
DIMENSION
 62
8
100
AcDbMText
 10
686.4115304548031
 20
-310.5627389823279
 30
0.0
 40
1.04
 71
5
  1
11400
  7
OpenSansCondensed-Light
  0
POINT
  5
76D00
330
76200
100
AcDbEntity
  8
Defpoints
100
AcDbPoint
 10
629.4115304548031
 20
-311.1827389823279
 30
0.0
  0
POINT
  5
76E00
330
76200
100
AcDbEntity
  8
Defpoints
100
AcDbPoint
 10
629.4115304548031
 20
-316.1827389823279
 30
0.0
  0
POINT
  5
76F00
330
76200
100
AcDbEntity
  8
Defpoints
100
AcDbPoint
 10
743.4115304548031
 20
-316.1827389823279
 30
0.0
  0
ENDBLK
  5
76400
330
76200
100
AcDbEntity
  8
0
100
AcDbBlockEnd
  0
BLOCK
  5
77800
330
77700
100
AcDbEntity
  8
0
100
AcDbBlockBegin
  2
*D19
 70
1
 10
0.0
 20
0.0
 30
0.0
  3
*D19
  1

  0
LINE
  5
77A00
330
77700
100
AcDbEntity
  8
0
 62
8
100
AcDbLine
 10
653.4115304465213
 20
-296.4227389820787
 30
0.0
 11
653.4115304465213
 21
-302.5027389820787
 31
0.0
  0
LINE
  5
77B00
330
77700
100
AcDbEntity
  8
0
 62
8
100
AcDbLine
 10
737.4115304465213
 20
-296.4227389820787
 30
0.0
 11
737.4115304465213
 21
-302.5027389820787
 31
0.0
  0
INSERT
  5
77C00
330
77700
100
AcDbEntity
  8
DIMENSION
 62
8
100
AcDbBlockReference
  2
_ARCHTICK
 10
653.4115304465213
 20
-302.1827389820787
 30
0.0
 41
0.32
 42
0.32
 50
180.0
  0
INSERT
  5
77E00
330
77700
100
AcDbEntity
  8
DIMENSION
 62
8
100
AcDbBlockReference
  2
_ARCHTICK
 10
737.4115304465213
 20
-302.1827389820787
 30
0.0
 41
0.32
 42
0.32
  0
LINE
  5
78000
330
77700
100
AcDbEntity
  8
0
 62
8
100
AcDbLine
 10
653.4115304465213
 20
-302.1827389820787
 30
0.0
 11
737.4115304465213
 21
-302.1827389820787
 31
0.0
  0
MTEXT
  5
78100
330
77700
100
AcDbEntity
  8
DIMENSION
 62
8
100
AcDbMText
 10
695.4115304465213
 20
-301.5627389820787
 30
0.0
 40
1.04
 71
5
  1
8400
  7
OpenSansCondensed-Light
  0
POINT
  5
78200
330
77700
100
AcDbEntity
  8
Defpoints
100
AcDbPoint
 10
653.4115304465213
 20
-302.1827389820787
 30
0.0
  0
POINT
  5
78300
330
77700
100
AcDbEntity
  8
Defpoints
100
AcDbPoint
 10
653.4115304465213
 20
-296.1827389820787
 30
0.0
  0
POINT
  5
78400
330
77700
100
AcDbEntity
  8
Defpoints
100
AcDbPoint
 10
737.4115304465213
 20
-296.1827389820787
 30
0.0
  0
ENDBLK
  5
77900
330
77700
100
AcDbEntity
  8
0
100
AcDbBlockEnd
  0
BLOCK
  5
7A700
330
7A600
100
AcDbEntity
  8
0
100
AcDbBlockBegin
  2
*Paper_Space3
 70
0
 10
0.0
 20
0.0
 30
0.0
  3
*Paper_Space3
  1

  0
VIEWPORT
  5
7AA00
330
7A600
100
AcDbEntity
 67
1
  8
VIEWPORTS
100
AcDbViewport
 10
420.5
 20
297.0
 30
0.0
 40
925.1
 41
653.4000000000001
 68
1
 69
1
 12
420.5
 22
297.0
 13
0.0
 23
0.0
 14
10.0
 24
10.0
 15
10.0
 25
10.0
 16
0.0
 26
0.0
 36
1.0
 17
0.0
 27
0.0
 37
0.0
 42
50.0
 43
0.0
 44
0.0
 45
653.4000000000001
 50
0.0
 51
0.0
 72
100
 90
557088
  1

281
0
 71
0
 74
0
110
0.0
120
0.0
130
0.0
111
1.0
121
0.0
131
0.0
112
0.0
122
1.0
132
0.0
 79
0
146
0.0
1001
JETIS_VPORT
1000
R02 viewport authoring metadata
1070
1
1070
1
  0
VIEWPORT
  5
7AB00
330
7A600
100
AcDbEntity
 67
1
  8
0
100
AcDbViewport
 10
420.5
 20
297.0
 30
0.0
 40
841.0
 41
594.0
 68
2
 69
3
 12
764.8115304548032
 22
-315.78273898232794
 13
0.0
 23
0.0
 14
10.0
 24
10.0
 15
10.0
 25
10.0
 16
0.0
 26
0.0
 36
1.0
 17
0.0
 27
0.0
 37
0.0
 42
50.0
 43
0.0
 44
0.0
 45
237.6
 50
0.0
 51
0.0
 72
100
 90
0
  1

281
0
 71
0
 74
0
110
0.0
120
0.0
130
0.0
111
1.0
121
0.0
131
0.0
112
0.0
122
1.0
132
0.0
 79
0
146
0.0
1001
JETIS_VPORT
1000
R02 viewport authoring metadata
1070
3
1070
2
  0
ENDBLK
  5
7A800
330
7A600
100
AcDbEntity
  8
0
100
AcDbBlockEnd
  0
BLOCK
  5
80900
330
80800
100
AcDbEntity
  8
0
100
AcDbBlockBegin
  2
*D20
 70
1
 10
0.0
 20
0.0
 30
0.0
  3
*D20
  1

  0
LINE
  5
80B00
330
80800
100
AcDbEntity
  8
0
 62
8
100
AcDbLine
 10
5.0
 20
-776.65
 30
0.0
 11
5.0
 21
-779.0
 31
0.0
  0
LINE
  5
80C00
330
80800
100
AcDbEntity
  8
0
 62
8
100
AcDbLine
 10
125.0
 20
-776.65
 30
0.0
 11
125.0
 21
-779.0
 31
0.0
  0
INSERT
  5
80D00
330
80800
100
AcDbEntity
  8
DIMENSION
 62
8
100
AcDbBlockReference
  2
_ARCHTICK
 10
5.0
 20
-778.8
 30
0.0
 41
0.2
 42
0.2
 50
180.0
  0
INSERT
  5
80F00
330
80800
100
AcDbEntity
  8
DIMENSION
 62
8
100
AcDbBlockReference
  2
_ARCHTICK
 10
125.0
 20
-778.8
 30
0.0
 41
0.2
 42
0.2
  0
LINE
  5
81100
330
80800
100
AcDbEntity
  8
0
 62
8
100
AcDbLine
 10
5.0
 20
-778.8
 30
0.0
 11
125.0
 21
-778.8
 31
0.0
  0
MTEXT
  5
81200
330
80800
100
AcDbEntity
  8
DIMENSION
 62
8
100
AcDbMText
 10
65.0
 20
-778.375
 30
0.0
 40
0.65
 71
5
  1
12000
  7
OpenSansCondensed-Light
  0
POINT
  5
81300
330
80800
100
AcDbEntity
  8
Defpoints
100
AcDbPoint
 10
5.0
 20
-778.8
 30
0.0
  0
POINT
  5
81400
330
80800
100
AcDbEntity
  8
Defpoints
100
AcDbPoint
 10
5.0
 20
-776.5
 30
0.0
  0
POINT
  5
81500
330
80800
100
AcDbEntity
  8
Defpoints
100
AcDbPoint
 10
125.0
 20
-776.5
 30
0.0
  0
ENDBLK
  5
80A00
330
80800
100
AcDbEntity
  8
0
100
AcDbBlockEnd
  0
BLOCK
  5
85400
330
85300
100
AcDbEntity
  8
0
100
AcDbBlockBegin
  2
*D21
 70
1
 10
0.0
 20
0.0
 30
0.0
  3
*D21
  1

  0
LINE
  5
85600
330
85300
100
AcDbEntity
  8
0
 62
8
100
AcDbLine
 10
5.0
 20
-802.65
 30
0.0
 11
5.0
 21
-805.0
 31
0.0
  0
LINE
  5
85700
330
85300
100
AcDbEntity
  8
0
 62
8
100
AcDbLine
 10
119.0
 20
-802.65
 30
0.0
 11
119.0
 21
-805.0
 31
0.0
  0
INSERT
  5
85800
330
85300
100
AcDbEntity
  8
DIMENSION
 62
8
100
AcDbBlockReference
  2
_ARCHTICK
 10
5.0
 20
-804.8
 30
0.0
 41
0.2
 42
0.2
 50
180.0
  0
INSERT
  5
85A00
330
85300
100
AcDbEntity
  8
DIMENSION
 62
8
100
AcDbBlockReference
  2
_ARCHTICK
 10
119.0
 20
-804.8
 30
0.0
 41
0.2
 42
0.2
  0
LINE
  5
85C00
330
85300
100
AcDbEntity
  8
0
 62
8
100
AcDbLine
 10
5.0
 20
-804.8
 30
0.0
 11
119.0
 21
-804.8
 31
0.0
  0
MTEXT
  5
85D00
330
85300
100
AcDbEntity
  8
DIMENSION
 62
8
100
AcDbMText
 10
62.0
 20
-804.375
 30
0.0
 40
0.65
 71
5
  1
11400
  7
OpenSansCondensed-Light
  0
POINT
  5
85E00
330
85300
100
AcDbEntity
  8
Defpoints
100
AcDbPoint
 10
5.0
 20
-804.8
 30
0.0
  0
POINT
  5
85F00
330
85300
100
AcDbEntity
  8
Defpoints
100
AcDbPoint
 10
5.0
 20
-802.5
 30
0.0
  0
POINT
  5
86000
330
85300
100
AcDbEntity
  8
Defpoints
100
AcDbPoint
 10
119.0
 20
-802.5
 30
0.0
  0
ENDBLK
  5
85500
330
85300
100
AcDbEntity
  8
0
100
AcDbBlockEnd
  0
BLOCK
  5
8DA00
330
8D900
100
AcDbEntity
  8
0
100
AcDbBlockBegin
  2
*D22
 70
1
 10
0.0
 20
0.0
 30
0.0
  3
*D22
  1

  0
LINE
  5
8DC00
330
8D900
100
AcDbEntity
  8
0
 62
8
100
AcDbLine
 10
5.0
 20
-830.4
 30
0.0
 11
5.0
 21
-832.75
 31
0.0
  0
LINE
  5
8DD00
330
8D900
100
AcDbEntity
  8
0
 62
8
100
AcDbLine
 10
65.0
 20
-830.4
 30
0.0
 11
65.0
 21
-832.75
 31
0.0
  0
INSERT
  5
8DE00
330
8D900
100
AcDbEntity
  8
DIMENSION
 62
8
100
AcDbBlockReference
  2
_ARCHTICK
 10
5.0
 20
-832.55
 30
0.0
 41
0.2
 42
0.2
 50
180.0
  0
INSERT
  5
8E000
330
8D900
100
AcDbEntity
  8
DIMENSION
 62
8
100
AcDbBlockReference
  2
_ARCHTICK
 10
65.0
 20
-832.55
 30
0.0
 41
0.2
 42
0.2
  0
LINE
  5
8E200
330
8D900
100
AcDbEntity
  8
0
 62
8
100
AcDbLine
 10
5.0
 20
-832.55
 30
0.0
 11
65.0
 21
-832.55
 31
0.0
  0
MTEXT
  5
8E300
330
8D900
100
AcDbEntity
  8
DIMENSION
 62
8
100
AcDbMText
 10
35.0
 20
-832.125
 30
0.0
 40
0.65
 71
5
  1
6000
  7
OpenSansCondensed-Light
  0
POINT
  5
8E400
330
8D900
100
AcDbEntity
  8
Defpoints
100
AcDbPoint
 10
5.0
 20
-832.55
 30
0.0
  0
POINT
  5
8E500
330
8D900
100
AcDbEntity
  8
Defpoints
100
AcDbPoint
 10
5.0
 20
-830.25
 30
0.0
  0
POINT
  5
8E600
330
8D900
100
AcDbEntity
  8
Defpoints
100
AcDbPoint
 10
65.0
 20
-830.25
 30
0.0
  0
ENDBLK
  5
8DB00
330
8D900
100
AcDbEntity
  8
0
100
AcDbBlockEnd
  0
BLOCK
  5
90600
330
90500
100
AcDbEntity
  8
0
100
AcDbBlockBegin
  2
*D23
 70
1
 10
0.0
 20
0.0
 30
0.0
  3
*D23
  1

  0
LINE
  5
90800
330
90500
100
AcDbEntity
  8
0
 62
8
100
AcDbLine
 10
5.0
 20
-854.4
 30
0.0
 11
5.0
 21
-856.75
 31
0.0
  0
LINE
  5
90900
330
90500
100
AcDbEntity
  8
0
 62
8
100
AcDbLine
 10
65.0
 20
-854.4
 30
0.0
 11
65.0
 21
-856.75
 31
0.0
  0
INSERT
  5
90A00
330
90500
100
AcDbEntity
  8
DIMENSION
 62
8
100
AcDbBlockReference
  2
_ARCHTICK
 10
5.0
 20
-856.55
 30
0.0
 41
0.2
 42
0.2
 50
180.0
  0
INSERT
  5
90C00
330
90500
100
AcDbEntity
  8
DIMENSION
 62
8
100
AcDbBlockReference
  2
_ARCHTICK
 10
65.0
 20
-856.55
 30
0.0
 41
0.2
 42
0.2
  0
LINE
  5
90E00
330
90500
100
AcDbEntity
  8
0
 62
8
100
AcDbLine
 10
5.0
 20
-856.55
 30
0.0
 11
65.0
 21
-856.55
 31
0.0
  0
MTEXT
  5
90F00
330
90500
100
AcDbEntity
  8
DIMENSION
 62
8
100
AcDbMText
 10
35.0
 20
-856.125
 30
0.0
 40
0.65
 71
5
  1
6000
  7
OpenSansCondensed-Light
  0
POINT
  5
91000
330
90500
100
AcDbEntity
  8
Defpoints
100
AcDbPoint
 10
5.0
 20
-856.55
 30
0.0
  0
POINT
  5
91100
330
90500
100
AcDbEntity
  8
Defpoints
100
AcDbPoint
 10
5.0
 20
-854.25
 30
0.0
  0
POINT
  5
91200
330
90500
100
AcDbEntity
  8
Defpoints
100
AcDbPoint
 10
65.0
 20
-854.25
 30
0.0
  0
ENDBLK
  5
90700
330
90500
100
AcDbEntity
  8
0
100
AcDbBlockEnd
  0
BLOCK
  5
93500
330
93400
100
AcDbEntity
  8
0
100
AcDbBlockBegin
  2
*Paper_Space4
 70
0
 10
0.0
 20
0.0
 30
0.0
  3
*Paper_Space4
  1

  0
VIEWPORT
  5
93800
330
93400
100
AcDbEntity
 67
1
  8
VIEWPORTS
100
AcDbViewport
 10
420.5
 20
297.0
 30
0.0
 40
925.1
 41
653.4000000000001
 68
1
 69
1
 12
420.5
 22
297.0
 13
0.0
 23
0.0
 14
10.0
 24
10.0
 15
10.0
 25
10.0
 16
0.0
 26
0.0
 36
1.0
 17
0.0
 27
0.0
 37
0.0
 42
50.0
 43
0.0
 44
0.0
 45
653.4000000000001
 50
0.0
 51
0.0
 72
100
 90
557088
  1

281
0
 71
0
 74
0
110
0.0
120
0.0
130
0.0
111
1.0
121
0.0
131
0.0
112
0.0
122
1.0
132
0.0
 79
0
146
0.0
1001
JETIS_VPORT
1000
R02 viewport authoring metadata
1070
1
1070
1
  0
VIEWPORT
  5
93900
330
93400
100
AcDbEntity
 67
1
  8
0
100
AcDbViewport
 10
420.5
 20
297.0
 30
0.0
 40
841.0
 41
594.0
 68
2
 69
3
 12
87.625
 22
-808.0
 13
0.0
 23
0.0
 14
10.0
 24
10.0
 15
10.0
 25
10.0
 16
0.0
 26
0.0
 36
1.0
 17
0.0
 27
0.0
 37
0.0
 42
50.0
 43
0.0
 44
0.0
 45
148.5
 50
0.0
 51
0.0
 72
100
 90
0
  1

281
0
 71
0
 74
0
110
0.0
120
0.0
130
0.0
111
1.0
121
0.0
131
0.0
112
0.0
122
1.0
132
0.0
 79
0
146
0.0
1001
JETIS_VPORT
1000
R02 viewport authoring metadata
1070
3
1070
2
  0
ENDBLK
  5
93600
330
93400
100
AcDbEntity
  8
0
100
AcDbBlockEnd
  0
BLOCK
  5
98000
330
97F00
100
AcDbEntity
  8
0
100
AcDbBlockBegin
  2
*D24
 70
1
 10
0.0
 20
0.0
 30
0.0
  3
*D24
  1

  0
LINE
  5
98200
330
97F00
100
AcDbEntity
  8
0
 62
8
100
AcDbLine
 10
607.5
 20
-777.4
 30
0.0
 11
607.5
 21
-779.75
 31
0.0
  0
LINE
  5
98300
330
97F00
100
AcDbEntity
  8
0
 62
8
100
AcDbLine
 10
691.5
 20
-777.4
 30
0.0
 11
691.5
 21
-779.75
 31
0.0
  0
INSERT
  5
98400
330
97F00
100
AcDbEntity
  8
DIMENSION
 62
8
100
AcDbBlockReference
  2
_ARCHTICK
 10
607.5
 20
-779.55
 30
0.0
 41
0.2
 42
0.2
 50
180.0
  0
INSERT
  5
98600
330
97F00
100
AcDbEntity
  8
DIMENSION
 62
8
100
AcDbBlockReference
  2
_ARCHTICK
 10
691.5
 20
-779.55
 30
0.0
 41
0.2
 42
0.2
  0
LINE
  5
98800
330
97F00
100
AcDbEntity
  8
0
 62
8
100
AcDbLine
 10
607.5
 20
-779.55
 30
0.0
 11
691.5
 21
-779.55
 31
0.0
  0
MTEXT
  5
98900
330
97F00
100
AcDbEntity
  8
DIMENSION
 62
8
100
AcDbMText
 10
649.5
 20
-779.125
 30
0.0
 40
0.65
 71
5
  1
8400
  7
OpenSansCondensed-Light
  0
POINT
  5
98A00
330
97F00
100
AcDbEntity
  8
Defpoints
100
AcDbPoint
 10
607.5
 20
-779.55
 30
0.0
  0
POINT
  5
98B00
330
97F00
100
AcDbEntity
  8
Defpoints
100
AcDbPoint
 10
607.5
 20
-777.25
 30
0.0
  0
POINT
  5
98C00
330
97F00
100
AcDbEntity
  8
Defpoints
100
AcDbPoint
 10
691.5
 20
-777.25
 30
0.0
  0
ENDBLK
  5
98100
330
97F00
100
AcDbEntity
  8
0
100
AcDbBlockEnd
  0
BLOCK
  5
9C600
330
9C500
100
AcDbEntity
  8
0
100
AcDbBlockBegin
  2
*D25
 70
1
 10
0.0
 20
0.0
 30
0.0
  3
*D25
  1

  0
LINE
  5
9C800
330
9C500
100
AcDbEntity
  8
0
 62
8
100
AcDbLine
 10
607.5
 20
-804.4
 30
0.0
 11
607.5
 21
-806.75
 31
0.0
  0
LINE
  5
9C900
330
9C500
100
AcDbEntity
  8
0
 62
8
100
AcDbLine
 10
691.5
 20
-804.4
 30
0.0
 11
691.5
 21
-806.75
 31
0.0
  0
INSERT
  5
9CA00
330
9C500
100
AcDbEntity
  8
DIMENSION
 62
8
100
AcDbBlockReference
  2
_ARCHTICK
 10
607.5
 20
-806.55
 30
0.0
 41
0.2
 42
0.2
 50
180.0
  0
INSERT
  5
9CC00
330
9C500
100
AcDbEntity
  8
DIMENSION
 62
8
100
AcDbBlockReference
  2
_ARCHTICK
 10
691.5
 20
-806.55
 30
0.0
 41
0.2
 42
0.2
  0
LINE
  5
9CE00
330
9C500
100
AcDbEntity
  8
0
 62
8
100
AcDbLine
 10
607.5
 20
-806.55
 30
0.0
 11
691.5
 21
-806.55
 31
0.0
  0
MTEXT
  5
9CF00
330
9C500
100
AcDbEntity
  8
DIMENSION
 62
8
100
AcDbMText
 10
649.5
 20
-806.125
 30
0.0
 40
0.65
 71
5
  1
8400
  7
OpenSansCondensed-Light
  0
POINT
  5
9D000
330
9C500
100
AcDbEntity
  8
Defpoints
100
AcDbPoint
 10
607.5
 20
-806.55
 30
0.0
  0
POINT
  5
9D100
330
9C500
100
AcDbEntity
  8
Defpoints
100
AcDbPoint
 10
607.5
 20
-804.25
 30
0.0
  0
POINT
  5
9D200
330
9C500
100
AcDbEntity
  8
Defpoints
100
AcDbPoint
 10
691.5
 20
-804.25
 30
0.0
  0
ENDBLK
  5
9C700
330
9C500
100
AcDbEntity
  8
0
100
AcDbBlockEnd
  0
BLOCK
  5
9EA00
330
9E900
100
AcDbEntity
  8
0
100
AcDbBlockBegin
  2
*D26
 70
1
 10
0.0
 20
0.0
 30
0.0
  3
*D26
  1

  0
LINE
  5
9EC00
330
9E900
100
AcDbEntity
  8
0
 62
8
100
AcDbLine
 10
607.5
 20
-833.15
 30
0.0
 11
607.5
 21
-835.5
 31
0.0
  0
LINE
  5
9ED00
330
9E900
100
AcDbEntity
  8
0
 62
8
100
AcDbLine
 10
643.5
 20
-833.15
 30
0.0
 11
643.5
 21
-835.5
 31
0.0
  0
INSERT
  5
9EE00
330
9E900
100
AcDbEntity
  8
DIMENSION
 62
8
100
AcDbBlockReference
  2
_ARCHTICK
 10
607.5
 20
-835.3
 30
0.0
 41
0.2
 42
0.2
 50
180.0
  0
INSERT
  5
9F000
330
9E900
100
AcDbEntity
  8
DIMENSION
 62
8
100
AcDbBlockReference
  2
_ARCHTICK
 10
643.5
 20
-835.3
 30
0.0
 41
0.2
 42
0.2
  0
LINE
  5
9F200
330
9E900
100
AcDbEntity
  8
0
 62
8
100
AcDbLine
 10
607.5
 20
-835.3
 30
0.0
 11
643.5
 21
-835.3
 31
0.0
  0
MTEXT
  5
9F300
330
9E900
100
AcDbEntity
  8
DIMENSION
 62
8
100
AcDbMText
 10
625.5
 20
-834.875
 30
0.0
 40
0.65
 71
5
  1
3600
  7
OpenSansCondensed-Light
  0
POINT
  5
9F400
330
9E900
100
AcDbEntity
  8
Defpoints
100
AcDbPoint
 10
607.5
 20
-835.3
 30
0.0
  0
POINT
  5
9F500
330
9E900
100
AcDbEntity
  8
Defpoints
100
AcDbPoint
 10
607.5
 20
-833.0
 30
0.0
  0
POINT
  5
9F600
330
9E900
100
AcDbEntity
  8
Defpoints
100
AcDbPoint
 10
643.5
 20
-833.0
 30
0.0
  0
ENDBLK
  5
9EB00
330
9E900
100
AcDbEntity
  8
0
100
AcDbBlockEnd
  0
BLOCK
  5
A0E00
330
A0D00
100
AcDbEntity
  8
0
100
AcDbBlockBegin
  2
*D27
 70
1
 10
0.0
 20
0.0
 30
0.0
  3
*D27
  1

  0
LINE
  5
A1000
330
A0D00
100
AcDbEntity
  8
0
 62
8
100
AcDbLine
 10
665.0
 20
-833.15
 30
0.0
 11
665.0
 21
-835.5
 31
0.0
  0
LINE
  5
A1100
330
A0D00
100
AcDbEntity
  8
0
 62
8
100
AcDbLine
 10
695.0
 20
-833.15
 30
0.0
 11
695.0
 21
-835.5
 31
0.0
  0
INSERT
  5
A1200
330
A0D00
100
AcDbEntity
  8
DIMENSION
 62
8
100
AcDbBlockReference
  2
_ARCHTICK
 10
665.0
 20
-835.3
 30
0.0
 41
0.2
 42
0.2
 50
180.0
  0
INSERT
  5
A1400
330
A0D00
100
AcDbEntity
  8
DIMENSION
 62
8
100
AcDbBlockReference
  2
_ARCHTICK
 10
695.0
 20
-835.3
 30
0.0
 41
0.2
 42
0.2
  0
LINE
  5
A1600
330
A0D00
100
AcDbEntity
  8
0
 62
8
100
AcDbLine
 10
665.0
 20
-835.3
 30
0.0
 11
695.0
 21
-835.3
 31
0.0
  0
MTEXT
  5
A1700
330
A0D00
100
AcDbEntity
  8
DIMENSION
 62
8
100
AcDbMText
 10
680.0
 20
-834.875
 30
0.0
 40
0.65
 71
5
  1
3000
  7
OpenSansCondensed-Light
  0
POINT
  5
A1800
330
A0D00
100
AcDbEntity
  8
Defpoints
100
AcDbPoint
 10
665.0
 20
-835.3
 30
0.0
  0
POINT
  5
A1900
330
A0D00
100
AcDbEntity
  8
Defpoints
100
AcDbPoint
 10
665.0
 20
-833.0
 30
0.0
  0
POINT
  5
A1A00
330
A0D00
100
AcDbEntity
  8
Defpoints
100
AcDbPoint
 10
695.0
 20
-833.0
 30
0.0
  0
ENDBLK
  5
A0F00
330
A0D00
100
AcDbEntity
  8
0
100
AcDbBlockEnd
  0
BLOCK
  5
A3F00
330
A3E00
100
AcDbEntity
  8
0
100
AcDbBlockBegin
  2
*Paper_Space5
 70
0
 10
0.0
 20
0.0
 30
0.0
  3
*Paper_Space5
  1

  0
VIEWPORT
  5
A4200
330
A3E00
100
AcDbEntity
 67
1
  8
VIEWPORTS
100
AcDbViewport
 10
420.5
 20
297.0
 30
0.0
 40
925.1
 41
653.4000000000001
 68
1
 69
1
 12
420.5
 22
297.0
 13
0.0
 23
0.0
 14
10.0
 24
10.0
 15
10.0
 25
10.0
 16
0.0
 26
0.0
 36
1.0
 17
0.0
 27
0.0
 37
0.0
 42
50.0
 43
0.0
 44
0.0
 45
653.4000000000001
 50
0.0
 51
0.0
 72
100
 90
557088
  1

281
0
 71
0
 74
0
110
0.0
120
0.0
130
0.0
111
1.0
121
0.0
131
0.0
112
0.0
122
1.0
132
0.0
 79
0
146
0.0
1001
JETIS_VPORT
1000
R02 viewport authoring metadata
1070
1
1070
1
  0
VIEWPORT
  5
A4300
330
A3E00
100
AcDbEntity
 67
1
  8
0
100
AcDbViewport
 10
420.5
 20
297.0
 30
0.0
 40
841.0
 41
594.0
 68
2
 69
3
 12
687.625
 22
-808.0
 13
0.0
 23
0.0
 14
10.0
 24
10.0
 15
10.0
 25
10.0
 16
0.0
 26
0.0
 36
1.0
 17
0.0
 27
0.0
 37
0.0
 42
50.0
 43
0.0
 44
0.0
 45
148.5
 50
0.0
 51
0.0
 72
100
 90
0
  1

281
0
 71
0
 74
0
110
0.0
120
0.0
130
0.0
111
1.0
121
0.0
131
0.0
112
0.0
122
1.0
132
0.0
 79
0
146
0.0
1001
JETIS_VPORT
1000
R02 viewport authoring metadata
1070
3
1070
2
  0
ENDBLK
  5
A4000
330
A3E00
100
AcDbEntity
  8
0
100
AcDbBlockEnd
  0
BLOCK
  5
A7700
330
A7600
100
AcDbEntity
  8
0
100
AcDbBlockBegin
  2
*D28
 70
1
 10
0.0
 20
0.0
 30
0.0
  3
*D28
  1

  0
LINE
  5
A7900
330
A7600
100
AcDbEntity
  8
0
 62
8
100
AcDbLine
 10
3.4499999999999997
 20
-1260.49
 30
0.0
 11
3.4499999999999997
 21
-1263.52
 31
0.0
  0
LINE
  5
A7A00
330
A7600
100
AcDbEntity
  8
0
 62
8
100
AcDbLine
 10
33.45
 20
-1260.49
 30
0.0
 11
33.45
 21
-1263.52
 31
0.0
  0
INSERT
  5
A7B00
330
A7600
100
AcDbEntity
  8
DIMENSION
 62
8
100
AcDbBlockReference
  2
_ARCHTICK
 10
3.4499999999999997
 20
-1263.4
 30
0.0
 41
0.12
 42
0.12
 50
180.0
  0
INSERT
  5
A7D00
330
A7600
100
AcDbEntity
  8
DIMENSION
 62
8
100
AcDbBlockReference
  2
_ARCHTICK
 10
33.45
 20
-1263.4
 30
0.0
 41
0.12
 42
0.12
  0
LINE
  5
A7F00
330
A7600
100
AcDbEntity
  8
0
 62
8
100
AcDbLine
 10
3.4499999999999997
 20
-1263.4
 30
0.0
 11
33.45
 21
-1263.4
 31
0.0
  0
MTEXT
  5
A8000
330
A7600
100
AcDbEntity
  8
DIMENSION
 62
8
100
AcDbMText
 10
18.450000000000003
 20
-1263.105
 30
0.0
 40
0.39
 71
5
  1
3000
  7
OpenSansCondensed-Light
  0
POINT
  5
A8100
330
A7600
100
AcDbEntity
  8
Defpoints
100
AcDbPoint
 10
3.4499999999999997
 20
-1263.4
 30
0.0
  0
POINT
  5
A8200
330
A7600
100
AcDbEntity
  8
Defpoints
100
AcDbPoint
 10
3.4499999999999997
 20
-1260.4
 30
0.0
  0
POINT
  5
A8300
330
A7600
100
AcDbEntity
  8
Defpoints
100
AcDbPoint
 10
33.45
 20
-1260.4
 30
0.0
  0
ENDBLK
  5
A7800
330
A7600
100
AcDbEntity
  8
0
100
AcDbBlockEnd
  0
BLOCK
  5
A8C00
330
A8B00
100
AcDbEntity
  8
0
100
AcDbBlockBegin
  2
*D29
 70
1
 10
0.0
 20
0.0
 30
0.0
  3
*D29
  1

  0
LINE
  5
A8E00
330
A8B00
100
AcDbEntity
  8
0
 62
8
100
AcDbLine
 10
33.45
 20
-1260.49
 30
0.0
 11
33.45
 21
-1263.52
 31
0.0
  0
LINE
  5
A8F00
330
A8B00
100
AcDbEntity
  8
0
 62
8
100
AcDbLine
 10
63.45
 20
-1260.49
 30
0.0
 11
63.45
 21
-1263.52
 31
0.0
  0
INSERT
  5
A9000
330
A8B00
100
AcDbEntity
  8
DIMENSION
 62
8
100
AcDbBlockReference
  2
_ARCHTICK
 10
33.45
 20
-1263.4
 30
0.0
 41
0.12
 42
0.12
 50
180.0
  0
INSERT
  5
A9200
330
A8B00
100
AcDbEntity
  8
DIMENSION
 62
8
100
AcDbBlockReference
  2
_ARCHTICK
 10
63.45
 20
-1263.4
 30
0.0
 41
0.12
 42
0.12
  0
LINE
  5
A9400
330
A8B00
100
AcDbEntity
  8
0
 62
8
100
AcDbLine
 10
33.45
 20
-1263.4
 30
0.0
 11
63.45
 21
-1263.4
 31
0.0
  0
MTEXT
  5
A9500
330
A8B00
100
AcDbEntity
  8
DIMENSION
 62
8
100
AcDbMText
 10
48.45
 20
-1263.105
 30
0.0
 40
0.39
 71
5
  1
3000
  7
OpenSansCondensed-Light
  0
POINT
  5
A9600
330
A8B00
100
AcDbEntity
  8
Defpoints
100
AcDbPoint
 10
33.45
 20
-1263.4
 30
0.0
  0
POINT
  5
A9700
330
A8B00
100
AcDbEntity
  8
Defpoints
100
AcDbPoint
 10
33.45
 20
-1260.4
 30
0.0
  0
POINT
  5
A9800
330
A8B00
100
AcDbEntity
  8
Defpoints
100
AcDbPoint
 10
63.45
 20
-1260.4
 30
0.0
  0
ENDBLK
  5
A8D00
330
A8B00
100
AcDbEntity
  8
0
100
AcDbBlockEnd
  0
BLOCK
  5
AF400
330
AF300
100
AcDbEntity
  8
0
100
AcDbBlockBegin
  2
*D30
 70
1
 10
0.0
 20
0.0
 30
0.0
  3
*D30
  1

  0
LINE
  5
AF600
330
AF300
100
AcDbEntity
  8
0
 62
8
100
AcDbLine
 10
11000.0
 20
8699.85
 30
0.0
 11
11000.0
 21
8696.8
 31
0.0
  0
LINE
  5
AF700
330
AF300
100
AcDbEntity
  8
0
 62
8
100
AcDbLine
 10
11120.0
 20
8699.85
 30
0.0
 11
11120.0
 21
8696.8
 31
0.0
  0
INSERT
  5
AF800
330
AF300
100
AcDbEntity
  8
DIMENSION
 62
8
100
AcDbBlockReference
  2
_ARCHTICK
 10
11000.0
 20
8697.0
 30
0.0
 41
0.2
 42
0.2
 50
180.0
  0
INSERT
  5
AFA00
330
AF300
100
AcDbEntity
  8
DIMENSION
 62
8
100
AcDbBlockReference
  2
_ARCHTICK
 10
11120.0
 20
8697.0
 30
0.0
 41
0.2
 42
0.2
  0
LINE
  5
AFC00
330
AF300
100
AcDbEntity
  8
0
 62
8
100
AcDbLine
 10
11000.0
 20
8697.0
 30
0.0
 11
11120.0
 21
8697.0
 31
0.0
  0
MTEXT
  5
AFD00
330
AF300
100
AcDbEntity
  8
DIMENSION
 62
8
100
AcDbMText
 10
11060.0
 20
8697.425
 30
0.0
 40
0.65
 71
5
  1
12000
  7
OpenSansCondensed-Light
  0
POINT
  5
AFE00
330
AF300
100
AcDbEntity
  8
Defpoints
100
AcDbPoint
 10
11000.0
 20
8697.0
 30
0.0
  0
POINT
  5
AFF00
330
AF300
100
AcDbEntity
  8
Defpoints
100
AcDbPoint
 10
11000.0
 20
8700.0
 30
0.0
  0
POINT
  5
B0000
330
AF300
100
AcDbEntity
  8
Defpoints
100
AcDbPoint
 10
11120.0
 20
8700.0
 30
0.0
  0
ENDBLK
  5
AF500
330
AF300
100
AcDbEntity
  8
0
100
AcDbBlockEnd
  0
BLOCK
  5
B0900
330
B0800
100
AcDbEntity
  8
0
100
AcDbBlockBegin
  2
*D31
 70
1
 10
0.0
 20
0.0
 30
0.0
  3
*D31
  1

  0
LINE
  5
B0B00
330
B0800
100
AcDbEntity
  8
0
 62
8
100
AcDbLine
 10
11000.0
 20
8699.85
 30
0.0
 11
11000.0
 21
8693.8
 31
0.0
  0
LINE
  5
B0C00
330
B0800
100
AcDbEntity
  8
0
 62
8
100
AcDbLine
 10
11006.0
 20
8699.85
 30
0.0
 11
11006.0
 21
8693.8
 31
0.0
  0
INSERT
  5
B0D00
330
B0800
100
AcDbEntity
  8
DIMENSION
 62
8
100
AcDbBlockReference
  2
_ARCHTICK
 10
11000.0
 20
8694.0
 30
0.0
 41
0.2
 42
0.2
 50
180.0
  0
INSERT
  5
B0F00
330
B0800
100
AcDbEntity
  8
DIMENSION
 62
8
100
AcDbBlockReference
  2
_ARCHTICK
 10
11006.0
 20
8694.0
 30
0.0
 41
0.2
 42
0.2
  0
LINE
  5
B1100
330
B0800
100
AcDbEntity
  8
0
 62
8
100
AcDbLine
 10
11000.0
 20
8694.0
 30
0.0
 11
11006.0
 21
8694.0
 31
0.0
  0
MTEXT
  5
B1200
330
B0800
100
AcDbEntity
  8
DIMENSION
 62
8
100
AcDbMText
 10
11003.0
 20
8694.425
 30
0.0
 40
0.65
 71
5
  1
600
  7
OpenSansCondensed-Light
  0
POINT
  5
B1300
330
B0800
100
AcDbEntity
  8
Defpoints
100
AcDbPoint
 10
11000.0
 20
8694.0
 30
0.0
  0
POINT
  5
B1400
330
B0800
100
AcDbEntity
  8
Defpoints
100
AcDbPoint
 10
11000.0
 20
8700.0
 30
0.0
  0
POINT
  5
B1500
330
B0800
100
AcDbEntity
  8
Defpoints
100
AcDbPoint
 10
11006.0
 20
8700.0
 30
0.0
  0
ENDBLK
  5
B0A00
330
B0800
100
AcDbEntity
  8
0
100
AcDbBlockEnd
  0
BLOCK
  5
B2300
330
B2200
100
AcDbEntity
  8
0
100
AcDbBlockBegin
  2
*D32
 70
1
 10
0.0
 20
0.0
 30
0.0
  3
*D32
  1

  0
LINE
  5
B2500
330
B2200
100
AcDbEntity
  8
0
 62
8
100
AcDbLine
 10
12000.0
 20
8699.97
 30
0.0
 11
12000.0
 21
8699.259999999998
 31
0.0
  0
LINE
  5
B2600
330
B2200
100
AcDbEntity
  8
0
 62
8
100
AcDbLine
 10
12010.2
 20
8699.97
 30
0.0
 11
12010.2
 21
8699.259999999998
 31
0.0
  0
INSERT
  5
B2700
330
B2200
100
AcDbEntity
  8
DIMENSION
 62
8
100
AcDbBlockReference
  2
_ARCHTICK
 10
12000.0
 20
8699.3
 30
0.0
 41
0.04
 42
0.04
 50
180.0
  0
INSERT
  5
B2900
330
B2200
100
AcDbEntity
  8
DIMENSION
 62
8
100
AcDbBlockReference
  2
_ARCHTICK
 10
12010.2
 20
8699.3
 30
0.0
 41
0.04
 42
0.04
  0
LINE
  5
B2B00
330
B2200
100
AcDbEntity
  8
0
 62
8
100
AcDbLine
 10
12000.0
 20
8699.3
 30
0.0
 11
12010.2
 21
8699.3
 31
0.0
  0
MTEXT
  5
B2C00
330
B2200
100
AcDbEntity
  8
DIMENSION
 62
8
100
AcDbMText
 10
12005.1
 20
8699.465
 30
0.0
 40
0.13
 71
5
  1
1020
  7
OpenSansCondensed-Light
  0
POINT
  5
B2D00
330
B2200
100
AcDbEntity
  8
Defpoints
100
AcDbPoint
 10
12000.0
 20
8699.3
 30
0.0
  0
POINT
  5
B2E00
330
B2200
100
AcDbEntity
  8
Defpoints
100
AcDbPoint
 10
12000.0
 20
8700.0
 30
0.0
  0
POINT
  5
B2F00
330
B2200
100
AcDbEntity
  8
Defpoints
100
AcDbPoint
 10
12010.2
 20
8700.0
 30
0.0
  0
ENDBLK
  5
B2400
330
B2200
100
AcDbEntity
  8
0
100
AcDbBlockEnd
  0
BLOCK
  5
B3800
330
B3700
100
AcDbEntity
  8
0
100
AcDbBlockBegin
  2
*D33
 70
1
 10
0.0
 20
0.0
 30
0.0
  3
*D33
  1

  0
LINE
  5
B3A00
330
B3700
100
AcDbEntity
  8
0
 62
8
100
AcDbLine
 10
11999.97
 20
8700.0
 30
0.0
 11
11999.359999999999
 21
8700.0
 31
0.0
  0
LINE
  5
B3B00
330
B3700
100
AcDbEntity
  8
0
 62
8
100
AcDbLine
 10
11999.97
 20
8704.5
 30
0.0
 11
11999.359999999999
 21
8704.5
 31
0.0
  0
INSERT
  5
B3C00
330
B3700
100
AcDbEntity
  8
DIMENSION
 62
8
100
AcDbBlockReference
  2
_ARCHTICK
 10
11999.4
 20
8700.0
 30
0.0
 41
0.04
 42
0.04
 50
270.0
  0
INSERT
  5
B3E00
330
B3700
100
AcDbEntity
  8
DIMENSION
 62
8
100
AcDbBlockReference
  2
_ARCHTICK
 10
11999.4
 20
8704.5
 30
0.0
 41
0.04
 42
0.04
 50
90.0
  0
LINE
  5
B4000
330
B3700
100
AcDbEntity
  8
0
 62
8
100
AcDbLine
 10
11999.4
 20
8700.0
 30
0.0
 11
11999.4
 21
8704.5
 31
0.0
  0
MTEXT
  5
B4100
330
B3700
100
AcDbEntity
  8
DIMENSION
 62
8
100
AcDbMText
 10
11999.234999999999
 20
8702.25
 30
0.0
 40
0.13
 71
5
  1
450
  7
OpenSansCondensed-Light
 11
6.123233995736766e-17
 21
1.0
 31
0.0
  0
POINT
  5
B4200
330
B3700
100
AcDbEntity
  8
Defpoints
100
AcDbPoint
 10
11999.4
 20
8700.0
 30
0.0
  0
POINT
  5
B4300
330
B3700
100
AcDbEntity
  8
Defpoints
100
AcDbPoint
 10
12000.0
 20
8700.0
 30
0.0
  0
POINT
  5
B4400
330
B3700
100
AcDbEntity
  8
Defpoints
100
AcDbPoint
 10
12000.0
 20
8704.5
 30
0.0
  0
ENDBLK
  5
B3900
330
B3700
100
AcDbEntity
  8
0
100
AcDbBlockEnd
  0
BLOCK
  5
B6300
330
B6200
100
AcDbEntity
  8
0
100
AcDbBlockBegin
  2
*Paper_Space6
 70
0
 10
0.0
 20
0.0
 30
0.0
  3
*Paper_Space6
  1

  0
VIEWPORT
  5
B6600
330
B6200
100
AcDbEntity
 67
1
  8
VIEWPORTS
100
AcDbViewport
 10
420.5
 20
297.0
 30
0.0
 40
925.1
 41
653.4000000000001
 68
1
 69
1
 12
420.5
 22
297.0
 13
0.0
 23
0.0
 14
10.0
 24
10.0
 15
10.0
 25
10.0
 16
0.0
 26
0.0
 36
1.0
 17
0.0
 27
0.0
 37
0.0
 42
50.0
 43
0.0
 44
0.0
 45
653.4000000000001
 50
0.0
 51
0.0
 72
100
 90
557088
  1

281
0
 71
0
 74
0
110
0.0
120
0.0
130
0.0
111
1.0
121
0.0
131
0.0
112
0.0
122
1.0
132
0.0
 79
0
146
0.0
1001
JETIS_VPORT
1000
R02 viewport authoring metadata
1070
1
1070
1
  0
VIEWPORT
  5
B6700
330
B6200
100
AcDbEntity
 67
1
  8
0
100
AcDbViewport
 10
420.5
 20
297.0
 30
0.0
 40
841.0
 41
594.0
 68
2
 69
3
 12
52.574999999999996
 22
-1274.05
 13
0.0
 23
0.0
 14
10.0
 24
10.0
 15
10.0
 25
10.0
 16
0.0
 26
0.0
 36
1.0
 17
0.0
 27
0.0
 37
0.0
 42
50.0
 43
0.0
 44
0.0
 45
89.1
 50
0.0
 51
0.0
 72
100
 90
0
  1

281
0
 71
0
 74
0
110
0.0
120
0.0
130
0.0
111
1.0
121
0.0
131
0.0
112
0.0
122
1.0
132
0.0
 79
0
146
0.0
1001
JETIS_VPORT
1000
R02 viewport authoring metadata
1070
3
1070
2
  0
VIEWPORT
  5
B6800
330
B6200
100
AcDbEntity
 67
1
  8
0
100
AcDbViewport
 10
312.0
 20
282.70000000000005
 30
0.0
 40
498.0
 41
95.80000000000001
 68
3
 69
4
 12
11060.0
 22
8704.175
 13
0.0
 23
0.0
 14
10.0
 24
10.0
 15
10.0
 25
10.0
 16
0.0
 26
0.0
 36
1.0
 17
0.0
 27
0.0
 37
0.0
 42
50.0
 43
0.0
 44
0.0
 45
23.950000000000003
 50
0.0
 51
0.0
 72
100
 90
0
  1

281
0
 71
0
 74
0
110
0.0
120
0.0
130
0.0
111
1.0
121
0.0
131
0.0
112
0.0
122
1.0
132
0.0
 79
0
146
0.0
1001
JETIS_VPORT
1000
R02 viewport authoring metadata
1070
4
1070
3
  0
VIEWPORT
  5
B6900
330
B6200
100
AcDbEntity
 67
1
  8
0
100
AcDbViewport
 10
186.85
 20
160.25
 30
0.0
 40
248.3
 41
116.89999999999998
 68
3
 69
5
 12
12005.2425
 22
8701.8625
 13
0.0
 23
0.0
 14
10.0
 24
10.0
 15
10.0
 25
10.0
 16
0.0
 26
0.0
 36
1.0
 17
0.0
 27
0.0
 37
0.0
 42
50.0
 43
0.0
 44
0.0
 45
5.844999999999999
 50
0.0
 51
0.0
 72
100
 90
0
  1

281
0
 71
0
 74
0
110
0.0
120
0.0
130
0.0
111
1.0
121
0.0
131
0.0
112
0.0
122
1.0
132
0.0
 79
0
146
0.0
1001
JETIS_VPORT
1000
R02 viewport authoring metadata
1070
5
1070
3
  0
ENDBLK
  5
B6400
330
B6200
100
AcDbEntity
  8
0
100
AcDbBlockEnd
  0
BLOCK
  5
24300
330
24200
100
AcDbEntity
  8
0
100
AcDbBlockBegin
  2
*Paper_Space
 70
0
 10
0.0
 20
0.0
 30
0.0
  3
*Paper_Space
  1

  0
ENDBLK
  5
24400
330
24200
100
AcDbEntity
  8
0
100
AcDbBlockEnd
  0
ENDSEC
  0
SECTION
  2
ENTITIES
  0
HATCH
  5
1B200
330
1F
100
AcDbEntity
  8
HATCH
 62
254
100
AcDbHatch
 10
0.0
 20
0.0
 30
0.0
210
0.0
220
0.0
230
1.0
  2
SOLID
 70
1
 71
0
 91
1
 92
3
 72
0
 73
1
 93
12
 10
21.136987139887424
 20
128.27013594226855
 10
49.42010755231058
 20
125.69620903259374
 10
50.703654058261236
 20
141.64464181976973
 10
140.4752013376601
 20
135.23610851935473
 10
151.24065694615638
 20
92.3671807797723
 10
145.61353499411234
 20
92.60153230573906
 10
160.12874422382993
 20
4.387765233827395
 10
146.72244016926743
 20
2.454219387041576
 10
87.07754548723824
 20
-7.424193246748473
 10
87.99999999999636
 20
0.0
 10
0.0
 20
0.0
 10
21.136987139887424
 20
128.27013594226855
 97
0
 75
0
 76
1
 98
0
1001
JETIS
1000
R02 LOD100
1000
SOURCE
1000
2A2B8
  0
HATCH
  5
1B400
330
1F
100
AcDbEntity
  8
HATCH
 62
254
100
AcDbHatch
 10
0.0
 20
0.0
 30
0.0
210
0.0
220
0.0
230
1.0
  2
SOLID
 70
1
 71
0
 91
1
 92
3
 72
0
 73
1
 93
4
 10
105.2
 20
-17.0
 10
117.2
 20
-17.0
 10
117.2
 20
26.0
 10
105.2
 20
26.0
 97
0
 75
0
 76
1
 98
0
1001
JETIS
1000
R02 LOD100
1000
VISUAL ASSUMPTION
1000

  0
HATCH
  5
1B600
330
1F
100
AcDbEntity
  8
HATCH
 62
254
100
AcDbHatch
 10
0.0
 20
0.0
 30
0.0
210
0.0
220
0.0
230
1.0
  2
SOLID
 70
1
 71
0
 91
1
 92
3
 72
0
 73
1
 93
4
 10
53.0
 20
18.8
 10
133.0
 20
18.8
 10
133.0
 20
23.0
 10
53.0
 20
23.0
 97
0
 75
0
 76
1
 98
0
1001
JETIS
1000
R02 LOD100
1000
VISUAL ASSUMPTION
1000

  0
HATCH
  5
1B800
330
1F
100
AcDbEntity
  8
HATCH
 62
254
100
AcDbHatch
 10
0.0
 20
0.0
 30
0.0
210
0.0
220
0.0
230
1.0
  2
SOLID
 70
1
 71
0
 91
1
 92
3
 72
0
 73
1
 93
4
 10
118.0
 20
2.5
 10
155.0
 20
2.5
 10
155.0
 20
18.5
 10
118.0
 20
18.5
 97
0
 75
0
 76
1
 98
0
1001
JETIS
1000
R02 LOD100
1000
VISUAL ASSUMPTION
1000

  0
HATCH
  5
1BA00
330
1F
100
AcDbEntity
  8
HATCH
 62
7
100
AcDbHatch
 10
0.0
 20
0.0
 30
0.0
210
0.0
220
0.0
230
1.0
  2
SOLID
 70
1
 71
0
 91
1
 92
3
 72
0
 73
1
 93
4
 10
121.0
 20
3.2
 10
121.1
 20
3.2
 10
121.1
 20
16.9
 10
121.0
 20
16.9
 97
0
 75
0
 76
1
 98
0
1001
JETIS
1000
R02 LOD100
1000
VISUAL ASSUMPTION
1000

  0
HATCH
  5
1BC00
330
1F
100
AcDbEntity
  8
HATCH
 62
7
100
AcDbHatch
 10
0.0
 20
0.0
 30
0.0
210
0.0
220
0.0
230
1.0
  2
SOLID
 70
1
 71
0
 91
1
 92
3
 72
0
 73
1
 93
4
 10
125.3
 20
3.2
 10
125.39999999999999
 20
3.2
 10
125.39999999999999
 20
16.9
 10
125.3
 20
16.9
 97
0
 75
0
 76
1
 98
0
1001
JETIS
1000
R02 LOD100
1000
VISUAL ASSUMPTION
1000

  0
HATCH
  5
1BE00
330
1F
100
AcDbEntity
  8
HATCH
 62
7
100
AcDbHatch
 10
0.0
 20
0.0
 30
0.0
210
0.0
220
0.0
230
1.0
  2
SOLID
 70
1
 71
0
 91
1
 92
3
 72
0
 73
1
 93
4
 10
129.6
 20
3.2
 10
129.7
 20
3.2
 10
129.7
 20
16.9
 10
129.6
 20
16.9
 97
0
 75
0
 76
1
 98
0
1001
JETIS
1000
R02 LOD100
1000
VISUAL ASSUMPTION
1000

  0
HATCH
  5
1C000
330
1F
100
AcDbEntity
  8
HATCH
 62
7
100
AcDbHatch
 10
0.0
 20
0.0
 30
0.0
210
0.0
220
0.0
230
1.0
  2
SOLID
 70
1
 71
0
 91
1
 92
3
 72
0
 73
1
 93
4
 10
133.9
 20
3.2
 10
134.0
 20
3.2
 10
134.0
 20
16.9
 10
133.9
 20
16.9
 97
0
 75
0
 76
1
 98
0
1001
JETIS
1000
R02 LOD100
1000
VISUAL ASSUMPTION
1000

  0
HATCH
  5
1C200
330
1F
100
AcDbEntity
  8
HATCH
 62
7
100
AcDbHatch
 10
0.0
 20
0.0
 30
0.0
210
0.0
220
0.0
230
1.0
  2
SOLID
 70
1
 71
0
 91
1
 92
3
 72
0
 73
1
 93
4
 10
138.2
 20
3.2
 10
138.29999999999998
 20
3.2
 10
138.29999999999998
 20
16.9
 10
138.2
 20
16.9
 97
0
 75
0
 76
1
 98
0
1001
JETIS
1000
R02 LOD100
1000
VISUAL ASSUMPTION
1000

  0
HATCH
  5
1C400
330
1F
100
AcDbEntity
  8
HATCH
 62
7
100
AcDbHatch
 10
0.0
 20
0.0
 30
0.0
210
0.0
220
0.0
230
1.0
  2
SOLID
 70
1
 71
0
 91
1
 92
3
 72
0
 73
1
 93
4
 10
142.5
 20
3.2
 10
142.6
 20
3.2
 10
142.6
 20
16.9
 10
142.5
 20
16.9
 97
0
 75
0
 76
1
 98
0
1001
JETIS
1000
R02 LOD100
1000
VISUAL ASSUMPTION
1000

  0
HATCH
  5
1C600
330
1F
100
AcDbEntity
  8
HATCH
 62
7
100
AcDbHatch
 10
0.0
 20
0.0
 30
0.0
210
0.0
220
0.0
230
1.0
  2
SOLID
 70
1
 71
0
 91
1
 92
3
 72
0
 73
1
 93
4
 10
146.8
 20
3.2
 10
146.9
 20
3.2
 10
146.9
 20
16.9
 10
146.8
 20
16.9
 97
0
 75
0
 76
1
 98
0
1001
JETIS
1000
R02 LOD100
1000
VISUAL ASSUMPTION
1000

  0
HATCH
  5
1C800
330
1F
100
AcDbEntity
  8
HATCH
 62
7
100
AcDbHatch
 10
0.0
 20
0.0
 30
0.0
210
0.0
220
0.0
230
1.0
  2
SOLID
 70
1
 71
0
 91
1
 92
3
 72
0
 73
1
 93
4
 10
151.1
 20
3.2
 10
151.2
 20
3.2
 10
151.2
 20
16.9
 10
151.1
 20
16.9
 97
0
 75
0
 76
1
 98
0
1001
JETIS
1000
R02 LOD100
1000
VISUAL ASSUMPTION
1000

  0
HATCH
  5
1CA00
330
1F
100
AcDbEntity
  8
HATCH
 62
7
100
AcDbHatch
 10
0.0
 20
0.0
 30
0.0
210
0.0
220
0.0
230
1.0
  2
SOLID
 70
1
 71
0
 91
1
 92
3
 72
0
 73
1
 93
4
 10
120.8
 20
3.0
 10
155.3
 20
3.0
 10
155.3
 20
3.12
 10
120.8
 20
3.12
 97
0
 75
0
 76
1
 98
0
1001
JETIS
1000
R02 LOD100
1000
VISUAL ASSUMPTION
1000

  0
HATCH
  5
1CC00
330
1F
100
AcDbEntity
  8
HATCH
 62
7
100
AcDbHatch
 10
0.0
 20
0.0
 30
0.0
210
0.0
220
0.0
230
1.0
  2
SOLID
 70
1
 71
0
 91
1
 92
3
 72
0
 73
1
 93
4
 10
97.2
 20
1.3
 10
100.7
 20
1.3
 10
100.7
 20
5.5
 10
97.2
 20
5.5
 97
0
 75
0
 76
1
 98
0
1001
JETIS
1000
R02 LOD100
1000
VISUAL ASSUMPTION
1000

  0
HATCH
  5
1CE00
330
1F
100
AcDbEntity
  8
HATCH
 62
7
100
AcDbHatch
 10
0.0
 20
0.0
 30
0.0
210
0.0
220
0.0
230
1.0
  2
SOLID
 70
1
 71
0
 91
1
 92
3
 72
0
 73
1
 93
4
 10
97.2
 20
1.3
 10
100.7
 20
1.3
 10
100.7
 20
5.5
 10
97.2
 20
5.5
 97
0
 75
0
 76
1
 98
0
1001
JETIS
1000
R02 LOD100
1000
VISUAL ASSUMPTION
1000

  0
HATCH
  5
1D000
330
1F
100
AcDbEntity
  8
HATCH
 62
254
100
AcDbHatch
 10
0.0
 20
0.0
 30
0.0
210
0.0
220
0.0
230
1.0
  2
SOLID
 70
1
 71
0
 91
1
 92
3
 72
0
 73
1
 93
4
 10
65.0
 20
-17.0
 10
165.0
 20
-17.0
 10
165.0
 20
-10.0
 10
65.0
 20
-10.0
 97
0
 75
0
 76
1
 98
0
1001
JETIS
1000
R02 LOD100
1000
VISUAL ASSUMPTION
1000

  0
HATCH
  5
1D200
330
1F
100
AcDbEntity
  8
HATCH
 62
254
100
AcDbHatch
 10
0.0
 20
0.0
 30
0.0
210
0.0
220
0.0
230
1.0
  2
SOLID
 70
1
 71
0
 91
1
 92
3
 72
0
 73
1
 93
4
 10
65.0
 20
-9.82
 10
165.0
 20
-9.82
 10
165.0
 20
-9.17
 10
65.0
 20
-9.17
 97
0
 75
0
 76
1
 98
0
1001
JETIS
1000
R02 LOD100
1000
VISUAL ASSUMPTION
1000

  0
HATCH
  5
1D400
330
1F
100
AcDbEntity
  8
HATCH
 62
254
100
AcDbHatch
 10
0.0
 20
0.0
 30
0.0
210
0.0
220
0.0
230
1.0
  2
SOLID
 70
1
 71
0
 91
1
 92
3
 72
0
 73
1
 93
4
 10
29.41153045480314
 20
83.81726101767208
 10
65.41153045480314
 20
83.81726101767208
 10
65.41153045480314
 20
53.81726101767208
 10
29.41153045480314
 20
53.81726101767208
 97
0
 75
0
 76
1
 98
0
1001
JETIS
1000
R02 LOD100
1000
SOURCE
1000
2A2E5
  0
HATCH
  5
1D900
330
1F
100
AcDbEntity
  8
HATCH
 62
254
100
AcDbHatch
 10
0.0
 20
0.0
 30
0.0
210
0.0
220
0.0
230
1.0
  2
SOLID
 70
1
 71
0
 91
1
 92
3
 72
0
 73
1
 93
4
 10
65.41153045480314
 20
83.81726101767208
 10
143.41153045480314
 20
83.81726101767208
 10
143.41153045480314
 20
53.81726107906297
 10
65.41153045480314
 20
53.81726107906297
 97
0
 75
0
 76
1
 98
0
1001
JETIS
1000
R02 LOD100
1000
SOURCE
1000
2A310
  0
HATCH
  5
1DE00
330
1F
100
AcDbEntity
  8
HATCH
 62
254
100
AcDbHatch
 10
0.0
 20
0.0
 30
0.0
210
0.0
220
0.0
230
1.0
  2
SOLID
 70
1
 71
0
 91
1
 92
3
 72
0
 73
1
 93
4
 10
29.41153045480314
 20
53.81726101767208
 10
65.41153045480314
 20
53.81726101767208
 10
65.41153045480314
 20
23.81726101767208
 10
29.41153045480314
 20
23.81726101767208
 97
0
 75
0
 76
1
 98
0
1001
JETIS
1000
R02 LOD100
1000
SOURCE
1000
2A2E9
  0
HATCH
  5
1E300
330
1F
100
AcDbEntity
  8
HATCH
 62
254
100
AcDbHatch
 10
0.0
 20
0.0
 30
0.0
210
0.0
220
0.0
230
1.0
  2
SOLID
 70
1
 71
0
 91
1
 92
3
 72
0
 73
1
 93
4
 10
65.41153045480496
 20
53.8172611772884
 10
149.41153045480314
 20
53.8172611772884
 10
149.41153045480314
 20
23.81726101767208
 10
65.41153045480496
 20
23.81726101767208
 97
0
 75
0
 76
1
 98
0
1001
JETIS
1000
R02 LOD100
1000
SOURCE
1000
2A313
  0
HATCH
  5
1E800
330
1F
100
AcDbEntity
  8
HATCH
 62
254
100
AcDbHatch
 10
0.0
 20
0.0
 30
0.0
210
0.0
220
0.0
230
1.0
  2
SOLID
 70
1
 71
0
 91
1
 92
3
 72
0
 73
1
 93
4
 10
53.4115304465231
 20
139.81726101792128
 10
53.41153044652128
 20
103.81726101792128
 10
137.41153044652128
 20
103.81726101792128
 10
137.41153044652128
 20
133.81726101792128
 97
0
 75
0
 76
1
 98
0
1001
JETIS
1000
R02 LOD100
1000
SOURCE
1000
2A2D5
  0
HATCH
  5
1ED00
330
1F
100
AcDbEntity
  8
HATCH
 62
254
100
AcDbHatch
 10
0.0
 20
0.0
 30
0.0
210
0.0
220
0.0
230
1.0
  2
SOLID
 70
1
 71
0
 91
1
 92
3
 72
0
 73
1
 93
4
 10
39.91153010992275
 20
18.81726101767208
 10
39.91153010992275
 20
14.817261017672081
 10
54.91153010992275
 20
14.817261017672081
 10
54.91153010992275
 20
18.81726101767208
 97
0
 75
0
 76
1
 98
0
1001
JETIS
1000
R02 LOD100
1000
SOURCE
1000
2A318
  0
HATCH
  5
1EF00
330
1F
100
AcDbEntity
  8
HATCH
 62
7
100
AcDbHatch
 10
0.0
 20
0.0
 30
0.0
210
0.0
220
0.0
230
1.0
  2
SOLID
 70
1
 71
0
 91
1
 92
3
 72
0
 73
1
 93
4
 10
45.83653010992202
 20
20.742261017672263
 10
48.98653010992348
 20
20.742261017672263
 10
48.98653010992348
 20
23.8922610176719
 10
45.83653010992202
 20
23.8922610176719
 97
0
 75
0
 76
1
 98
0
1001
JETIS
1000
R02 LOD100
1000
SOURCE
1000
2A425
  0
HATCH
  5
21C00
330
1F
100
AcDbEntity
  8
HATCH
 62
7
100
AcDbHatch
 10
0.0
 20
0.0
 30
0.0
210
0.0
220
0.0
230
1.0
  2
SOLID
 70
1
 71
0
 91
1
 92
3
 72
0
 73
1
 93
3
 10
26.0
 20
145.0
 10
25.078939005997114
 20
145.38941834230866
 10
25.078939005997114
 20
144.61058165769134
 97
0
 75
0
 76
1
 98
0
1001
JETIS
1000
R02 LOD100
1000
SOURCE
1000

  0
HATCH
  5
25E00
330
1F
100
AcDbEntity
  8
HATCH
 62
254
100
AcDbHatch
 10
0.0
 20
0.0
 30
0.0
210
0.0
220
0.0
230
1.0
  2
SOLID
 70
1
 71
0
 91
1
 92
3
 72
0
 73
1
 93
4
 10
629.4115304548031
 20
83.81726101767208
 10
665.4115304548031
 20
83.81726101767208
 10
665.4115304548031
 20
53.81726101767208
 10
629.4115304548031
 20
53.81726101767208
 97
0
 75
0
 76
1
 98
0
1001
JETIS
1000
R02 LOD100
1000
SOURCE
1000
2A2E5
  0
HATCH
  5
26300
330
1F
100
AcDbEntity
  8
HATCH
 62
254
100
AcDbHatch
 10
0.0
 20
0.0
 30
0.0
210
0.0
220
0.0
230
1.0
  2
SOLID
 70
1
 71
0
 91
1
 92
3
 72
0
 73
1
 93
4
 10
665.4115304548031
 20
83.81726101767208
 10
743.4115304548031
 20
83.81726101767208
 10
743.4115304548031
 20
53.81726107906297
 10
665.4115304548031
 20
53.81726107906297
 97
0
 75
0
 76
1
 98
0
1001
JETIS
1000
R02 LOD100
1000
SOURCE
1000
2A310
  0
HATCH
  5
26800
330
1F
100
AcDbEntity
  8
HATCH
 62
254
100
AcDbHatch
 10
0.0
 20
0.0
 30
0.0
210
0.0
220
0.0
230
1.0
  2
SOLID
 70
1
 71
0
 91
1
 92
3
 72
0
 73
1
 93
4
 10
629.4115304548031
 20
53.81726101767208
 10
665.4115304548031
 20
53.81726101767208
 10
665.4115304548031
 20
23.81726101767208
 10
629.4115304548031
 20
23.81726101767208
 97
0
 75
0
 76
1
 98
0
1001
JETIS
1000
R02 LOD100
1000
SOURCE
1000
2A2E9
  0
HATCH
  5
26D00
330
1F
100
AcDbEntity
  8
HATCH
 62
254
100
AcDbHatch
 10
0.0
 20
0.0
 30
0.0
210
0.0
220
0.0
230
1.0
  2
SOLID
 70
1
 71
0
 91
1
 92
3
 72
0
 73
1
 93
4
 10
665.411530454805
 20
53.8172611772884
 10
749.4115304548031
 20
53.8172611772884
 10
749.4115304548031
 20
23.81726101767208
 10
665.411530454805
 20
23.81726101767208
 97
0
 75
0
 76
1
 98
0
1001
JETIS
1000
R02 LOD100
1000
SOURCE
1000
2A313
  0
HATCH
  5
27200
330
1F
100
AcDbEntity
  8
HATCH
 62
254
100
AcDbHatch
 10
0.0
 20
0.0
 30
0.0
210
0.0
220
0.0
230
1.0
  2
SOLID
 70
1
 71
0
 91
1
 92
3
 72
0
 73
1
 93
4
 10
653.4115304465231
 20
139.81726101792128
 10
653.4115304465213
 20
103.81726101792128
 10
737.4115304465213
 20
103.81726101792128
 10
737.4115304465213
 20
133.81726101792128
 97
0
 75
0
 76
1
 98
0
1001
JETIS
1000
R02 LOD100
1000
SOURCE
1000
2A2D5
  0
HATCH
  5
2AF00
330
1F
100
AcDbEntity
  8
HATCH
 62
7
100
AcDbHatch
 10
0.0
 20
0.0
 30
0.0
210
0.0
220
0.0
230
1.0
  2
SOLID
 70
1
 71
0
 91
1
 92
3
 72
0
 73
1
 93
4
 10
629.4115304548031
 20
23.74226101767208
 10
630.2115304547938
 20
23.74226101767208
 10
630.2115304547938
 20
23.89226101767208
 10
629.4115304548031
 20
23.89226101767208
 97
0
 75
0
 76
1
 98
0
1001
JETIS
1000
R02 LOD100
1000
SOURCE-ALIGNED ENVELOPE
1000

  0
HATCH
  5
2B100
330
1F
100
AcDbEntity
  8
HATCH
 62
7
100
AcDbHatch
 10
0.0
 20
0.0
 30
0.0
210
0.0
220
0.0
230
1.0
  2
SOLID
 70
1
 71
0
 91
1
 92
3
 72
0
 73
1
 93
4
 10
631.6115304547916
 20
23.74226101767208
 10
633.2115304547938
 20
23.74226101767208
 10
633.2115304547938
 20
23.89226101767208
 10
631.6115304547916
 20
23.89226101767208
 97
0
 75
0
 76
1
 98
0
1001
JETIS
1000
R02 LOD100
1000
SOURCE-ALIGNED ENVELOPE
1000

  0
HATCH
  5
2B300
330
1F
100
AcDbEntity
  8
HATCH
 62
7
100
AcDbHatch
 10
0.0
 20
0.0
 30
0.0
210
0.0
220
0.0
230
1.0
  2
SOLID
 70
1
 71
0
 91
1
 92
3
 72
0
 73
1
 93
4
 10
634.6115304547916
 20
23.74226101767208
 10
666.9115304545544
 20
23.74226101767208
 10
666.9115304545544
 20
23.89226101767208
 10
634.6115304547916
 20
23.89226101767208
 97
0
 75
0
 76
1
 98
0
1001
JETIS
1000
R02 LOD100
1000
SOURCE-ALIGNED ENVELOPE
1000

  0
HATCH
  5
2B500
330
1F
100
AcDbEntity
  8
HATCH
 62
7
100
AcDbHatch
 10
0.0
 20
0.0
 30
0.0
210
0.0
220
0.0
230
1.0
  2
SOLID
 70
1
 71
0
 91
1
 92
3
 72
0
 73
1
 93
4
 10
669.9115304545544
 20
23.74226101767208
 10
672.9115304545544
 20
23.74226101767208
 10
672.9115304545544
 20
23.89226101767208
 10
669.9115304545544
 20
23.89226101767208
 97
0
 75
0
 76
1
 98
0
1001
JETIS
1000
R02 LOD100
1000
SOURCE-ALIGNED ENVELOPE
1000

  0
HATCH
  5
2B700
330
1F
100
AcDbEntity
  8
HATCH
 62
7
100
AcDbHatch
 10
0.0
 20
0.0
 30
0.0
210
0.0
220
0.0
230
1.0
  2
SOLID
 70
1
 71
0
 91
1
 92
3
 72
0
 73
1
 93
4
 10
675.9115304545544
 20
23.74226101767208
 10
678.9115304545544
 20
23.74226101767208
 10
678.9115304545544
 20
23.89226101767208
 10
675.9115304545544
 20
23.89226101767208
 97
0
 75
0
 76
1
 98
0
1001
JETIS
1000
R02 LOD100
1000
SOURCE-ALIGNED ENVELOPE
1000

  0
HATCH
  5
2B900
330
1F
100
AcDbEntity
  8
HATCH
 62
7
100
AcDbHatch
 10
0.0
 20
0.0
 30
0.0
210
0.0
220
0.0
230
1.0
  2
SOLID
 70
1
 71
0
 91
1
 92
3
 72
0
 73
1
 93
4
 10
681.9115304545544
 20
23.74226101767208
 10
684.9115304545544
 20
23.74226101767208
 10
684.9115304545544
 20
23.89226101767208
 10
681.9115304545544
 20
23.89226101767208
 97
0
 75
0
 76
1
 98
0
1001
JETIS
1000
R02 LOD100
1000
SOURCE-ALIGNED ENVELOPE
1000

  0
HATCH
  5
2BB00
330
1F
100
AcDbEntity
  8
HATCH
 62
7
100
AcDbHatch
 10
0.0
 20
0.0
 30
0.0
210
0.0
220
0.0
230
1.0
  2
SOLID
 70
1
 71
0
 91
1
 92
3
 72
0
 73
1
 93
4
 10
687.9115304545544
 20
23.74226101767208
 10
690.9115304545544
 20
23.74226101767208
 10
690.9115304545544
 20
23.89226101767208
 10
687.9115304545544
 20
23.89226101767208
 97
0
 75
0
 76
1
 98
0
1001
JETIS
1000
R02 LOD100
1000
SOURCE-ALIGNED ENVELOPE
1000

  0
HATCH
  5
2BD00
330
1F
100
AcDbEntity
  8
HATCH
 62
7
100
AcDbHatch
 10
0.0
 20
0.0
 30
0.0
210
0.0
220
0.0
230
1.0
  2
SOLID
 70
1
 71
0
 91
1
 92
3
 72
0
 73
1
 93
4
 10
693.9115304545544
 20
23.74226101767208
 10
696.9115304545544
 20
23.74226101767208
 10
696.9115304545544
 20
23.89226101767208
 10
693.9115304545544
 20
23.89226101767208
 97
0
 75
0
 76
1
 98
0
1001
JETIS
1000
R02 LOD100
1000
SOURCE-ALIGNED ENVELOPE
1000

  0
HATCH
  5
2BF00
330
1F
100
AcDbEntity
  8
HATCH
 62
7
100
AcDbHatch
 10
0.0
 20
0.0
 30
0.0
210
0.0
220
0.0
230
1.0
  2
SOLID
 70
1
 71
0
 91
1
 92
3
 72
0
 73
1
 93
4
 10
699.9115304545544
 20
23.74226101767208
 10
720.9115304545544
 20
23.74226101767208
 10
720.9115304545544
 20
23.89226101767208
 10
699.9115304545544
 20
23.89226101767208
 97
0
 75
0
 76
1
 98
0
1001
JETIS
1000
R02 LOD100
1000
SOURCE-ALIGNED ENVELOPE
1000

  0
HATCH
  5
2C100
330
1F
100
AcDbEntity
  8
HATCH
 62
7
100
AcDbHatch
 10
0.0
 20
0.0
 30
0.0
210
0.0
220
0.0
230
1.0
  2
SOLID
 70
1
 71
0
 91
1
 92
3
 72
0
 73
1
 93
4
 10
723.9115304545544
 20
23.74226101767208
 10
726.9115304545544
 20
23.74226101767208
 10
726.9115304545544
 20
23.89226101767208
 10
723.9115304545544
 20
23.89226101767208
 97
0
 75
0
 76
1
 98
0
1001
JETIS
1000
R02 LOD100
1000
SOURCE-ALIGNED ENVELOPE
1000

  0
HATCH
  5
2C300
330
1F
100
AcDbEntity
  8
HATCH
 62
7
100
AcDbHatch
 10
0.0
 20
0.0
 30
0.0
210
0.0
220
0.0
230
1.0
  2
SOLID
 70
1
 71
0
 91
1
 92
3
 72
0
 73
1
 93
4
 10
729.9115304545544
 20
23.74226101767208
 10
732.9115304545544
 20
23.74226101767208
 10
732.9115304545544
 20
23.89226101767208
 10
729.9115304545544
 20
23.89226101767208
 97
0
 75
0
 76
1
 98
0
1001
JETIS
1000
R02 LOD100
1000
SOURCE-ALIGNED ENVELOPE
1000

  0
HATCH
  5
2C500
330
1F
100
AcDbEntity
  8
HATCH
 62
7
100
AcDbHatch
 10
0.0
 20
0.0
 30
0.0
210
0.0
220
0.0
230
1.0
  2
SOLID
 70
1
 71
0
 91
1
 92
3
 72
0
 73
1
 93
4
 10
735.9115304545544
 20
23.74226101767208
 10
738.9115304545544
 20
23.74226101767208
 10
738.9115304545544
 20
23.89226101767208
 10
735.9115304545544
 20
23.89226101767208
 97
0
 75
0
 76
1
 98
0
1001
JETIS
1000
R02 LOD100
1000
SOURCE-ALIGNED ENVELOPE
1000

  0
HATCH
  5
2C700
330
1F
100
AcDbEntity
  8
HATCH
 62
7
100
AcDbHatch
 10
0.0
 20
0.0
 30
0.0
210
0.0
220
0.0
230
1.0
  2
SOLID
 70
1
 71
0
 91
1
 92
3
 72
0
 73
1
 93
4
 10
741.9115304545544
 20
23.74226101767208
 10
749.4115304548031
 20
23.74226101767208
 10
749.4115304548031
 20
23.89226101767208
 10
741.9115304545544
 20
23.89226101767208
 97
0
 75
0
 76
1
 98
0
1001
JETIS
1000
R02 LOD100
1000
SOURCE-ALIGNED ENVELOPE
1000

  0
HATCH
  5
2C900
330
1F
100
AcDbEntity
  8
HATCH
 62
7
100
AcDbHatch
 10
0.0
 20
0.0
 30
0.0
210
0.0
220
0.0
230
1.0
  2
SOLID
 70
1
 71
0
 91
1
 92
3
 72
0
 73
1
 93
4
 10
629.4115304548031
 20
83.74226101767208
 10
672.9115304550542
 20
83.74226101767208
 10
672.9115304550542
 20
83.89226101767208
 10
629.4115304548031
 20
83.89226101767208
 97
0
 75
0
 76
1
 98
0
1001
JETIS
1000
R02 LOD100
1000
SOURCE-ALIGNED ENVELOPE
1000

  0
HATCH
  5
2CB00
330
1F
100
AcDbEntity
  8
HATCH
 62
7
100
AcDbHatch
 10
0.0
 20
0.0
 30
0.0
210
0.0
220
0.0
230
1.0
  2
SOLID
 70
1
 71
0
 91
1
 92
3
 72
0
 73
1
 93
4
 10
675.9115304550542
 20
83.74226101767208
 10
684.9115304550505
 20
83.74226101767208
 10
684.9115304550505
 20
83.89226101767208
 10
675.9115304550542
 20
83.89226101767208
 97
0
 75
0
 76
1
 98
0
1001
JETIS
1000
R02 LOD100
1000
SOURCE-ALIGNED ENVELOPE
1000

  0
HATCH
  5
2CD00
330
1F
100
AcDbEntity
  8
HATCH
 62
7
100
AcDbHatch
 10
0.0
 20
0.0
 30
0.0
210
0.0
220
0.0
230
1.0
  2
SOLID
 70
1
 71
0
 91
1
 92
3
 72
0
 73
1
 93
4
 10
687.9115304550505
 20
83.74226101767208
 10
696.9115304550505
 20
83.74226101767208
 10
696.9115304550505
 20
83.89226101767208
 10
687.9115304550505
 20
83.89226101767208
 97
0
 75
0
 76
1
 98
0
1001
JETIS
1000
R02 LOD100
1000
SOURCE-ALIGNED ENVELOPE
1000

  0
HATCH
  5
2CF00
330
1F
100
AcDbEntity
  8
HATCH
 62
7
100
AcDbHatch
 10
0.0
 20
0.0
 30
0.0
210
0.0
220
0.0
230
1.0
  2
SOLID
 70
1
 71
0
 91
1
 92
3
 72
0
 73
1
 93
4
 10
699.9115304550505
 20
83.74226101767208
 10
708.9115304550505
 20
83.74226101767208
 10
708.9115304550505
 20
83.89226101767208
 10
699.9115304550505
 20
83.89226101767208
 97
0
 75
0
 76
1
 98
0
1001
JETIS
1000
R02 LOD100
1000
SOURCE-ALIGNED ENVELOPE
1000

  0
HATCH
  5
2D100
330
1F
100
AcDbEntity
  8
HATCH
 62
7
100
AcDbHatch
 10
0.0
 20
0.0
 30
0.0
210
0.0
220
0.0
230
1.0
  2
SOLID
 70
1
 71
0
 91
1
 92
3
 72
0
 73
1
 93
4
 10
711.9115304550505
 20
83.74226101767208
 10
720.9115304550505
 20
83.74226101767208
 10
720.9115304550505
 20
83.89226101767208
 10
711.9115304550505
 20
83.89226101767208
 97
0
 75
0
 76
1
 98
0
1001
JETIS
1000
R02 LOD100
1000
SOURCE-ALIGNED ENVELOPE
1000

  0
HATCH
  5
2D300
330
1F
100
AcDbEntity
  8
HATCH
 62
7
100
AcDbHatch
 10
0.0
 20
0.0
 30
0.0
210
0.0
220
0.0
230
1.0
  2
SOLID
 70
1
 71
0
 91
1
 92
3
 72
0
 73
1
 93
4
 10
723.9115304550505
 20
83.74226101767208
 10
732.9115304550505
 20
83.74226101767208
 10
732.9115304550505
 20
83.89226101767208
 10
723.9115304550505
 20
83.89226101767208
 97
0
 75
0
 76
1
 98
0
1001
JETIS
1000
R02 LOD100
1000
SOURCE-ALIGNED ENVELOPE
1000

  0
HATCH
  5
2D500
330
1F
100
AcDbEntity
  8
HATCH
 62
7
100
AcDbHatch
 10
0.0
 20
0.0
 30
0.0
210
0.0
220
0.0
230
1.0
  2
SOLID
 70
1
 71
0
 91
1
 92
3
 72
0
 73
1
 93
4
 10
735.9115304550505
 20
83.74226101767208
 10
743.4115304548031
 20
83.74226101767208
 10
743.4115304548031
 20
83.89226101767208
 10
735.9115304550505
 20
83.89226101767208
 97
0
 75
0
 76
1
 98
0
1001
JETIS
1000
R02 LOD100
1000
SOURCE-ALIGNED ENVELOPE
1000

  0
HATCH
  5
2D700
330
1F
100
AcDbEntity
  8
HATCH
 62
7
100
AcDbHatch
 10
0.0
 20
0.0
 30
0.0
210
0.0
220
0.0
230
1.0
  2
SOLID
 70
1
 71
0
 91
1
 92
3
 72
0
 73
1
 93
4
 10
629.3365304548031
 20
23.81726101767208
 10
629.4865304548032
 20
23.81726101767208
 10
629.4865304548032
 20
24.267260511762288
 10
629.3365304548031
 20
24.267260511762288
 97
0
 75
0
 76
1
 98
0
1001
JETIS
1000
R02 LOD100
1000
SOURCE-ALIGNED ENVELOPE
1000

  0
HATCH
  5
2D900
330
1F
100
AcDbEntity
  8
HATCH
 62
7
100
AcDbHatch
 10
0.0
 20
0.0
 30
0.0
210
0.0
220
0.0
230
1.0
  2
SOLID
 70
1
 71
0
 91
1
 92
3
 72
0
 73
1
 93
4
 10
629.3365304548031
 20
26.067260511762015
 10
629.4865304548032
 20
26.067260511762015
 10
629.4865304548032
 20
26.517260511745008
 10
629.3365304548031
 20
26.517260511745008
 97
0
 75
0
 76
1
 98
0
1001
JETIS
1000
R02 LOD100
1000
SOURCE-ALIGNED ENVELOPE
1000

  0
HATCH
  5
2DB00
330
1F
100
AcDbEntity
  8
HATCH
 62
7
100
AcDbHatch
 10
0.0
 20
0.0
 30
0.0
210
0.0
220
0.0
230
1.0
  2
SOLID
 70
1
 71
0
 91
1
 92
3
 72
0
 73
1
 93
4
 10
629.3365304548031
 20
26.517260511745008
 10
629.4865304548032
 20
26.517260511745008
 10
629.4865304548032
 20
27.11726051174719
 10
629.3365304548031
 20
27.11726051174719
 97
0
 75
0
 76
1
 98
0
1001
JETIS
1000
R02 LOD100
1000
SOURCE-ALIGNED ENVELOPE
1000

  0
HATCH
  5
2DD00
330
1F
100
AcDbEntity
  8
HATCH
 62
7
100
AcDbHatch
 10
0.0
 20
0.0
 30
0.0
210
0.0
220
0.0
230
1.0
  2
SOLID
 70
1
 71
0
 91
1
 92
3
 72
0
 73
1
 93
4
 10
629.3365304548031
 20
27.11726051174719
 10
629.4865304548032
 20
27.11726051174719
 10
629.4865304548032
 20
27.8172605117461
 10
629.3365304548031
 20
27.8172605117461
 97
0
 75
0
 76
1
 98
0
1001
JETIS
1000
R02 LOD100
1000
SOURCE-ALIGNED ENVELOPE
1000

  0
HATCH
  5
2DF00
330
1F
100
AcDbEntity
  8
HATCH
 62
7
100
AcDbHatch
 10
0.0
 20
0.0
 30
0.0
210
0.0
220
0.0
230
1.0
  2
SOLID
 70
1
 71
0
 91
1
 92
3
 72
0
 73
1
 93
4
 10
629.3365304548031
 20
27.8172605117461
 10
629.4865304548032
 20
27.8172605117461
 10
629.4865304548032
 20
28.517260511745008
 10
629.3365304548031
 20
28.517260511745008
 97
0
 75
0
 76
1
 98
0
1001
JETIS
1000
R02 LOD100
1000
SOURCE-ALIGNED ENVELOPE
1000

  0
HATCH
  5
2E100
330
1F
100
AcDbEntity
  8
HATCH
 62
7
100
AcDbHatch
 10
0.0
 20
0.0
 30
0.0
210
0.0
220
0.0
230
1.0
  2
SOLID
 70
1
 71
0
 91
1
 92
3
 72
0
 73
1
 93
4
 10
629.3365304548031
 20
28.517260511745008
 10
629.4865304548032
 20
28.517260511745008
 10
629.4865304548032
 20
31.11726051174719
 10
629.3365304548031
 20
31.11726051174719
 97
0
 75
0
 76
1
 98
0
1001
JETIS
1000
R02 LOD100
1000
SOURCE-ALIGNED ENVELOPE
1000

  0
HATCH
  5
2E300
330
1F
100
AcDbEntity
  8
HATCH
 62
7
100
AcDbHatch
 10
0.0
 20
0.0
 30
0.0
210
0.0
220
0.0
230
1.0
  2
SOLID
 70
1
 71
0
 91
1
 92
3
 72
0
 73
1
 93
4
 10
629.3365304548031
 20
31.11726051174719
 10
629.4865304548032
 20
31.11726051174719
 10
629.4865304548032
 20
31.8172605117461
 10
629.3365304548031
 20
31.8172605117461
 97
0
 75
0
 76
1
 98
0
1001
JETIS
1000
R02 LOD100
1000
SOURCE-ALIGNED ENVELOPE
1000

  0
HATCH
  5
2E500
330
1F
100
AcDbEntity
  8
HATCH
 62
7
100
AcDbHatch
 10
0.0
 20
0.0
 30
0.0
210
0.0
220
0.0
230
1.0
  2
SOLID
 70
1
 71
0
 91
1
 92
3
 72
0
 73
1
 93
4
 10
629.3365304548031
 20
31.8172605117461
 10
629.4865304548032
 20
31.8172605117461
 10
629.4865304548032
 20
32.51726051174501
 10
629.3365304548031
 20
32.51726051174501
 97
0
 75
0
 76
1
 98
0
1001
JETIS
1000
R02 LOD100
1000
SOURCE-ALIGNED ENVELOPE
1000

  0
HATCH
  5
2E700
330
1F
100
AcDbEntity
  8
HATCH
 62
7
100
AcDbHatch
 10
0.0
 20
0.0
 30
0.0
210
0.0
220
0.0
230
1.0
  2
SOLID
 70
1
 71
0
 91
1
 92
3
 72
0
 73
1
 93
4
 10
629.3365304548031
 20
32.51726051174501
 10
629.4865304548032
 20
32.51726051174501
 10
629.4865304548032
 20
33.11726051174719
 10
629.3365304548031
 20
33.11726051174719
 97
0
 75
0
 76
1
 98
0
1001
JETIS
1000
R02 LOD100
1000
SOURCE-ALIGNED ENVELOPE
1000

  0
HATCH
  5
2E900
330
1F
100
AcDbEntity
  8
HATCH
 62
7
100
AcDbHatch
 10
0.0
 20
0.0
 30
0.0
210
0.0
220
0.0
230
1.0
  2
SOLID
 70
1
 71
0
 91
1
 92
3
 72
0
 73
1
 93
4
 10
629.3365304548031
 20
33.11726051174719
 10
629.4865304548032
 20
33.11726051174719
 10
629.4865304548032
 20
33.8172605117461
 10
629.3365304548031
 20
33.8172605117461
 97
0
 75
0
 76
1
 98
0
1001
JETIS
1000
R02 LOD100
1000
SOURCE-ALIGNED ENVELOPE
1000

  0
HATCH
  5
2EB00
330
1F
100
AcDbEntity
  8
HATCH
 62
7
100
AcDbHatch
 10
0.0
 20
0.0
 30
0.0
210
0.0
220
0.0
230
1.0
  2
SOLID
 70
1
 71
0
 91
1
 92
3
 72
0
 73
1
 93
4
 10
629.3365304548031
 20
33.8172605117461
 10
629.4865304548032
 20
33.8172605117461
 10
629.4865304548032
 20
34.51726051174501
 10
629.3365304548031
 20
34.51726051174501
 97
0
 75
0
 76
1
 98
0
1001
JETIS
1000
R02 LOD100
1000
SOURCE-ALIGNED ENVELOPE
1000

  0
HATCH
  5
2ED00
330
1F
100
AcDbEntity
  8
HATCH
 62
7
100
AcDbHatch
 10
0.0
 20
0.0
 30
0.0
210
0.0
220
0.0
230
1.0
  2
SOLID
 70
1
 71
0
 91
1
 92
3
 72
0
 73
1
 93
4
 10
629.3365304548031
 20
34.51726051174501
 10
629.4865304548032
 20
34.51726051174501
 10
629.4865304548032
 20
37.11726051174719
 10
629.3365304548031
 20
37.11726051174719
 97
0
 75
0
 76
1
 98
0
1001
JETIS
1000
R02 LOD100
1000
SOURCE-ALIGNED ENVELOPE
1000

  0
HATCH
  5
2EF00
330
1F
100
AcDbEntity
  8
HATCH
 62
7
100
AcDbHatch
 10
0.0
 20
0.0
 30
0.0
210
0.0
220
0.0
230
1.0
  2
SOLID
 70
1
 71
0
 91
1
 92
3
 72
0
 73
1
 93
4
 10
629.3365304548031
 20
37.11726051174719
 10
629.4865304548032
 20
37.11726051174719
 10
629.4865304548032
 20
37.3172605117461
 10
629.3365304548031
 20
37.3172605117461
 97
0
 75
0
 76
1
 98
0
1001
JETIS
1000
R02 LOD100
1000
SOURCE-ALIGNED ENVELOPE
1000

  0
HATCH
  5
2F100
330
1F
100
AcDbEntity
  8
HATCH
 62
7
100
AcDbHatch
 10
0.0
 20
0.0
 30
0.0
210
0.0
220
0.0
230
1.0
  2
SOLID
 70
1
 71
0
 91
1
 92
3
 72
0
 73
1
 93
4
 10
629.3365304548031
 20
40.3172605117461
 10
629.4865304548032
 20
40.3172605117461
 10
629.4865304548032
 20
40.51726051174501
 10
629.3365304548031
 20
40.51726051174501
 97
0
 75
0
 76
1
 98
0
1001
JETIS
1000
R02 LOD100
1000
SOURCE-ALIGNED ENVELOPE
1000

  0
HATCH
  5
2F300
330
1F
100
AcDbEntity
  8
HATCH
 62
7
100
AcDbHatch
 10
0.0
 20
0.0
 30
0.0
210
0.0
220
0.0
230
1.0
  2
SOLID
 70
1
 71
0
 91
1
 92
3
 72
0
 73
1
 93
4
 10
629.3365304548031
 20
40.51726051174501
 10
629.4865304548032
 20
40.51726051174501
 10
629.4865304548032
 20
43.11726051174719
 10
629.3365304548031
 20
43.11726051174719
 97
0
 75
0
 76
1
 98
0
1001
JETIS
1000
R02 LOD100
1000
SOURCE-ALIGNED ENVELOPE
1000

  0
HATCH
  5
2F500
330
1F
100
AcDbEntity
  8
HATCH
 62
7
100
AcDbHatch
 10
0.0
 20
0.0
 30
0.0
210
0.0
220
0.0
230
1.0
  2
SOLID
 70
1
 71
0
 91
1
 92
3
 72
0
 73
1
 93
4
 10
629.3365304548031
 20
43.11726051174719
 10
629.4865304548032
 20
43.11726051174719
 10
629.4865304548032
 20
43.8172605117461
 10
629.3365304548031
 20
43.8172605117461
 97
0
 75
0
 76
1
 98
0
1001
JETIS
1000
R02 LOD100
1000
SOURCE-ALIGNED ENVELOPE
1000

  0
HATCH
  5
2F700
330
1F
100
AcDbEntity
  8
HATCH
 62
7
100
AcDbHatch
 10
0.0
 20
0.0
 30
0.0
210
0.0
220
0.0
230
1.0
  2
SOLID
 70
1
 71
0
 91
1
 92
3
 72
0
 73
1
 93
4
 10
629.3365304548031
 20
43.8172605117461
 10
629.4865304548032
 20
43.8172605117461
 10
629.4865304548032
 20
44.51726051174501
 10
629.3365304548031
 20
44.51726051174501
 97
0
 75
0
 76
1
 98
0
1001
JETIS
1000
R02 LOD100
1000
SOURCE-ALIGNED ENVELOPE
1000

  0
HATCH
  5
2F900
330
1F
100
AcDbEntity
  8
HATCH
 62
7
100
AcDbHatch
 10
0.0
 20
0.0
 30
0.0
210
0.0
220
0.0
230
1.0
  2
SOLID
 70
1
 71
0
 91
1
 92
3
 72
0
 73
1
 93
4
 10
629.3365304548031
 20
44.51726051174501
 10
629.4865304548032
 20
44.51726051174501
 10
629.4865304548032
 20
45.11726051174719
 10
629.3365304548031
 20
45.11726051174719
 97
0
 75
0
 76
1
 98
0
1001
JETIS
1000
R02 LOD100
1000
SOURCE-ALIGNED ENVELOPE
1000

  0
HATCH
  5
2FB00
330
1F
100
AcDbEntity
  8
HATCH
 62
7
100
AcDbHatch
 10
0.0
 20
0.0
 30
0.0
210
0.0
220
0.0
230
1.0
  2
SOLID
 70
1
 71
0
 91
1
 92
3
 72
0
 73
1
 93
4
 10
629.3365304548031
 20
45.11726051174719
 10
629.4865304548032
 20
45.11726051174719
 10
629.4865304548032
 20
45.8172605117461
 10
629.3365304548031
 20
45.8172605117461
 97
0
 75
0
 76
1
 98
0
1001
JETIS
1000
R02 LOD100
1000
SOURCE-ALIGNED ENVELOPE
1000

  0
HATCH
  5
2FD00
330
1F
100
AcDbEntity
  8
HATCH
 62
7
100
AcDbHatch
 10
0.0
 20
0.0
 30
0.0
210
0.0
220
0.0
230
1.0
  2
SOLID
 70
1
 71
0
 91
1
 92
3
 72
0
 73
1
 93
4
 10
629.3365304548031
 20
45.8172605117461
 10
629.4865304548032
 20
45.8172605117461
 10
629.4865304548032
 20
46.51726051174501
 10
629.3365304548031
 20
46.51726051174501
 97
0
 75
0
 76
1
 98
0
1001
JETIS
1000
R02 LOD100
1000
SOURCE-ALIGNED ENVELOPE
1000

  0
HATCH
  5
2FF00
330
1F
100
AcDbEntity
  8
HATCH
 62
7
100
AcDbHatch
 10
0.0
 20
0.0
 30
0.0
210
0.0
220
0.0
230
1.0
  2
SOLID
 70
1
 71
0
 91
1
 92
3
 72
0
 73
1
 93
4
 10
629.3365304548031
 20
46.51726051174501
 10
629.4865304548032
 20
46.51726051174501
 10
629.4865304548032
 20
49.11726051174719
 10
629.3365304548031
 20
49.11726051174719
 97
0
 75
0
 76
1
 98
0
1001
JETIS
1000
R02 LOD100
1000
SOURCE-ALIGNED ENVELOPE
1000

  0
HATCH
  5
30100
330
1F
100
AcDbEntity
  8
HATCH
 62
7
100
AcDbHatch
 10
0.0
 20
0.0
 30
0.0
210
0.0
220
0.0
230
1.0
  2
SOLID
 70
1
 71
0
 91
1
 92
3
 72
0
 73
1
 93
4
 10
629.3365304548031
 20
49.11726051174719
 10
629.4865304548032
 20
49.11726051174719
 10
629.4865304548032
 20
49.3172605117461
 10
629.3365304548031
 20
49.3172605117461
 97
0
 75
0
 76
1
 98
0
1001
JETIS
1000
R02 LOD100
1000
SOURCE-ALIGNED ENVELOPE
1000

  0
HATCH
  5
30300
330
1F
100
AcDbEntity
  8
HATCH
 62
7
100
AcDbHatch
 10
0.0
 20
0.0
 30
0.0
210
0.0
220
0.0
230
1.0
  2
SOLID
 70
1
 71
0
 91
1
 92
3
 72
0
 73
1
 93
4
 10
629.3365304548031
 20
52.3172605117461
 10
629.4865304548032
 20
52.3172605117461
 10
629.4865304548032
 20
52.51726051174501
 10
629.3365304548031
 20
52.51726051174501
 97
0
 75
0
 76
1
 98
0
1001
JETIS
1000
R02 LOD100
1000
SOURCE-ALIGNED ENVELOPE
1000

  0
HATCH
  5
30500
330
1F
100
AcDbEntity
  8
HATCH
 62
7
100
AcDbHatch
 10
0.0
 20
0.0
 30
0.0
210
0.0
220
0.0
230
1.0
  2
SOLID
 70
1
 71
0
 91
1
 92
3
 72
0
 73
1
 93
4
 10
629.3365304548031
 20
52.51726051174501
 10
629.4865304548032
 20
52.51726051174501
 10
629.4865304548032
 20
53.81726101767208
 10
629.3365304548031
 20
53.81726101767208
 97
0
 75
0
 76
1
 98
0
1001
JETIS
1000
R02 LOD100
1000
SOURCE-ALIGNED ENVELOPE
1000

  0
HATCH
  5
30700
330
1F
100
AcDbEntity
  8
HATCH
 62
7
100
AcDbHatch
 10
0.0
 20
0.0
 30
0.0
210
0.0
220
0.0
230
1.0
  2
SOLID
 70
1
 71
0
 91
1
 92
3
 72
0
 73
1
 93
4
 10
749.3365304548031
 20
23.81726101767208
 10
749.4865304548032
 20
23.81726101767208
 10
749.4865304548032
 20
53.81726101767208
 10
749.3365304548031
 20
53.81726101767208
 97
0
 75
0
 76
1
 98
0
1001
JETIS
1000
R02 LOD100
1000
SOURCE-ALIGNED ENVELOPE
1000

  0
HATCH
  5
30900
330
1F
100
AcDbEntity
  8
HATCH
 62
7
100
AcDbHatch
 10
0.0
 20
0.0
 30
0.0
210
0.0
220
0.0
230
1.0
  2
SOLID
 70
1
 71
0
 91
1
 92
3
 72
0
 73
1
 93
4
 10
629.3365304548031
 20
53.81726101767208
 10
629.4865304548032
 20
53.81726101767208
 10
629.4865304548032
 20
55.117260511754466
 10
629.3365304548031
 20
55.117260511754466
 97
0
 75
0
 76
1
 98
0
1001
JETIS
1000
R02 LOD100
1000
SOURCE-ALIGNED ENVELOPE
1000

  0
HATCH
  5
30B00
330
1F
100
AcDbEntity
  8
HATCH
 62
7
100
AcDbHatch
 10
0.0
 20
0.0
 30
0.0
210
0.0
220
0.0
230
1.0
  2
SOLID
 70
1
 71
0
 91
1
 92
3
 72
0
 73
1
 93
4
 10
629.3365304548031
 20
55.117260511754466
 10
629.4865304548032
 20
55.117260511754466
 10
629.4865304548032
 20
55.817260511753375
 10
629.3365304548031
 20
55.817260511753375
 97
0
 75
0
 76
1
 98
0
1001
JETIS
1000
R02 LOD100
1000
SOURCE-ALIGNED ENVELOPE
1000

  0
HATCH
  5
30D00
330
1F
100
AcDbEntity
  8
HATCH
 62
7
100
AcDbHatch
 10
0.0
 20
0.0
 30
0.0
210
0.0
220
0.0
230
1.0
  2
SOLID
 70
1
 71
0
 91
1
 92
3
 72
0
 73
1
 93
4
 10
629.3365304548031
 20
55.817260511753375
 10
629.4865304548032
 20
55.817260511753375
 10
629.4865304548032
 20
56.51726051175228
 10
629.3365304548031
 20
56.51726051175228
 97
0
 75
0
 76
1
 98
0
1001
JETIS
1000
R02 LOD100
1000
SOURCE-ALIGNED ENVELOPE
1000

  0
HATCH
  5
30F00
330
1F
100
AcDbEntity
  8
HATCH
 62
7
100
AcDbHatch
 10
0.0
 20
0.0
 30
0.0
210
0.0
220
0.0
230
1.0
  2
SOLID
 70
1
 71
0
 91
1
 92
3
 72
0
 73
1
 93
4
 10
629.3365304548031
 20
56.51726051175228
 10
629.4865304548032
 20
56.51726051175228
 10
629.4865304548032
 20
57.117260511754466
 10
629.3365304548031
 20
57.117260511754466
 97
0
 75
0
 76
1
 98
0
1001
JETIS
1000
R02 LOD100
1000
SOURCE-ALIGNED ENVELOPE
1000

  0
HATCH
  5
31100
330
1F
100
AcDbEntity
  8
HATCH
 62
7
100
AcDbHatch
 10
0.0
 20
0.0
 30
0.0
210
0.0
220
0.0
230
1.0
  2
SOLID
 70
1
 71
0
 91
1
 92
3
 72
0
 73
1
 93
4
 10
629.3365304548031
 20
57.117260511754466
 10
629.4865304548032
 20
57.117260511754466
 10
629.4865304548032
 20
57.817260511753375
 10
629.3365304548031
 20
57.817260511753375
 97
0
 75
0
 76
1
 98
0
1001
JETIS
1000
R02 LOD100
1000
SOURCE-ALIGNED ENVELOPE
1000

  0
HATCH
  5
31300
330
1F
100
AcDbEntity
  8
HATCH
 62
7
100
AcDbHatch
 10
0.0
 20
0.0
 30
0.0
210
0.0
220
0.0
230
1.0
  2
SOLID
 70
1
 71
0
 91
1
 92
3
 72
0
 73
1
 93
4
 10
629.3365304548031
 20
57.817260511753375
 10
629.4865304548032
 20
57.817260511753375
 10
629.4865304548032
 20
58.51726051175228
 10
629.3365304548031
 20
58.51726051175228
 97
0
 75
0
 76
1
 98
0
1001
JETIS
1000
R02 LOD100
1000
SOURCE-ALIGNED ENVELOPE
1000

  0
HATCH
  5
31500
330
1F
100
AcDbEntity
  8
HATCH
 62
7
100
AcDbHatch
 10
0.0
 20
0.0
 30
0.0
210
0.0
220
0.0
230
1.0
  2
SOLID
 70
1
 71
0
 91
1
 92
3
 72
0
 73
1
 93
4
 10
629.3365304548031
 20
58.51726051175228
 10
629.4865304548032
 20
58.51726051175228
 10
629.4865304548032
 20
61.117260511754466
 10
629.3365304548031
 20
61.117260511754466
 97
0
 75
0
 76
1
 98
0
1001
JETIS
1000
R02 LOD100
1000
SOURCE-ALIGNED ENVELOPE
1000

  0
HATCH
  5
31700
330
1F
100
AcDbEntity
  8
HATCH
 62
7
100
AcDbHatch
 10
0.0
 20
0.0
 30
0.0
210
0.0
220
0.0
230
1.0
  2
SOLID
 70
1
 71
0
 91
1
 92
3
 72
0
 73
1
 93
4
 10
629.3365304548031
 20
61.117260511754466
 10
629.4865304548032
 20
61.117260511754466
 10
629.4865304548032
 20
61.317260511753375
 10
629.3365304548031
 20
61.317260511753375
 97
0
 75
0
 76
1
 98
0
1001
JETIS
1000
R02 LOD100
1000
SOURCE-ALIGNED ENVELOPE
1000

  0
HATCH
  5
31900
330
1F
100
AcDbEntity
  8
HATCH
 62
7
100
AcDbHatch
 10
0.0
 20
0.0
 30
0.0
210
0.0
220
0.0
230
1.0
  2
SOLID
 70
1
 71
0
 91
1
 92
3
 72
0
 73
1
 93
4
 10
629.3365304548031
 20
64.31726051175337
 10
629.4865304548032
 20
64.31726051175337
 10
629.4865304548032
 20
64.51726051175228
 10
629.3365304548031
 20
64.51726051175228
 97
0
 75
0
 76
1
 98
0
1001
JETIS
1000
R02 LOD100
1000
SOURCE-ALIGNED ENVELOPE
1000

  0
HATCH
  5
31B00
330
1F
100
AcDbEntity
  8
HATCH
 62
7
100
AcDbHatch
 10
0.0
 20
0.0
 30
0.0
210
0.0
220
0.0
230
1.0
  2
SOLID
 70
1
 71
0
 91
1
 92
3
 72
0
 73
1
 93
4
 10
629.3365304548031
 20
64.51726051175228
 10
629.4865304548032
 20
64.51726051175228
 10
629.4865304548032
 20
67.11726051175447
 10
629.3365304548031
 20
67.11726051175447
 97
0
 75
0
 76
1
 98
0
1001
JETIS
1000
R02 LOD100
1000
SOURCE-ALIGNED ENVELOPE
1000

  0
HATCH
  5
31D00
330
1F
100
AcDbEntity
  8
HATCH
 62
7
100
AcDbHatch
 10
0.0
 20
0.0
 30
0.0
210
0.0
220
0.0
230
1.0
  2
SOLID
 70
1
 71
0
 91
1
 92
3
 72
0
 73
1
 93
4
 10
629.3365304548031
 20
67.11726051175447
 10
629.4865304548032
 20
67.11726051175447
 10
629.4865304548032
 20
67.81726051175337
 10
629.3365304548031
 20
67.81726051175337
 97
0
 75
0
 76
1
 98
0
1001
JETIS
1000
R02 LOD100
1000
SOURCE-ALIGNED ENVELOPE
1000

  0
HATCH
  5
31F00
330
1F
100
AcDbEntity
  8
HATCH
 62
7
100
AcDbHatch
 10
0.0
 20
0.0
 30
0.0
210
0.0
220
0.0
230
1.0
  2
SOLID
 70
1
 71
0
 91
1
 92
3
 72
0
 73
1
 93
4
 10
629.3365304548031
 20
67.81726051175337
 10
629.4865304548032
 20
67.81726051175337
 10
629.4865304548032
 20
68.51726051175228
 10
629.3365304548031
 20
68.51726051175228
 97
0
 75
0
 76
1
 98
0
1001
JETIS
1000
R02 LOD100
1000
SOURCE-ALIGNED ENVELOPE
1000

  0
HATCH
  5
32100
330
1F
100
AcDbEntity
  8
HATCH
 62
7
100
AcDbHatch
 10
0.0
 20
0.0
 30
0.0
210
0.0
220
0.0
230
1.0
  2
SOLID
 70
1
 71
0
 91
1
 92
3
 72
0
 73
1
 93
4
 10
629.3365304548031
 20
68.51726051175228
 10
629.4865304548032
 20
68.51726051175228
 10
629.4865304548032
 20
69.11726051175447
 10
629.3365304548031
 20
69.11726051175447
 97
0
 75
0
 76
1
 98
0
1001
JETIS
1000
R02 LOD100
1000
SOURCE-ALIGNED ENVELOPE
1000

  0
HATCH
  5
32300
330
1F
100
AcDbEntity
  8
HATCH
 62
7
100
AcDbHatch
 10
0.0
 20
0.0
 30
0.0
210
0.0
220
0.0
230
1.0
  2
SOLID
 70
1
 71
0
 91
1
 92
3
 72
0
 73
1
 93
4
 10
629.3365304548031
 20
69.11726051175447
 10
629.4865304548032
 20
69.11726051175447
 10
629.4865304548032
 20
69.81726051175337
 10
629.3365304548031
 20
69.81726051175337
 97
0
 75
0
 76
1
 98
0
1001
JETIS
1000
R02 LOD100
1000
SOURCE-ALIGNED ENVELOPE
1000

  0
HATCH
  5
32500
330
1F
100
AcDbEntity
  8
HATCH
 62
7
100
AcDbHatch
 10
0.0
 20
0.0
 30
0.0
210
0.0
220
0.0
230
1.0
  2
SOLID
 70
1
 71
0
 91
1
 92
3
 72
0
 73
1
 93
4
 10
629.3365304548031
 20
69.81726051175337
 10
629.4865304548032
 20
69.81726051175337
 10
629.4865304548032
 20
70.51726051175228
 10
629.3365304548031
 20
70.51726051175228
 97
0
 75
0
 76
1
 98
0
1001
JETIS
1000
R02 LOD100
1000
SOURCE-ALIGNED ENVELOPE
1000

  0
HATCH
  5
32700
330
1F
100
AcDbEntity
  8
HATCH
 62
7
100
AcDbHatch
 10
0.0
 20
0.0
 30
0.0
210
0.0
220
0.0
230
1.0
  2
SOLID
 70
1
 71
0
 91
1
 92
3
 72
0
 73
1
 93
4
 10
629.3365304548031
 20
70.51726051175228
 10
629.4865304548032
 20
70.51726051175228
 10
629.4865304548032
 20
73.11726051175447
 10
629.3365304548031
 20
73.11726051175447
 97
0
 75
0
 76
1
 98
0
1001
JETIS
1000
R02 LOD100
1000
SOURCE-ALIGNED ENVELOPE
1000

  0
HATCH
  5
32900
330
1F
100
AcDbEntity
  8
HATCH
 62
7
100
AcDbHatch
 10
0.0
 20
0.0
 30
0.0
210
0.0
220
0.0
230
1.0
  2
SOLID
 70
1
 71
0
 91
1
 92
3
 72
0
 73
1
 93
4
 10
629.3365304548031
 20
73.11726051175447
 10
629.4865304548032
 20
73.11726051175447
 10
629.4865304548032
 20
73.31726051175337
 10
629.3365304548031
 20
73.31726051175337
 97
0
 75
0
 76
1
 98
0
1001
JETIS
1000
R02 LOD100
1000
SOURCE-ALIGNED ENVELOPE
1000

  0
HATCH
  5
32B00
330
1F
100
AcDbEntity
  8
HATCH
 62
7
100
AcDbHatch
 10
0.0
 20
0.0
 30
0.0
210
0.0
220
0.0
230
1.0
  2
SOLID
 70
1
 71
0
 91
1
 92
3
 72
0
 73
1
 93
4
 10
629.3365304548031
 20
76.31726051175337
 10
629.4865304548032
 20
76.31726051175337
 10
629.4865304548032
 20
76.51726051175228
 10
629.3365304548031
 20
76.51726051175228
 97
0
 75
0
 76
1
 98
0
1001
JETIS
1000
R02 LOD100
1000
SOURCE-ALIGNED ENVELOPE
1000

  0
HATCH
  5
32D00
330
1F
100
AcDbEntity
  8
HATCH
 62
7
100
AcDbHatch
 10
0.0
 20
0.0
 30
0.0
210
0.0
220
0.0
230
1.0
  2
SOLID
 70
1
 71
0
 91
1
 92
3
 72
0
 73
1
 93
4
 10
629.3365304548031
 20
76.51726051175228
 10
629.4865304548032
 20
76.51726051175228
 10
629.4865304548032
 20
83.81726101767208
 10
629.3365304548031
 20
83.81726101767208
 97
0
 75
0
 76
1
 98
0
1001
JETIS
1000
R02 LOD100
1000
SOURCE-ALIGNED ENVELOPE
1000

  0
HATCH
  5
32F00
330
1F
100
AcDbEntity
  8
HATCH
 62
7
100
AcDbHatch
 10
0.0
 20
0.0
 30
0.0
210
0.0
220
0.0
230
1.0
  2
SOLID
 70
1
 71
0
 91
1
 92
3
 72
0
 73
1
 93
4
 10
743.3365304548031
 20
53.81726101767208
 10
743.4865304548032
 20
53.81726101767208
 10
743.4865304548032
 20
83.81726101767208
 10
743.3365304548031
 20
83.81726101767208
 97
0
 75
0
 76
1
 98
0
1001
JETIS
1000
R02 LOD100
1000
SOURCE-ALIGNED ENVELOPE
1000

  0
HATCH
  5
33100
330
1F
100
AcDbEntity
  8
HATCH
 62
7
100
AcDbHatch
 10
0.0
 20
0.0
 30
0.0
210
0.0
220
0.0
230
1.0
  2
SOLID
 70
1
 71
0
 91
1
 92
3
 72
0
 73
1
 93
4
 10
743.4115304548031
 20
53.74226101767208
 10
749.4115304548031
 20
53.74226101767208
 10
749.4115304548031
 20
53.89226101767208
 10
743.4115304548031
 20
53.89226101767208
 97
0
 75
0
 76
1
 98
0
1001
JETIS
1000
R02 LOD100
1000
SOURCE-ALIGNED ENVELOPE
1000

  0
HATCH
  5
33300
330
1F
100
AcDbEntity
  8
HATCH
 62
7
100
AcDbHatch
 10
0.0
 20
0.0
 30
0.0
210
0.0
220
0.0
230
1.0
  2
SOLID
 70
1
 71
0
 91
1
 92
3
 72
0
 73
1
 93
4
 10
629.2315304548032
 20
23.63726101767208
 10
629.5915304548031
 20
23.63726101767208
 10
629.5915304548031
 20
23.99726101767208
 10
629.2315304548032
 20
23.99726101767208
 97
0
 75
0
 76
1
 98
0
1001
JETIS
1000
R02 LOD100
1000
NOMINAL PROFILE / VISUAL SECTION
1000

  0
HATCH
  5
33500
330
1F
100
AcDbEntity
  8
HATCH
 62
7
100
AcDbHatch
 10
0.0
 20
0.0
 30
0.0
210
0.0
220
0.0
230
1.0
  2
SOLID
 70
1
 71
0
 91
1
 92
3
 72
0
 73
1
 93
4
 10
629.2315304548032
 20
53.63726101767208
 10
629.5915304548031
 20
53.63726101767208
 10
629.5915304548031
 20
53.99726101767208
 10
629.2315304548032
 20
53.99726101767208
 97
0
 75
0
 76
1
 98
0
1001
JETIS
1000
R02 LOD100
1000
NOMINAL PROFILE / VISUAL SECTION
1000

  0
HATCH
  5
33700
330
1F
100
AcDbEntity
  8
HATCH
 62
7
100
AcDbHatch
 10
0.0
 20
0.0
 30
0.0
210
0.0
220
0.0
230
1.0
  2
SOLID
 70
1
 71
0
 91
1
 92
3
 72
0
 73
1
 93
4
 10
635.2315304548032
 20
23.63726101767208
 10
635.5915304548031
 20
23.63726101767208
 10
635.5915304548031
 20
23.99726101767208
 10
635.2315304548032
 20
23.99726101767208
 97
0
 75
0
 76
1
 98
0
1001
JETIS
1000
R02 LOD100
1000
NOMINAL PROFILE / VISUAL SECTION
1000

  0
HATCH
  5
33900
330
1F
100
AcDbEntity
  8
HATCH
 62
7
100
AcDbHatch
 10
0.0
 20
0.0
 30
0.0
210
0.0
220
0.0
230
1.0
  2
SOLID
 70
1
 71
0
 91
1
 92
3
 72
0
 73
1
 93
4
 10
635.2315304548032
 20
53.63726101767208
 10
635.5915304548031
 20
53.63726101767208
 10
635.5915304548031
 20
53.99726101767208
 10
635.2315304548032
 20
53.99726101767208
 97
0
 75
0
 76
1
 98
0
1001
JETIS
1000
R02 LOD100
1000
NOMINAL PROFILE / VISUAL SECTION
1000

  0
HATCH
  5
33B00
330
1F
100
AcDbEntity
  8
HATCH
 62
7
100
AcDbHatch
 10
0.0
 20
0.0
 30
0.0
210
0.0
220
0.0
230
1.0
  2
SOLID
 70
1
 71
0
 91
1
 92
3
 72
0
 73
1
 93
4
 10
641.2315304548032
 20
23.63726101767208
 10
641.5915304548031
 20
23.63726101767208
 10
641.5915304548031
 20
23.99726101767208
 10
641.2315304548032
 20
23.99726101767208
 97
0
 75
0
 76
1
 98
0
1001
JETIS
1000
R02 LOD100
1000
NOMINAL PROFILE / VISUAL SECTION
1000

  0
HATCH
  5
33D00
330
1F
100
AcDbEntity
  8
HATCH
 62
7
100
AcDbHatch
 10
0.0
 20
0.0
 30
0.0
210
0.0
220
0.0
230
1.0
  2
SOLID
 70
1
 71
0
 91
1
 92
3
 72
0
 73
1
 93
4
 10
641.2315304548032
 20
53.63726101767208
 10
641.5915304548031
 20
53.63726101767208
 10
641.5915304548031
 20
53.99726101767208
 10
641.2315304548032
 20
53.99726101767208
 97
0
 75
0
 76
1
 98
0
1001
JETIS
1000
R02 LOD100
1000
NOMINAL PROFILE / VISUAL SECTION
1000

  0
HATCH
  5
33F00
330
1F
100
AcDbEntity
  8
HATCH
 62
7
100
AcDbHatch
 10
0.0
 20
0.0
 30
0.0
210
0.0
220
0.0
230
1.0
  2
SOLID
 70
1
 71
0
 91
1
 92
3
 72
0
 73
1
 93
4
 10
647.2315304548032
 20
23.63726101767208
 10
647.5915304548031
 20
23.63726101767208
 10
647.5915304548031
 20
23.99726101767208
 10
647.2315304548032
 20
23.99726101767208
 97
0
 75
0
 76
1
 98
0
1001
JETIS
1000
R02 LOD100
1000
NOMINAL PROFILE / VISUAL SECTION
1000

  0
HATCH
  5
34100
330
1F
100
AcDbEntity
  8
HATCH
 62
7
100
AcDbHatch
 10
0.0
 20
0.0
 30
0.0
210
0.0
220
0.0
230
1.0
  2
SOLID
 70
1
 71
0
 91
1
 92
3
 72
0
 73
1
 93
4
 10
647.2315304548032
 20
53.63726101767208
 10
647.5915304548031
 20
53.63726101767208
 10
647.5915304548031
 20
53.99726101767208
 10
647.2315304548032
 20
53.99726101767208
 97
0
 75
0
 76
1
 98
0
1001
JETIS
1000
R02 LOD100
1000
NOMINAL PROFILE / VISUAL SECTION
1000

  0
HATCH
  5
34300
330
1F
100
AcDbEntity
  8
HATCH
 62
7
100
AcDbHatch
 10
0.0
 20
0.0
 30
0.0
210
0.0
220
0.0
230
1.0
  2
SOLID
 70
1
 71
0
 91
1
 92
3
 72
0
 73
1
 93
4
 10
653.2315304548032
 20
23.63726101767208
 10
653.5915304548031
 20
23.63726101767208
 10
653.5915304548031
 20
23.99726101767208
 10
653.2315304548032
 20
23.99726101767208
 97
0
 75
0
 76
1
 98
0
1001
JETIS
1000
R02 LOD100
1000
NOMINAL PROFILE / VISUAL SECTION
1000

  0
HATCH
  5
34500
330
1F
100
AcDbEntity
  8
HATCH
 62
7
100
AcDbHatch
 10
0.0
 20
0.0
 30
0.0
210
0.0
220
0.0
230
1.0
  2
SOLID
 70
1
 71
0
 91
1
 92
3
 72
0
 73
1
 93
4
 10
653.2315304548032
 20
53.63726101767208
 10
653.5915304548031
 20
53.63726101767208
 10
653.5915304548031
 20
53.99726101767208
 10
653.2315304548032
 20
53.99726101767208
 97
0
 75
0
 76
1
 98
0
1001
JETIS
1000
R02 LOD100
1000
NOMINAL PROFILE / VISUAL SECTION
1000

  0
HATCH
  5
34700
330
1F
100
AcDbEntity
  8
HATCH
 62
7
100
AcDbHatch
 10
0.0
 20
0.0
 30
0.0
210
0.0
220
0.0
230
1.0
  2
SOLID
 70
1
 71
0
 91
1
 92
3
 72
0
 73
1
 93
4
 10
659.2315304548032
 20
23.63726101767208
 10
659.5915304548031
 20
23.63726101767208
 10
659.5915304548031
 20
23.99726101767208
 10
659.2315304548032
 20
23.99726101767208
 97
0
 75
0
 76
1
 98
0
1001
JETIS
1000
R02 LOD100
1000
NOMINAL PROFILE / VISUAL SECTION
1000

  0
HATCH
  5
34900
330
1F
100
AcDbEntity
  8
HATCH
 62
7
100
AcDbHatch
 10
0.0
 20
0.0
 30
0.0
210
0.0
220
0.0
230
1.0
  2
SOLID
 70
1
 71
0
 91
1
 92
3
 72
0
 73
1
 93
4
 10
659.2315304548032
 20
53.63726101767208
 10
659.5915304548031
 20
53.63726101767208
 10
659.5915304548031
 20
53.99726101767208
 10
659.2315304548032
 20
53.99726101767208
 97
0
 75
0
 76
1
 98
0
1001
JETIS
1000
R02 LOD100
1000
NOMINAL PROFILE / VISUAL SECTION
1000

  0
HATCH
  5
34B00
330
1F
100
AcDbEntity
  8
HATCH
 62
7
100
AcDbHatch
 10
0.0
 20
0.0
 30
0.0
210
0.0
220
0.0
230
1.0
  2
SOLID
 70
1
 71
0
 91
1
 92
3
 72
0
 73
1
 93
4
 10
665.2315304548031
 20
23.63726101767208
 10
665.5915304548031
 20
23.63726101767208
 10
665.5915304548031
 20
23.99726101767208
 10
665.2315304548031
 20
23.99726101767208
 97
0
 75
0
 76
1
 98
0
1001
JETIS
1000
R02 LOD100
1000
NOMINAL PROFILE / VISUAL SECTION
1000

  0
HATCH
  5
34D00
330
1F
100
AcDbEntity
  8
HATCH
 62
7
100
AcDbHatch
 10
0.0
 20
0.0
 30
0.0
210
0.0
220
0.0
230
1.0
  2
SOLID
 70
1
 71
0
 91
1
 92
3
 72
0
 73
1
 93
4
 10
665.2315304548031
 20
53.63726101767208
 10
665.5915304548031
 20
53.63726101767208
 10
665.5915304548031
 20
53.99726101767208
 10
665.2315304548031
 20
53.99726101767208
 97
0
 75
0
 76
1
 98
0
1001
JETIS
1000
R02 LOD100
1000
NOMINAL PROFILE / VISUAL SECTION
1000

  0
HATCH
  5
34F00
330
1F
100
AcDbEntity
  8
HATCH
 62
7
100
AcDbHatch
 10
0.0
 20
0.0
 30
0.0
210
0.0
220
0.0
230
1.0
  2
SOLID
 70
1
 71
0
 91
1
 92
3
 72
0
 73
1
 93
4
 10
671.2315304548031
 20
23.63726101767208
 10
671.5915304548031
 20
23.63726101767208
 10
671.5915304548031
 20
23.99726101767208
 10
671.2315304548031
 20
23.99726101767208
 97
0
 75
0
 76
1
 98
0
1001
JETIS
1000
R02 LOD100
1000
NOMINAL PROFILE / VISUAL SECTION
1000

  0
HATCH
  5
35100
330
1F
100
AcDbEntity
  8
HATCH
 62
7
100
AcDbHatch
 10
0.0
 20
0.0
 30
0.0
210
0.0
220
0.0
230
1.0
  2
SOLID
 70
1
 71
0
 91
1
 92
3
 72
0
 73
1
 93
4
 10
671.2315304548031
 20
53.63726101767208
 10
671.5915304548031
 20
53.63726101767208
 10
671.5915304548031
 20
53.99726101767208
 10
671.2315304548031
 20
53.99726101767208
 97
0
 75
0
 76
1
 98
0
1001
JETIS
1000
R02 LOD100
1000
NOMINAL PROFILE / VISUAL SECTION
1000

  0
HATCH
  5
35300
330
1F
100
AcDbEntity
  8
HATCH
 62
7
100
AcDbHatch
 10
0.0
 20
0.0
 30
0.0
210
0.0
220
0.0
230
1.0
  2
SOLID
 70
1
 71
0
 91
1
 92
3
 72
0
 73
1
 93
4
 10
677.2315304548031
 20
23.63726101767208
 10
677.5915304548031
 20
23.63726101767208
 10
677.5915304548031
 20
23.99726101767208
 10
677.2315304548031
 20
23.99726101767208
 97
0
 75
0
 76
1
 98
0
1001
JETIS
1000
R02 LOD100
1000
NOMINAL PROFILE / VISUAL SECTION
1000

  0
HATCH
  5
35500
330
1F
100
AcDbEntity
  8
HATCH
 62
7
100
AcDbHatch
 10
0.0
 20
0.0
 30
0.0
210
0.0
220
0.0
230
1.0
  2
SOLID
 70
1
 71
0
 91
1
 92
3
 72
0
 73
1
 93
4
 10
677.2315304548031
 20
53.63726101767208
 10
677.5915304548031
 20
53.63726101767208
 10
677.5915304548031
 20
53.99726101767208
 10
677.2315304548031
 20
53.99726101767208
 97
0
 75
0
 76
1
 98
0
1001
JETIS
1000
R02 LOD100
1000
NOMINAL PROFILE / VISUAL SECTION
1000

  0
HATCH
  5
35700
330
1F
100
AcDbEntity
  8
HATCH
 62
7
100
AcDbHatch
 10
0.0
 20
0.0
 30
0.0
210
0.0
220
0.0
230
1.0
  2
SOLID
 70
1
 71
0
 91
1
 92
3
 72
0
 73
1
 93
4
 10
683.2315304548031
 20
23.63726101767208
 10
683.5915304548031
 20
23.63726101767208
 10
683.5915304548031
 20
23.99726101767208
 10
683.2315304548031
 20
23.99726101767208
 97
0
 75
0
 76
1
 98
0
1001
JETIS
1000
R02 LOD100
1000
NOMINAL PROFILE / VISUAL SECTION
1000

  0
HATCH
  5
35900
330
1F
100
AcDbEntity
  8
HATCH
 62
7
100
AcDbHatch
 10
0.0
 20
0.0
 30
0.0
210
0.0
220
0.0
230
1.0
  2
SOLID
 70
1
 71
0
 91
1
 92
3
 72
0
 73
1
 93
4
 10
683.2315304548031
 20
53.63726101767208
 10
683.5915304548031
 20
53.63726101767208
 10
683.5915304548031
 20
53.99726101767208
 10
683.2315304548031
 20
53.99726101767208
 97
0
 75
0
 76
1
 98
0
1001
JETIS
1000
R02 LOD100
1000
NOMINAL PROFILE / VISUAL SECTION
1000

  0
HATCH
  5
35B00
330
1F
100
AcDbEntity
  8
HATCH
 62
7
100
AcDbHatch
 10
0.0
 20
0.0
 30
0.0
210
0.0
220
0.0
230
1.0
  2
SOLID
 70
1
 71
0
 91
1
 92
3
 72
0
 73
1
 93
4
 10
689.2315304548031
 20
23.63726101767208
 10
689.5915304548031
 20
23.63726101767208
 10
689.5915304548031
 20
23.99726101767208
 10
689.2315304548031
 20
23.99726101767208
 97
0
 75
0
 76
1
 98
0
1001
JETIS
1000
R02 LOD100
1000
NOMINAL PROFILE / VISUAL SECTION
1000

  0
HATCH
  5
35D00
330
1F
100
AcDbEntity
  8
HATCH
 62
7
100
AcDbHatch
 10
0.0
 20
0.0
 30
0.0
210
0.0
220
0.0
230
1.0
  2
SOLID
 70
1
 71
0
 91
1
 92
3
 72
0
 73
1
 93
4
 10
689.2315304548031
 20
53.63726101767208
 10
689.5915304548031
 20
53.63726101767208
 10
689.5915304548031
 20
53.99726101767208
 10
689.2315304548031
 20
53.99726101767208
 97
0
 75
0
 76
1
 98
0
1001
JETIS
1000
R02 LOD100
1000
NOMINAL PROFILE / VISUAL SECTION
1000

  0
HATCH
  5
35F00
330
1F
100
AcDbEntity
  8
HATCH
 62
7
100
AcDbHatch
 10
0.0
 20
0.0
 30
0.0
210
0.0
220
0.0
230
1.0
  2
SOLID
 70
1
 71
0
 91
1
 92
3
 72
0
 73
1
 93
4
 10
695.2315304548031
 20
23.63726101767208
 10
695.5915304548031
 20
23.63726101767208
 10
695.5915304548031
 20
23.99726101767208
 10
695.2315304548031
 20
23.99726101767208
 97
0
 75
0
 76
1
 98
0
1001
JETIS
1000
R02 LOD100
1000
NOMINAL PROFILE / VISUAL SECTION
1000

  0
HATCH
  5
36100
330
1F
100
AcDbEntity
  8
HATCH
 62
7
100
AcDbHatch
 10
0.0
 20
0.0
 30
0.0
210
0.0
220
0.0
230
1.0
  2
SOLID
 70
1
 71
0
 91
1
 92
3
 72
0
 73
1
 93
4
 10
695.2315304548031
 20
53.63726101767208
 10
695.5915304548031
 20
53.63726101767208
 10
695.5915304548031
 20
53.99726101767208
 10
695.2315304548031
 20
53.99726101767208
 97
0
 75
0
 76
1
 98
0
1001
JETIS
1000
R02 LOD100
1000
NOMINAL PROFILE / VISUAL SECTION
1000

  0
HATCH
  5
36300
330
1F
100
AcDbEntity
  8
HATCH
 62
7
100
AcDbHatch
 10
0.0
 20
0.0
 30
0.0
210
0.0
220
0.0
230
1.0
  2
SOLID
 70
1
 71
0
 91
1
 92
3
 72
0
 73
1
 93
4
 10
701.2315304548031
 20
23.63726101767208
 10
701.5915304548031
 20
23.63726101767208
 10
701.5915304548031
 20
23.99726101767208
 10
701.2315304548031
 20
23.99726101767208
 97
0
 75
0
 76
1
 98
0
1001
JETIS
1000
R02 LOD100
1000
NOMINAL PROFILE / VISUAL SECTION
1000

  0
HATCH
  5
36500
330
1F
100
AcDbEntity
  8
HATCH
 62
7
100
AcDbHatch
 10
0.0
 20
0.0
 30
0.0
210
0.0
220
0.0
230
1.0
  2
SOLID
 70
1
 71
0
 91
1
 92
3
 72
0
 73
1
 93
4
 10
701.2315304548031
 20
53.63726101767208
 10
701.5915304548031
 20
53.63726101767208
 10
701.5915304548031
 20
53.99726101767208
 10
701.2315304548031
 20
53.99726101767208
 97
0
 75
0
 76
1
 98
0
1001
JETIS
1000
R02 LOD100
1000
NOMINAL PROFILE / VISUAL SECTION
1000

  0
HATCH
  5
36700
330
1F
100
AcDbEntity
  8
HATCH
 62
7
100
AcDbHatch
 10
0.0
 20
0.0
 30
0.0
210
0.0
220
0.0
230
1.0
  2
SOLID
 70
1
 71
0
 91
1
 92
3
 72
0
 73
1
 93
4
 10
707.2315304548031
 20
23.63726101767208
 10
707.5915304548031
 20
23.63726101767208
 10
707.5915304548031
 20
23.99726101767208
 10
707.2315304548031
 20
23.99726101767208
 97
0
 75
0
 76
1
 98
0
1001
JETIS
1000
R02 LOD100
1000
NOMINAL PROFILE / VISUAL SECTION
1000

  0
HATCH
  5
36900
330
1F
100
AcDbEntity
  8
HATCH
 62
7
100
AcDbHatch
 10
0.0
 20
0.0
 30
0.0
210
0.0
220
0.0
230
1.0
  2
SOLID
 70
1
 71
0
 91
1
 92
3
 72
0
 73
1
 93
4
 10
707.2315304548031
 20
53.63726101767208
 10
707.5915304548031
 20
53.63726101767208
 10
707.5915304548031
 20
53.99726101767208
 10
707.2315304548031
 20
53.99726101767208
 97
0
 75
0
 76
1
 98
0
1001
JETIS
1000
R02 LOD100
1000
NOMINAL PROFILE / VISUAL SECTION
1000

  0
HATCH
  5
36B00
330
1F
100
AcDbEntity
  8
HATCH
 62
7
100
AcDbHatch
 10
0.0
 20
0.0
 30
0.0
210
0.0
220
0.0
230
1.0
  2
SOLID
 70
1
 71
0
 91
1
 92
3
 72
0
 73
1
 93
4
 10
713.2315304548031
 20
23.63726101767208
 10
713.5915304548031
 20
23.63726101767208
 10
713.5915304548031
 20
23.99726101767208
 10
713.2315304548031
 20
23.99726101767208
 97
0
 75
0
 76
1
 98
0
1001
JETIS
1000
R02 LOD100
1000
NOMINAL PROFILE / VISUAL SECTION
1000

  0
HATCH
  5
36D00
330
1F
100
AcDbEntity
  8
HATCH
 62
7
100
AcDbHatch
 10
0.0
 20
0.0
 30
0.0
210
0.0
220
0.0
230
1.0
  2
SOLID
 70
1
 71
0
 91
1
 92
3
 72
0
 73
1
 93
4
 10
713.2315304548031
 20
53.63726101767208
 10
713.5915304548031
 20
53.63726101767208
 10
713.5915304548031
 20
53.99726101767208
 10
713.2315304548031
 20
53.99726101767208
 97
0
 75
0
 76
1
 98
0
1001
JETIS
1000
R02 LOD100
1000
NOMINAL PROFILE / VISUAL SECTION
1000

  0
HATCH
  5
36F00
330
1F
100
AcDbEntity
  8
HATCH
 62
7
100
AcDbHatch
 10
0.0
 20
0.0
 30
0.0
210
0.0
220
0.0
230
1.0
  2
SOLID
 70
1
 71
0
 91
1
 92
3
 72
0
 73
1
 93
4
 10
719.2315304548031
 20
23.63726101767208
 10
719.5915304548031
 20
23.63726101767208
 10
719.5915304548031
 20
23.99726101767208
 10
719.2315304548031
 20
23.99726101767208
 97
0
 75
0
 76
1
 98
0
1001
JETIS
1000
R02 LOD100
1000
NOMINAL PROFILE / VISUAL SECTION
1000

  0
HATCH
  5
37100
330
1F
100
AcDbEntity
  8
HATCH
 62
7
100
AcDbHatch
 10
0.0
 20
0.0
 30
0.0
210
0.0
220
0.0
230
1.0
  2
SOLID
 70
1
 71
0
 91
1
 92
3
 72
0
 73
1
 93
4
 10
719.2315304548031
 20
53.63726101767208
 10
719.5915304548031
 20
53.63726101767208
 10
719.5915304548031
 20
53.99726101767208
 10
719.2315304548031
 20
53.99726101767208
 97
0
 75
0
 76
1
 98
0
1001
JETIS
1000
R02 LOD100
1000
NOMINAL PROFILE / VISUAL SECTION
1000

  0
HATCH
  5
37300
330
1F
100
AcDbEntity
  8
HATCH
 62
7
100
AcDbHatch
 10
0.0
 20
0.0
 30
0.0
210
0.0
220
0.0
230
1.0
  2
SOLID
 70
1
 71
0
 91
1
 92
3
 72
0
 73
1
 93
4
 10
725.2315304548031
 20
23.63726101767208
 10
725.5915304548031
 20
23.63726101767208
 10
725.5915304548031
 20
23.99726101767208
 10
725.2315304548031
 20
23.99726101767208
 97
0
 75
0
 76
1
 98
0
1001
JETIS
1000
R02 LOD100
1000
NOMINAL PROFILE / VISUAL SECTION
1000

  0
HATCH
  5
37500
330
1F
100
AcDbEntity
  8
HATCH
 62
7
100
AcDbHatch
 10
0.0
 20
0.0
 30
0.0
210
0.0
220
0.0
230
1.0
  2
SOLID
 70
1
 71
0
 91
1
 92
3
 72
0
 73
1
 93
4
 10
725.2315304548031
 20
53.63726101767208
 10
725.5915304548031
 20
53.63726101767208
 10
725.5915304548031
 20
53.99726101767208
 10
725.2315304548031
 20
53.99726101767208
 97
0
 75
0
 76
1
 98
0
1001
JETIS
1000
R02 LOD100
1000
NOMINAL PROFILE / VISUAL SECTION
1000

  0
HATCH
  5
37700
330
1F
100
AcDbEntity
  8
HATCH
 62
7
100
AcDbHatch
 10
0.0
 20
0.0
 30
0.0
210
0.0
220
0.0
230
1.0
  2
SOLID
 70
1
 71
0
 91
1
 92
3
 72
0
 73
1
 93
4
 10
731.2315304548031
 20
23.63726101767208
 10
731.5915304548032
 20
23.63726101767208
 10
731.5915304548032
 20
23.99726101767208
 10
731.2315304548031
 20
23.99726101767208
 97
0
 75
0
 76
1
 98
0
1001
JETIS
1000
R02 LOD100
1000
NOMINAL PROFILE / VISUAL SECTION
1000

  0
HATCH
  5
37900
330
1F
100
AcDbEntity
  8
HATCH
 62
7
100
AcDbHatch
 10
0.0
 20
0.0
 30
0.0
210
0.0
220
0.0
230
1.0
  2
SOLID
 70
1
 71
0
 91
1
 92
3
 72
0
 73
1
 93
4
 10
731.2315304548031
 20
53.63726101767208
 10
731.5915304548032
 20
53.63726101767208
 10
731.5915304548032
 20
53.99726101767208
 10
731.2315304548031
 20
53.99726101767208
 97
0
 75
0
 76
1
 98
0
1001
JETIS
1000
R02 LOD100
1000
NOMINAL PROFILE / VISUAL SECTION
1000

  0
HATCH
  5
37B00
330
1F
100
AcDbEntity
  8
HATCH
 62
7
100
AcDbHatch
 10
0.0
 20
0.0
 30
0.0
210
0.0
220
0.0
230
1.0
  2
SOLID
 70
1
 71
0
 91
1
 92
3
 72
0
 73
1
 93
4
 10
737.2315304548031
 20
23.63726101767208
 10
737.5915304548032
 20
23.63726101767208
 10
737.5915304548032
 20
23.99726101767208
 10
737.2315304548031
 20
23.99726101767208
 97
0
 75
0
 76
1
 98
0
1001
JETIS
1000
R02 LOD100
1000
NOMINAL PROFILE / VISUAL SECTION
1000

  0
HATCH
  5
37D00
330
1F
100
AcDbEntity
  8
HATCH
 62
7
100
AcDbHatch
 10
0.0
 20
0.0
 30
0.0
210
0.0
220
0.0
230
1.0
  2
SOLID
 70
1
 71
0
 91
1
 92
3
 72
0
 73
1
 93
4
 10
737.2315304548031
 20
53.63726101767208
 10
737.5915304548032
 20
53.63726101767208
 10
737.5915304548032
 20
53.99726101767208
 10
737.2315304548031
 20
53.99726101767208
 97
0
 75
0
 76
1
 98
0
1001
JETIS
1000
R02 LOD100
1000
NOMINAL PROFILE / VISUAL SECTION
1000

  0
HATCH
  5
37F00
330
1F
100
AcDbEntity
  8
HATCH
 62
7
100
AcDbHatch
 10
0.0
 20
0.0
 30
0.0
210
0.0
220
0.0
230
1.0
  2
SOLID
 70
1
 71
0
 91
1
 92
3
 72
0
 73
1
 93
4
 10
743.2315304548031
 20
23.63726101767208
 10
743.5915304548032
 20
23.63726101767208
 10
743.5915304548032
 20
23.99726101767208
 10
743.2315304548031
 20
23.99726101767208
 97
0
 75
0
 76
1
 98
0
1001
JETIS
1000
R02 LOD100
1000
NOMINAL PROFILE / VISUAL SECTION
1000

  0
HATCH
  5
38100
330
1F
100
AcDbEntity
  8
HATCH
 62
7
100
AcDbHatch
 10
0.0
 20
0.0
 30
0.0
210
0.0
220
0.0
230
1.0
  2
SOLID
 70
1
 71
0
 91
1
 92
3
 72
0
 73
1
 93
4
 10
743.2315304548031
 20
53.63726101767208
 10
743.5915304548032
 20
53.63726101767208
 10
743.5915304548032
 20
53.99726101767208
 10
743.2315304548031
 20
53.99726101767208
 97
0
 75
0
 76
1
 98
0
1001
JETIS
1000
R02 LOD100
1000
NOMINAL PROFILE / VISUAL SECTION
1000

  0
HATCH
  5
38300
330
1F
100
AcDbEntity
  8
HATCH
 62
7
100
AcDbHatch
 10
0.0
 20
0.0
 30
0.0
210
0.0
220
0.0
230
1.0
  2
SOLID
 70
1
 71
0
 91
1
 92
3
 72
0
 73
1
 93
4
 10
749.2315304548031
 20
23.63726101767208
 10
749.5915304548032
 20
23.63726101767208
 10
749.5915304548032
 20
23.99726101767208
 10
749.2315304548031
 20
23.99726101767208
 97
0
 75
0
 76
1
 98
0
1001
JETIS
1000
R02 LOD100
1000
NOMINAL PROFILE / VISUAL SECTION
1000

  0
HATCH
  5
38500
330
1F
100
AcDbEntity
  8
HATCH
 62
7
100
AcDbHatch
 10
0.0
 20
0.0
 30
0.0
210
0.0
220
0.0
230
1.0
  2
SOLID
 70
1
 71
0
 91
1
 92
3
 72
0
 73
1
 93
4
 10
749.2315304548031
 20
53.63726101767208
 10
749.5915304548032
 20
53.63726101767208
 10
749.5915304548032
 20
53.99726101767208
 10
749.2315304548031
 20
53.99726101767208
 97
0
 75
0
 76
1
 98
0
1001
JETIS
1000
R02 LOD100
1000
NOMINAL PROFILE / VISUAL SECTION
1000

  0
HATCH
  5
38700
330
1F
100
AcDbEntity
  8
HATCH
 62
7
100
AcDbHatch
 10
0.0
 20
0.0
 30
0.0
210
0.0
220
0.0
230
1.0
  2
SOLID
 70
1
 71
0
 91
1
 92
3
 72
0
 73
1
 93
4
 10
629.2315304548032
 20
83.63726101767207
 10
629.5915304548031
 20
83.63726101767207
 10
629.5915304548031
 20
83.99726101767207
 10
629.2315304548032
 20
83.99726101767207
 97
0
 75
0
 76
1
 98
0
1001
JETIS
1000
R02 LOD100
1000
NOMINAL PROFILE / VISUAL SECTION
1000

  0
HATCH
  5
38900
330
1F
100
AcDbEntity
  8
HATCH
 62
7
100
AcDbHatch
 10
0.0
 20
0.0
 30
0.0
210
0.0
220
0.0
230
1.0
  2
SOLID
 70
1
 71
0
 91
1
 92
3
 72
0
 73
1
 93
4
 10
635.2315304548032
 20
83.63726101767207
 10
635.5915304548031
 20
83.63726101767207
 10
635.5915304548031
 20
83.99726101767207
 10
635.2315304548032
 20
83.99726101767207
 97
0
 75
0
 76
1
 98
0
1001
JETIS
1000
R02 LOD100
1000
NOMINAL PROFILE / VISUAL SECTION
1000

  0
HATCH
  5
38B00
330
1F
100
AcDbEntity
  8
HATCH
 62
7
100
AcDbHatch
 10
0.0
 20
0.0
 30
0.0
210
0.0
220
0.0
230
1.0
  2
SOLID
 70
1
 71
0
 91
1
 92
3
 72
0
 73
1
 93
4
 10
641.2315304548032
 20
83.63726101767207
 10
641.5915304548031
 20
83.63726101767207
 10
641.5915304548031
 20
83.99726101767207
 10
641.2315304548032
 20
83.99726101767207
 97
0
 75
0
 76
1
 98
0
1001
JETIS
1000
R02 LOD100
1000
NOMINAL PROFILE / VISUAL SECTION
1000

  0
HATCH
  5
38D00
330
1F
100
AcDbEntity
  8
HATCH
 62
7
100
AcDbHatch
 10
0.0
 20
0.0
 30
0.0
210
0.0
220
0.0
230
1.0
  2
SOLID
 70
1
 71
0
 91
1
 92
3
 72
0
 73
1
 93
4
 10
647.2315304548032
 20
83.63726101767207
 10
647.5915304548031
 20
83.63726101767207
 10
647.5915304548031
 20
83.99726101767207
 10
647.2315304548032
 20
83.99726101767207
 97
0
 75
0
 76
1
 98
0
1001
JETIS
1000
R02 LOD100
1000
NOMINAL PROFILE / VISUAL SECTION
1000

  0
HATCH
  5
38F00
330
1F
100
AcDbEntity
  8
HATCH
 62
7
100
AcDbHatch
 10
0.0
 20
0.0
 30
0.0
210
0.0
220
0.0
230
1.0
  2
SOLID
 70
1
 71
0
 91
1
 92
3
 72
0
 73
1
 93
4
 10
653.2315304548032
 20
83.63726101767207
 10
653.5915304548031
 20
83.63726101767207
 10
653.5915304548031
 20
83.99726101767207
 10
653.2315304548032
 20
83.99726101767207
 97
0
 75
0
 76
1
 98
0
1001
JETIS
1000
R02 LOD100
1000
NOMINAL PROFILE / VISUAL SECTION
1000

  0
HATCH
  5
39100
330
1F
100
AcDbEntity
  8
HATCH
 62
7
100
AcDbHatch
 10
0.0
 20
0.0
 30
0.0
210
0.0
220
0.0
230
1.0
  2
SOLID
 70
1
 71
0
 91
1
 92
3
 72
0
 73
1
 93
4
 10
659.2315304548032
 20
83.63726101767207
 10
659.5915304548031
 20
83.63726101767207
 10
659.5915304548031
 20
83.99726101767207
 10
659.2315304548032
 20
83.99726101767207
 97
0
 75
0
 76
1
 98
0
1001
JETIS
1000
R02 LOD100
1000
NOMINAL PROFILE / VISUAL SECTION
1000

  0
HATCH
  5
39300
330
1F
100
AcDbEntity
  8
HATCH
 62
7
100
AcDbHatch
 10
0.0
 20
0.0
 30
0.0
210
0.0
220
0.0
230
1.0
  2
SOLID
 70
1
 71
0
 91
1
 92
3
 72
0
 73
1
 93
4
 10
665.2315304548031
 20
83.63726101767207
 10
665.5915304548031
 20
83.63726101767207
 10
665.5915304548031
 20
83.99726101767207
 10
665.2315304548031
 20
83.99726101767207
 97
0
 75
0
 76
1
 98
0
1001
JETIS
1000
R02 LOD100
1000
NOMINAL PROFILE / VISUAL SECTION
1000

  0
HATCH
  5
39500
330
1F
100
AcDbEntity
  8
HATCH
 62
7
100
AcDbHatch
 10
0.0
 20
0.0
 30
0.0
210
0.0
220
0.0
230
1.0
  2
SOLID
 70
1
 71
0
 91
1
 92
3
 72
0
 73
1
 93
4
 10
671.2315304548031
 20
83.63726101767207
 10
671.5915304548031
 20
83.63726101767207
 10
671.5915304548031
 20
83.99726101767207
 10
671.2315304548031
 20
83.99726101767207
 97
0
 75
0
 76
1
 98
0
1001
JETIS
1000
R02 LOD100
1000
NOMINAL PROFILE / VISUAL SECTION
1000

  0
HATCH
  5
39700
330
1F
100
AcDbEntity
  8
HATCH
 62
7
100
AcDbHatch
 10
0.0
 20
0.0
 30
0.0
210
0.0
220
0.0
230
1.0
  2
SOLID
 70
1
 71
0
 91
1
 92
3
 72
0
 73
1
 93
4
 10
677.2315304548031
 20
83.63726101767207
 10
677.5915304548031
 20
83.63726101767207
 10
677.5915304548031
 20
83.99726101767207
 10
677.2315304548031
 20
83.99726101767207
 97
0
 75
0
 76
1
 98
0
1001
JETIS
1000
R02 LOD100
1000
NOMINAL PROFILE / VISUAL SECTION
1000

  0
HATCH
  5
39900
330
1F
100
AcDbEntity
  8
HATCH
 62
7
100
AcDbHatch
 10
0.0
 20
0.0
 30
0.0
210
0.0
220
0.0
230
1.0
  2
SOLID
 70
1
 71
0
 91
1
 92
3
 72
0
 73
1
 93
4
 10
683.2315304548031
 20
83.63726101767207
 10
683.5915304548031
 20
83.63726101767207
 10
683.5915304548031
 20
83.99726101767207
 10
683.2315304548031
 20
83.99726101767207
 97
0
 75
0
 76
1
 98
0
1001
JETIS
1000
R02 LOD100
1000
NOMINAL PROFILE / VISUAL SECTION
1000

  0
HATCH
  5
39B00
330
1F
100
AcDbEntity
  8
HATCH
 62
7
100
AcDbHatch
 10
0.0
 20
0.0
 30
0.0
210
0.0
220
0.0
230
1.0
  2
SOLID
 70
1
 71
0
 91
1
 92
3
 72
0
 73
1
 93
4
 10
689.2315304548031
 20
83.63726101767207
 10
689.5915304548031
 20
83.63726101767207
 10
689.5915304548031
 20
83.99726101767207
 10
689.2315304548031
 20
83.99726101767207
 97
0
 75
0
 76
1
 98
0
1001
JETIS
1000
R02 LOD100
1000
NOMINAL PROFILE / VISUAL SECTION
1000

  0
HATCH
  5
39D00
330
1F
100
AcDbEntity
  8
HATCH
 62
7
100
AcDbHatch
 10
0.0
 20
0.0
 30
0.0
210
0.0
220
0.0
230
1.0
  2
SOLID
 70
1
 71
0
 91
1
 92
3
 72
0
 73
1
 93
4
 10
695.2315304548031
 20
83.63726101767207
 10
695.5915304548031
 20
83.63726101767207
 10
695.5915304548031
 20
83.99726101767207
 10
695.2315304548031
 20
83.99726101767207
 97
0
 75
0
 76
1
 98
0
1001
JETIS
1000
R02 LOD100
1000
NOMINAL PROFILE / VISUAL SECTION
1000

  0
HATCH
  5
39F00
330
1F
100
AcDbEntity
  8
HATCH
 62
7
100
AcDbHatch
 10
0.0
 20
0.0
 30
0.0
210
0.0
220
0.0
230
1.0
  2
SOLID
 70
1
 71
0
 91
1
 92
3
 72
0
 73
1
 93
4
 10
701.2315304548031
 20
83.63726101767207
 10
701.5915304548031
 20
83.63726101767207
 10
701.5915304548031
 20
83.99726101767207
 10
701.2315304548031
 20
83.99726101767207
 97
0
 75
0
 76
1
 98
0
1001
JETIS
1000
R02 LOD100
1000
NOMINAL PROFILE / VISUAL SECTION
1000

  0
HATCH
  5
3A100
330
1F
100
AcDbEntity
  8
HATCH
 62
7
100
AcDbHatch
 10
0.0
 20
0.0
 30
0.0
210
0.0
220
0.0
230
1.0
  2
SOLID
 70
1
 71
0
 91
1
 92
3
 72
0
 73
1
 93
4
 10
707.2315304548031
 20
83.63726101767207
 10
707.5915304548031
 20
83.63726101767207
 10
707.5915304548031
 20
83.99726101767207
 10
707.2315304548031
 20
83.99726101767207
 97
0
 75
0
 76
1
 98
0
1001
JETIS
1000
R02 LOD100
1000
NOMINAL PROFILE / VISUAL SECTION
1000

  0
HATCH
  5
3A300
330
1F
100
AcDbEntity
  8
HATCH
 62
7
100
AcDbHatch
 10
0.0
 20
0.0
 30
0.0
210
0.0
220
0.0
230
1.0
  2
SOLID
 70
1
 71
0
 91
1
 92
3
 72
0
 73
1
 93
4
 10
713.2315304548031
 20
83.63726101767207
 10
713.5915304548031
 20
83.63726101767207
 10
713.5915304548031
 20
83.99726101767207
 10
713.2315304548031
 20
83.99726101767207
 97
0
 75
0
 76
1
 98
0
1001
JETIS
1000
R02 LOD100
1000
NOMINAL PROFILE / VISUAL SECTION
1000

  0
HATCH
  5
3A500
330
1F
100
AcDbEntity
  8
HATCH
 62
7
100
AcDbHatch
 10
0.0
 20
0.0
 30
0.0
210
0.0
220
0.0
230
1.0
  2
SOLID
 70
1
 71
0
 91
1
 92
3
 72
0
 73
1
 93
4
 10
719.2315304548031
 20
83.63726101767207
 10
719.5915304548031
 20
83.63726101767207
 10
719.5915304548031
 20
83.99726101767207
 10
719.2315304548031
 20
83.99726101767207
 97
0
 75
0
 76
1
 98
0
1001
JETIS
1000
R02 LOD100
1000
NOMINAL PROFILE / VISUAL SECTION
1000

  0
HATCH
  5
3A700
330
1F
100
AcDbEntity
  8
HATCH
 62
7
100
AcDbHatch
 10
0.0
 20
0.0
 30
0.0
210
0.0
220
0.0
230
1.0
  2
SOLID
 70
1
 71
0
 91
1
 92
3
 72
0
 73
1
 93
4
 10
725.2315304548031
 20
83.63726101767207
 10
725.5915304548031
 20
83.63726101767207
 10
725.5915304548031
 20
83.99726101767207
 10
725.2315304548031
 20
83.99726101767207
 97
0
 75
0
 76
1
 98
0
1001
JETIS
1000
R02 LOD100
1000
NOMINAL PROFILE / VISUAL SECTION
1000

  0
HATCH
  5
3A900
330
1F
100
AcDbEntity
  8
HATCH
 62
7
100
AcDbHatch
 10
0.0
 20
0.0
 30
0.0
210
0.0
220
0.0
230
1.0
  2
SOLID
 70
1
 71
0
 91
1
 92
3
 72
0
 73
1
 93
4
 10
731.2315304548031
 20
83.63726101767207
 10
731.5915304548032
 20
83.63726101767207
 10
731.5915304548032
 20
83.99726101767207
 10
731.2315304548031
 20
83.99726101767207
 97
0
 75
0
 76
1
 98
0
1001
JETIS
1000
R02 LOD100
1000
NOMINAL PROFILE / VISUAL SECTION
1000

  0
HATCH
  5
3AB00
330
1F
100
AcDbEntity
  8
HATCH
 62
7
100
AcDbHatch
 10
0.0
 20
0.0
 30
0.0
210
0.0
220
0.0
230
1.0
  2
SOLID
 70
1
 71
0
 91
1
 92
3
 72
0
 73
1
 93
4
 10
737.2315304548031
 20
83.63726101767207
 10
737.5915304548032
 20
83.63726101767207
 10
737.5915304548032
 20
83.99726101767207
 10
737.2315304548031
 20
83.99726101767207
 97
0
 75
0
 76
1
 98
0
1001
JETIS
1000
R02 LOD100
1000
NOMINAL PROFILE / VISUAL SECTION
1000

  0
HATCH
  5
3AD00
330
1F
100
AcDbEntity
  8
HATCH
 62
7
100
AcDbHatch
 10
0.0
 20
0.0
 30
0.0
210
0.0
220
0.0
230
1.0
  2
SOLID
 70
1
 71
0
 91
1
 92
3
 72
0
 73
1
 93
4
 10
743.2315304548031
 20
83.63726101767207
 10
743.5915304548032
 20
83.63726101767207
 10
743.5915304548032
 20
83.99726101767207
 10
743.2315304548031
 20
83.99726101767207
 97
0
 75
0
 76
1
 98
0
1001
JETIS
1000
R02 LOD100
1000
NOMINAL PROFILE / VISUAL SECTION
1000

  0
HATCH
  5
3AF00
330
1F
100
AcDbEntity
  8
HATCH
 62
7
100
AcDbHatch
 10
0.0
 20
0.0
 30
0.0
210
0.0
220
0.0
230
1.0
  2
SOLID
 70
1
 71
0
 91
1
 92
3
 72
0
 73
1
 93
4
 10
653.4115304465213
 20
103.74226101792128
 10
654.9115304465213
 20
103.74226101792128
 10
654.9115304465213
 20
103.89226101792129
 10
653.4115304465213
 20
103.89226101792129
 97
0
 75
0
 76
1
 98
0
1001
JETIS
1000
R02 LOD100
1000
SOURCE-ALIGNED ENVELOPE
1000

  0
HATCH
  5
3B100
330
1F
100
AcDbEntity
  8
HATCH
 62
7
100
AcDbHatch
 10
0.0
 20
0.0
 30
0.0
210
0.0
220
0.0
230
1.0
  2
SOLID
 70
1
 71
0
 91
1
 92
3
 72
0
 73
1
 93
4
 10
657.9115304465213
 20
103.74226101792128
 10
666.9115304465213
 20
103.74226101792128
 10
666.9115304465213
 20
103.89226101792129
 10
657.9115304465213
 20
103.89226101792129
 97
0
 75
0
 76
1
 98
0
1001
JETIS
1000
R02 LOD100
1000
SOURCE-ALIGNED ENVELOPE
1000

  0
HATCH
  5
3B300
330
1F
100
AcDbEntity
  8
HATCH
 62
7
100
AcDbHatch
 10
0.0
 20
0.0
 30
0.0
210
0.0
220
0.0
230
1.0
  2
SOLID
 70
1
 71
0
 91
1
 92
3
 72
0
 73
1
 93
4
 10
669.9115304465213
 20
103.74226101792128
 10
678.9115304465213
 20
103.74226101792128
 10
678.9115304465213
 20
103.89226101792129
 10
669.9115304465213
 20
103.89226101792129
 97
0
 75
0
 76
1
 98
0
1001
JETIS
1000
R02 LOD100
1000
SOURCE-ALIGNED ENVELOPE
1000

  0
HATCH
  5
3B500
330
1F
100
AcDbEntity
  8
HATCH
 62
7
100
AcDbHatch
 10
0.0
 20
0.0
 30
0.0
210
0.0
220
0.0
230
1.0
  2
SOLID
 70
1
 71
0
 91
1
 92
3
 72
0
 73
1
 93
4
 10
681.9115304465213
 20
103.74226101792128
 10
690.9115304465213
 20
103.74226101792128
 10
690.9115304465213
 20
103.89226101792129
 10
681.9115304465213
 20
103.89226101792129
 97
0
 75
0
 76
1
 98
0
1001
JETIS
1000
R02 LOD100
1000
SOURCE-ALIGNED ENVELOPE
1000

  0
HATCH
  5
3B700
330
1F
100
AcDbEntity
  8
HATCH
 62
7
100
AcDbHatch
 10
0.0
 20
0.0
 30
0.0
210
0.0
220
0.0
230
1.0
  2
SOLID
 70
1
 71
0
 91
1
 92
3
 72
0
 73
1
 93
4
 10
693.9115304465213
 20
103.74226101792128
 10
702.9115304465213
 20
103.74226101792128
 10
702.9115304465213
 20
103.89226101792129
 10
693.9115304465213
 20
103.89226101792129
 97
0
 75
0
 76
1
 98
0
1001
JETIS
1000
R02 LOD100
1000
SOURCE-ALIGNED ENVELOPE
1000

  0
HATCH
  5
3B900
330
1F
100
AcDbEntity
  8
HATCH
 62
7
100
AcDbHatch
 10
0.0
 20
0.0
 30
0.0
210
0.0
220
0.0
230
1.0
  2
SOLID
 70
1
 71
0
 91
1
 92
3
 72
0
 73
1
 93
4
 10
705.9115304465213
 20
103.74226101792128
 10
714.9115304465213
 20
103.74226101792128
 10
714.9115304465213
 20
103.89226101792129
 10
705.9115304465213
 20
103.89226101792129
 97
0
 75
0
 76
1
 98
0
1001
JETIS
1000
R02 LOD100
1000
SOURCE-ALIGNED ENVELOPE
1000

  0
HATCH
  5
3BB00
330
1F
100
AcDbEntity
  8
HATCH
 62
7
100
AcDbHatch
 10
0.0
 20
0.0
 30
0.0
210
0.0
220
0.0
230
1.0
  2
SOLID
 70
1
 71
0
 91
1
 92
3
 72
0
 73
1
 93
4
 10
717.9115304465213
 20
103.74226101792128
 10
726.9115304465213
 20
103.74226101792128
 10
726.9115304465213
 20
103.89226101792129
 10
717.9115304465213
 20
103.89226101792129
 97
0
 75
0
 76
1
 98
0
1001
JETIS
1000
R02 LOD100
1000
SOURCE-ALIGNED ENVELOPE
1000

  0
HATCH
  5
3BD00
330
1F
100
AcDbEntity
  8
HATCH
 62
7
100
AcDbHatch
 10
0.0
 20
0.0
 30
0.0
210
0.0
220
0.0
230
1.0
  2
SOLID
 70
1
 71
0
 91
1
 92
3
 72
0
 73
1
 93
4
 10
729.9115304465213
 20
103.74226101792128
 10
737.4115304465213
 20
103.74226101792128
 10
737.4115304465213
 20
103.89226101792129
 10
729.9115304465213
 20
103.89226101792129
 97
0
 75
0
 76
1
 98
0
1001
JETIS
1000
R02 LOD100
1000
SOURCE-ALIGNED ENVELOPE
1000

  0
HATCH
  5
3BF00
330
1F
100
AcDbEntity
  8
HATCH
 62
7
100
AcDbHatch
 10
0.0
 20
0.0
 30
0.0
210
0.0
220
0.0
230
1.0
  2
SOLID
 70
1
 71
0
 91
1
 92
3
 72
0
 73
1
 93
4
 10
653.3365304465212
 20
103.81726101792128
 10
653.4865304465213
 20
103.81726101792128
 10
653.4865304465213
 20
139.81726101792128
 10
653.3365304465212
 20
139.81726101792128
 97
0
 75
0
 76
1
 98
0
1001
JETIS
1000
R02 LOD100
1000
SOURCE-ALIGNED ENVELOPE
1000

  0
HATCH
  5
3C100
330
1F
100
AcDbEntity
  8
HATCH
 62
7
100
AcDbHatch
 10
0.0
 20
0.0
 30
0.0
210
0.0
220
0.0
230
1.0
  2
SOLID
 70
1
 71
0
 91
1
 92
3
 72
0
 73
1
 93
4
 10
737.3365304465212
 20
103.81726101792128
 10
737.4865304465213
 20
103.81726101792128
 10
737.4865304465213
 20
133.81726101792128
 10
737.3365304465212
 20
133.81726101792128
 97
0
 75
0
 76
1
 98
0
1001
JETIS
1000
R02 LOD100
1000
SOURCE-ALIGNED ENVELOPE
1000

  0
HATCH
  5
3C300
330
1F
100
AcDbEntity
  8
HATCH
 62
7
100
AcDbHatch
 10
0.0
 20
0.0
 30
0.0
210
0.0
220
0.0
230
1.0
  2
SOLID
 70
1
 71
0
 91
1
 92
3
 72
0
 73
1
 93
4
 10
653.2315304465213
 20
103.63726101792128
 10
653.5915304465212
 20
103.63726101792128
 10
653.5915304465212
 20
103.99726101792128
 10
653.2315304465213
 20
103.99726101792128
 97
0
 75
0
 76
1
 98
0
1001
JETIS
1000
R02 LOD100
1000
NOMINAL PROFILE / VISUAL SECTION
1000

  0
HATCH
  5
3C500
330
1F
100
AcDbEntity
  8
HATCH
 62
7
100
AcDbHatch
 10
0.0
 20
0.0
 30
0.0
210
0.0
220
0.0
230
1.0
  2
SOLID
 70
1
 71
0
 91
1
 92
3
 72
0
 73
1
 93
4
 10
653.2315304465213
 20
133.63726101792128
 10
653.5915304465212
 20
133.63726101792128
 10
653.5915304465212
 20
133.9972610179213
 10
653.2315304465213
 20
133.9972610179213
 97
0
 75
0
 76
1
 98
0
1001
JETIS
1000
R02 LOD100
1000
NOMINAL PROFILE / VISUAL SECTION
1000

  0
HATCH
  5
3C700
330
1F
100
AcDbEntity
  8
HATCH
 62
7
100
AcDbHatch
 10
0.0
 20
0.0
 30
0.0
210
0.0
220
0.0
230
1.0
  2
SOLID
 70
1
 71
0
 91
1
 92
3
 72
0
 73
1
 93
4
 10
653.2315304465213
 20
139.63726101792128
 10
653.5915304465212
 20
139.63726101792128
 10
653.5915304465212
 20
139.9972610179213
 10
653.2315304465213
 20
139.9972610179213
 97
0
 75
0
 76
1
 98
0
1001
JETIS
1000
R02 LOD100
1000
NOMINAL PROFILE / VISUAL SECTION
1000

  0
HATCH
  5
3C900
330
1F
100
AcDbEntity
  8
HATCH
 62
7
100
AcDbHatch
 10
0.0
 20
0.0
 30
0.0
210
0.0
220
0.0
230
1.0
  2
SOLID
 70
1
 71
0
 91
1
 92
3
 72
0
 73
1
 93
4
 10
659.2315304465213
 20
103.63726101792128
 10
659.5915304465212
 20
103.63726101792128
 10
659.5915304465212
 20
103.99726101792128
 10
659.2315304465213
 20
103.99726101792128
 97
0
 75
0
 76
1
 98
0
1001
JETIS
1000
R02 LOD100
1000
NOMINAL PROFILE / VISUAL SECTION
1000

  0
HATCH
  5
3CB00
330
1F
100
AcDbEntity
  8
HATCH
 62
7
100
AcDbHatch
 10
0.0
 20
0.0
 30
0.0
210
0.0
220
0.0
230
1.0
  2
SOLID
 70
1
 71
0
 91
1
 92
3
 72
0
 73
1
 93
4
 10
659.2315304465213
 20
133.63726101792128
 10
659.5915304465212
 20
133.63726101792128
 10
659.5915304465212
 20
133.9972610179213
 10
659.2315304465213
 20
133.9972610179213
 97
0
 75
0
 76
1
 98
0
1001
JETIS
1000
R02 LOD100
1000
NOMINAL PROFILE / VISUAL SECTION
1000

  0
HATCH
  5
3CD00
330
1F
100
AcDbEntity
  8
HATCH
 62
7
100
AcDbHatch
 10
0.0
 20
0.0
 30
0.0
210
0.0
220
0.0
230
1.0
  2
SOLID
 70
1
 71
0
 91
1
 92
3
 72
0
 73
1
 93
4
 10
659.2315304465213
 20
139.20868958934983
 10
659.5915304465212
 20
139.20868958934983
 10
659.5915304465212
 20
139.56868958934984
 10
659.2315304465213
 20
139.56868958934984
 97
0
 75
0
 76
1
 98
0
1001
JETIS
1000
R02 LOD100
1000
NOMINAL PROFILE / VISUAL SECTION
1000

  0
HATCH
  5
3CF00
330
1F
100
AcDbEntity
  8
HATCH
 62
7
100
AcDbHatch
 10
0.0
 20
0.0
 30
0.0
210
0.0
220
0.0
230
1.0
  2
SOLID
 70
1
 71
0
 91
1
 92
3
 72
0
 73
1
 93
4
 10
665.2315304465212
 20
103.63726101792128
 10
665.5915304465212
 20
103.63726101792128
 10
665.5915304465212
 20
103.99726101792128
 10
665.2315304465212
 20
103.99726101792128
 97
0
 75
0
 76
1
 98
0
1001
JETIS
1000
R02 LOD100
1000
NOMINAL PROFILE / VISUAL SECTION
1000

  0
HATCH
  5
3D100
330
1F
100
AcDbEntity
  8
HATCH
 62
7
100
AcDbHatch
 10
0.0
 20
0.0
 30
0.0
210
0.0
220
0.0
230
1.0
  2
SOLID
 70
1
 71
0
 91
1
 92
3
 72
0
 73
1
 93
4
 10
665.2315304465212
 20
133.63726101792128
 10
665.5915304465212
 20
133.63726101792128
 10
665.5915304465212
 20
133.9972610179213
 10
665.2315304465212
 20
133.9972610179213
 97
0
 75
0
 76
1
 98
0
1001
JETIS
1000
R02 LOD100
1000
NOMINAL PROFILE / VISUAL SECTION
1000

  0
HATCH
  5
3D300
330
1F
100
AcDbEntity
  8
HATCH
 62
7
100
AcDbHatch
 10
0.0
 20
0.0
 30
0.0
210
0.0
220
0.0
230
1.0
  2
SOLID
 70
1
 71
0
 91
1
 92
3
 72
0
 73
1
 93
4
 10
665.2315304465212
 20
138.78011816077841
 10
665.5915304465212
 20
138.78011816077841
 10
665.5915304465212
 20
139.14011816077843
 10
665.2315304465212
 20
139.14011816077843
 97
0
 75
0
 76
1
 98
0
1001
JETIS
1000
R02 LOD100
1000
NOMINAL PROFILE / VISUAL SECTION
1000

  0
HATCH
  5
3D500
330
1F
100
AcDbEntity
  8
HATCH
 62
7
100
AcDbHatch
 10
0.0
 20
0.0
 30
0.0
210
0.0
220
0.0
230
1.0
  2
SOLID
 70
1
 71
0
 91
1
 92
3
 72
0
 73
1
 93
4
 10
671.2315304465212
 20
103.63726101792128
 10
671.5915304465212
 20
103.63726101792128
 10
671.5915304465212
 20
103.99726101792128
 10
671.2315304465212
 20
103.99726101792128
 97
0
 75
0
 76
1
 98
0
1001
JETIS
1000
R02 LOD100
1000
NOMINAL PROFILE / VISUAL SECTION
1000

  0
HATCH
  5
3D700
330
1F
100
AcDbEntity
  8
HATCH
 62
7
100
AcDbHatch
 10
0.0
 20
0.0
 30
0.0
210
0.0
220
0.0
230
1.0
  2
SOLID
 70
1
 71
0
 91
1
 92
3
 72
0
 73
1
 93
4
 10
671.2315304465212
 20
133.63726101792128
 10
671.5915304465212
 20
133.63726101792128
 10
671.5915304465212
 20
133.9972610179213
 10
671.2315304465212
 20
133.9972610179213
 97
0
 75
0
 76
1
 98
0
1001
JETIS
1000
R02 LOD100
1000
NOMINAL PROFILE / VISUAL SECTION
1000

  0
HATCH
  5
3D900
330
1F
100
AcDbEntity
  8
HATCH
 62
7
100
AcDbHatch
 10
0.0
 20
0.0
 30
0.0
210
0.0
220
0.0
230
1.0
  2
SOLID
 70
1
 71
0
 91
1
 92
3
 72
0
 73
1
 93
4
 10
671.2315304465212
 20
138.351546732207
 10
671.5915304465212
 20
138.351546732207
 10
671.5915304465212
 20
138.711546732207
 10
671.2315304465212
 20
138.711546732207
 97
0
 75
0
 76
1
 98
0
1001
JETIS
1000
R02 LOD100
1000
NOMINAL PROFILE / VISUAL SECTION
1000

  0
HATCH
  5
3DB00
330
1F
100
AcDbEntity
  8
HATCH
 62
7
100
AcDbHatch
 10
0.0
 20
0.0
 30
0.0
210
0.0
220
0.0
230
1.0
  2
SOLID
 70
1
 71
0
 91
1
 92
3
 72
0
 73
1
 93
4
 10
677.2315304465212
 20
103.63726101792128
 10
677.5915304465212
 20
103.63726101792128
 10
677.5915304465212
 20
103.99726101792128
 10
677.2315304465212
 20
103.99726101792128
 97
0
 75
0
 76
1
 98
0
1001
JETIS
1000
R02 LOD100
1000
NOMINAL PROFILE / VISUAL SECTION
1000

  0
HATCH
  5
3DD00
330
1F
100
AcDbEntity
  8
HATCH
 62
7
100
AcDbHatch
 10
0.0
 20
0.0
 30
0.0
210
0.0
220
0.0
230
1.0
  2
SOLID
 70
1
 71
0
 91
1
 92
3
 72
0
 73
1
 93
4
 10
677.2315304465212
 20
133.63726101792128
 10
677.5915304465212
 20
133.63726101792128
 10
677.5915304465212
 20
133.9972610179213
 10
677.2315304465212
 20
133.9972610179213
 97
0
 75
0
 76
1
 98
0
1001
JETIS
1000
R02 LOD100
1000
NOMINAL PROFILE / VISUAL SECTION
1000

  0
HATCH
  5
3DF00
330
1F
100
AcDbEntity
  8
HATCH
 62
7
100
AcDbHatch
 10
0.0
 20
0.0
 30
0.0
210
0.0
220
0.0
230
1.0
  2
SOLID
 70
1
 71
0
 91
1
 92
3
 72
0
 73
1
 93
4
 10
677.2315304465212
 20
137.92297530363555
 10
677.5915304465212
 20
137.92297530363555
 10
677.5915304465212
 20
138.28297530363557
 10
677.2315304465212
 20
138.28297530363557
 97
0
 75
0
 76
1
 98
0
1001
JETIS
1000
R02 LOD100
1000
NOMINAL PROFILE / VISUAL SECTION
1000

  0
HATCH
  5
3E100
330
1F
100
AcDbEntity
  8
HATCH
 62
7
100
AcDbHatch
 10
0.0
 20
0.0
 30
0.0
210
0.0
220
0.0
230
1.0
  2
SOLID
 70
1
 71
0
 91
1
 92
3
 72
0
 73
1
 93
4
 10
683.2315304465212
 20
103.63726101792128
 10
683.5915304465212
 20
103.63726101792128
 10
683.5915304465212
 20
103.99726101792128
 10
683.2315304465212
 20
103.99726101792128
 97
0
 75
0
 76
1
 98
0
1001
JETIS
1000
R02 LOD100
1000
NOMINAL PROFILE / VISUAL SECTION
1000

  0
HATCH
  5
3E300
330
1F
100
AcDbEntity
  8
HATCH
 62
7
100
AcDbHatch
 10
0.0
 20
0.0
 30
0.0
210
0.0
220
0.0
230
1.0
  2
SOLID
 70
1
 71
0
 91
1
 92
3
 72
0
 73
1
 93
4
 10
683.2315304465212
 20
133.63726101792128
 10
683.5915304465212
 20
133.63726101792128
 10
683.5915304465212
 20
133.9972610179213
 10
683.2315304465212
 20
133.9972610179213
 97
0
 75
0
 76
1
 98
0
1001
JETIS
1000
R02 LOD100
1000
NOMINAL PROFILE / VISUAL SECTION
1000

  0
HATCH
  5
3E500
330
1F
100
AcDbEntity
  8
HATCH
 62
7
100
AcDbHatch
 10
0.0
 20
0.0
 30
0.0
210
0.0
220
0.0
230
1.0
  2
SOLID
 70
1
 71
0
 91
1
 92
3
 72
0
 73
1
 93
4
 10
683.2315304465212
 20
137.49440387506414
 10
683.5915304465212
 20
137.49440387506414
 10
683.5915304465212
 20
137.85440387506415
 10
683.2315304465212
 20
137.85440387506415
 97
0
 75
0
 76
1
 98
0
1001
JETIS
1000
R02 LOD100
1000
NOMINAL PROFILE / VISUAL SECTION
1000

  0
HATCH
  5
3E700
330
1F
100
AcDbEntity
  8
HATCH
 62
7
100
AcDbHatch
 10
0.0
 20
0.0
 30
0.0
210
0.0
220
0.0
230
1.0
  2
SOLID
 70
1
 71
0
 91
1
 92
3
 72
0
 73
1
 93
4
 10
689.2315304465212
 20
103.63726101792128
 10
689.5915304465212
 20
103.63726101792128
 10
689.5915304465212
 20
103.99726101792128
 10
689.2315304465212
 20
103.99726101792128
 97
0
 75
0
 76
1
 98
0
1001
JETIS
1000
R02 LOD100
1000
NOMINAL PROFILE / VISUAL SECTION
1000

  0
HATCH
  5
3E900
330
1F
100
AcDbEntity
  8
HATCH
 62
7
100
AcDbHatch
 10
0.0
 20
0.0
 30
0.0
210
0.0
220
0.0
230
1.0
  2
SOLID
 70
1
 71
0
 91
1
 92
3
 72
0
 73
1
 93
4
 10
689.2315304465212
 20
133.63726101792128
 10
689.5915304465212
 20
133.63726101792128
 10
689.5915304465212
 20
133.9972610179213
 10
689.2315304465212
 20
133.9972610179213
 97
0
 75
0
 76
1
 98
0
1001
JETIS
1000
R02 LOD100
1000
NOMINAL PROFILE / VISUAL SECTION
1000

  0
HATCH
  5
3EB00
330
1F
100
AcDbEntity
  8
HATCH
 62
7
100
AcDbHatch
 10
0.0
 20
0.0
 30
0.0
210
0.0
220
0.0
230
1.0
  2
SOLID
 70
1
 71
0
 91
1
 92
3
 72
0
 73
1
 93
4
 10
689.2315304465212
 20
137.06583244649272
 10
689.5915304465212
 20
137.06583244649272
 10
689.5915304465212
 20
137.42583244649273
 10
689.2315304465212
 20
137.42583244649273
 97
0
 75
0
 76
1
 98
0
1001
JETIS
1000
R02 LOD100
1000
NOMINAL PROFILE / VISUAL SECTION
1000

  0
HATCH
  5
3ED00
330
1F
100
AcDbEntity
  8
HATCH
 62
7
100
AcDbHatch
 10
0.0
 20
0.0
 30
0.0
210
0.0
220
0.0
230
1.0
  2
SOLID
 70
1
 71
0
 91
1
 92
3
 72
0
 73
1
 93
4
 10
695.2315304465212
 20
103.63726101792128
 10
695.5915304465212
 20
103.63726101792128
 10
695.5915304465212
 20
103.99726101792128
 10
695.2315304465212
 20
103.99726101792128
 97
0
 75
0
 76
1
 98
0
1001
JETIS
1000
R02 LOD100
1000
NOMINAL PROFILE / VISUAL SECTION
1000

  0
HATCH
  5
3EF00
330
1F
100
AcDbEntity
  8
HATCH
 62
7
100
AcDbHatch
 10
0.0
 20
0.0
 30
0.0
210
0.0
220
0.0
230
1.0
  2
SOLID
 70
1
 71
0
 91
1
 92
3
 72
0
 73
1
 93
4
 10
695.2315304465212
 20
133.63726101792128
 10
695.5915304465212
 20
133.63726101792128
 10
695.5915304465212
 20
133.9972610179213
 10
695.2315304465212
 20
133.9972610179213
 97
0
 75
0
 76
1
 98
0
1001
JETIS
1000
R02 LOD100
1000
NOMINAL PROFILE / VISUAL SECTION
1000

  0
HATCH
  5
3F100
330
1F
100
AcDbEntity
  8
HATCH
 62
7
100
AcDbHatch
 10
0.0
 20
0.0
 30
0.0
210
0.0
220
0.0
230
1.0
  2
SOLID
 70
1
 71
0
 91
1
 92
3
 72
0
 73
1
 93
4
 10
695.2315304465212
 20
136.63726101792128
 10
695.5915304465212
 20
136.63726101792128
 10
695.5915304465212
 20
136.9972610179213
 10
695.2315304465212
 20
136.9972610179213
 97
0
 75
0
 76
1
 98
0
1001
JETIS
1000
R02 LOD100
1000
NOMINAL PROFILE / VISUAL SECTION
1000

  0
HATCH
  5
3F300
330
1F
100
AcDbEntity
  8
HATCH
 62
7
100
AcDbHatch
 10
0.0
 20
0.0
 30
0.0
210
0.0
220
0.0
230
1.0
  2
SOLID
 70
1
 71
0
 91
1
 92
3
 72
0
 73
1
 93
4
 10
701.2315304465212
 20
103.63726101792128
 10
701.5915304465212
 20
103.63726101792128
 10
701.5915304465212
 20
103.99726101792128
 10
701.2315304465212
 20
103.99726101792128
 97
0
 75
0
 76
1
 98
0
1001
JETIS
1000
R02 LOD100
1000
NOMINAL PROFILE / VISUAL SECTION
1000

  0
HATCH
  5
3F500
330
1F
100
AcDbEntity
  8
HATCH
 62
7
100
AcDbHatch
 10
0.0
 20
0.0
 30
0.0
210
0.0
220
0.0
230
1.0
  2
SOLID
 70
1
 71
0
 91
1
 92
3
 72
0
 73
1
 93
4
 10
701.2315304465212
 20
133.63726101792128
 10
701.5915304465212
 20
133.63726101792128
 10
701.5915304465212
 20
133.9972610179213
 10
701.2315304465212
 20
133.9972610179213
 97
0
 75
0
 76
1
 98
0
1001
JETIS
1000
R02 LOD100
1000
NOMINAL PROFILE / VISUAL SECTION
1000

  0
HATCH
  5
3F700
330
1F
100
AcDbEntity
  8
HATCH
 62
7
100
AcDbHatch
 10
0.0
 20
0.0
 30
0.0
210
0.0
220
0.0
230
1.0
  2
SOLID
 70
1
 71
0
 91
1
 92
3
 72
0
 73
1
 93
4
 10
701.2315304465212
 20
136.20868958934983
 10
701.5915304465212
 20
136.20868958934983
 10
701.5915304465212
 20
136.56868958934984
 10
701.2315304465212
 20
136.56868958934984
 97
0
 75
0
 76
1
 98
0
1001
JETIS
1000
R02 LOD100
1000
NOMINAL PROFILE / VISUAL SECTION
1000

  0
HATCH
  5
3F900
330
1F
100
AcDbEntity
  8
HATCH
 62
7
100
AcDbHatch
 10
0.0
 20
0.0
 30
0.0
210
0.0
220
0.0
230
1.0
  2
SOLID
 70
1
 71
0
 91
1
 92
3
 72
0
 73
1
 93
4
 10
707.2315304465212
 20
103.63726101792128
 10
707.5915304465212
 20
103.63726101792128
 10
707.5915304465212
 20
103.99726101792128
 10
707.2315304465212
 20
103.99726101792128
 97
0
 75
0
 76
1
 98
0
1001
JETIS
1000
R02 LOD100
1000
NOMINAL PROFILE / VISUAL SECTION
1000

  0
HATCH
  5
3FB00
330
1F
100
AcDbEntity
  8
HATCH
 62
7
100
AcDbHatch
 10
0.0
 20
0.0
 30
0.0
210
0.0
220
0.0
230
1.0
  2
SOLID
 70
1
 71
0
 91
1
 92
3
 72
0
 73
1
 93
4
 10
707.2315304465212
 20
133.63726101792128
 10
707.5915304465212
 20
133.63726101792128
 10
707.5915304465212
 20
133.9972610179213
 10
707.2315304465212
 20
133.9972610179213
 97
0
 75
0
 76
1
 98
0
1001
JETIS
1000
R02 LOD100
1000
NOMINAL PROFILE / VISUAL SECTION
1000

  0
HATCH
  5
3FD00
330
1F
100
AcDbEntity
  8
HATCH
 62
7
100
AcDbHatch
 10
0.0
 20
0.0
 30
0.0
210
0.0
220
0.0
230
1.0
  2
SOLID
 70
1
 71
0
 91
1
 92
3
 72
0
 73
1
 93
4
 10
707.2315304465212
 20
135.78011816077841
 10
707.5915304465212
 20
135.78011816077841
 10
707.5915304465212
 20
136.14011816077843
 10
707.2315304465212
 20
136.14011816077843
 97
0
 75
0
 76
1
 98
0
1001
JETIS
1000
R02 LOD100
1000
NOMINAL PROFILE / VISUAL SECTION
1000

  0
HATCH
  5
3FF00
330
1F
100
AcDbEntity
  8
HATCH
 62
7
100
AcDbHatch
 10
0.0
 20
0.0
 30
0.0
210
0.0
220
0.0
230
1.0
  2
SOLID
 70
1
 71
0
 91
1
 92
3
 72
0
 73
1
 93
4
 10
713.2315304465212
 20
103.63726101792128
 10
713.5915304465212
 20
103.63726101792128
 10
713.5915304465212
 20
103.99726101792128
 10
713.2315304465212
 20
103.99726101792128
 97
0
 75
0
 76
1
 98
0
1001
JETIS
1000
R02 LOD100
1000
NOMINAL PROFILE / VISUAL SECTION
1000

  0
HATCH
  5
40100
330
1F
100
AcDbEntity
  8
HATCH
 62
7
100
AcDbHatch
 10
0.0
 20
0.0
 30
0.0
210
0.0
220
0.0
230
1.0
  2
SOLID
 70
1
 71
0
 91
1
 92
3
 72
0
 73
1
 93
4
 10
713.2315304465212
 20
133.63726101792128
 10
713.5915304465212
 20
133.63726101792128
 10
713.5915304465212
 20
133.9972610179213
 10
713.2315304465212
 20
133.9972610179213
 97
0
 75
0
 76
1
 98
0
1001
JETIS
1000
R02 LOD100
1000
NOMINAL PROFILE / VISUAL SECTION
1000

  0
HATCH
  5
40300
330
1F
100
AcDbEntity
  8
HATCH
 62
7
100
AcDbHatch
 10
0.0
 20
0.0
 30
0.0
210
0.0
220
0.0
230
1.0
  2
SOLID
 70
1
 71
0
 91
1
 92
3
 72
0
 73
1
 93
4
 10
713.2315304465212
 20
135.351546732207
 10
713.5915304465212
 20
135.351546732207
 10
713.5915304465212
 20
135.711546732207
 10
713.2315304465212
 20
135.711546732207
 97
0
 75
0
 76
1
 98
0
1001
JETIS
1000
R02 LOD100
1000
NOMINAL PROFILE / VISUAL SECTION
1000

  0
HATCH
  5
40500
330
1F
100
AcDbEntity
  8
HATCH
 62
7
100
AcDbHatch
 10
0.0
 20
0.0
 30
0.0
210
0.0
220
0.0
230
1.0
  2
SOLID
 70
1
 71
0
 91
1
 92
3
 72
0
 73
1
 93
4
 10
719.2315304465212
 20
103.63726101792128
 10
719.5915304465212
 20
103.63726101792128
 10
719.5915304465212
 20
103.99726101792128
 10
719.2315304465212
 20
103.99726101792128
 97
0
 75
0
 76
1
 98
0
1001
JETIS
1000
R02 LOD100
1000
NOMINAL PROFILE / VISUAL SECTION
1000

  0
HATCH
  5
40700
330
1F
100
AcDbEntity
  8
HATCH
 62
7
100
AcDbHatch
 10
0.0
 20
0.0
 30
0.0
210
0.0
220
0.0
230
1.0
  2
SOLID
 70
1
 71
0
 91
1
 92
3
 72
0
 73
1
 93
4
 10
719.2315304465212
 20
133.63726101792128
 10
719.5915304465212
 20
133.63726101792128
 10
719.5915304465212
 20
133.9972610179213
 10
719.2315304465212
 20
133.9972610179213
 97
0
 75
0
 76
1
 98
0
1001
JETIS
1000
R02 LOD100
1000
NOMINAL PROFILE / VISUAL SECTION
1000

  0
HATCH
  5
40900
330
1F
100
AcDbEntity
  8
HATCH
 62
7
100
AcDbHatch
 10
0.0
 20
0.0
 30
0.0
210
0.0
220
0.0
230
1.0
  2
SOLID
 70
1
 71
0
 91
1
 92
3
 72
0
 73
1
 93
4
 10
719.2315304465212
 20
134.92297530363555
 10
719.5915304465212
 20
134.92297530363555
 10
719.5915304465212
 20
135.28297530363557
 10
719.2315304465212
 20
135.28297530363557
 97
0
 75
0
 76
1
 98
0
1001
JETIS
1000
R02 LOD100
1000
NOMINAL PROFILE / VISUAL SECTION
1000

  0
HATCH
  5
40B00
330
1F
100
AcDbEntity
  8
HATCH
 62
7
100
AcDbHatch
 10
0.0
 20
0.0
 30
0.0
210
0.0
220
0.0
230
1.0
  2
SOLID
 70
1
 71
0
 91
1
 92
3
 72
0
 73
1
 93
4
 10
725.2315304465212
 20
103.63726101792128
 10
725.5915304465212
 20
103.63726101792128
 10
725.5915304465212
 20
103.99726101792128
 10
725.2315304465212
 20
103.99726101792128
 97
0
 75
0
 76
1
 98
0
1001
JETIS
1000
R02 LOD100
1000
NOMINAL PROFILE / VISUAL SECTION
1000

  0
HATCH
  5
40D00
330
1F
100
AcDbEntity
  8
HATCH
 62
7
100
AcDbHatch
 10
0.0
 20
0.0
 30
0.0
210
0.0
220
0.0
230
1.0
  2
SOLID
 70
1
 71
0
 91
1
 92
3
 72
0
 73
1
 93
4
 10
725.2315304465212
 20
133.63726101792128
 10
725.5915304465212
 20
133.63726101792128
 10
725.5915304465212
 20
133.9972610179213
 10
725.2315304465212
 20
133.9972610179213
 97
0
 75
0
 76
1
 98
0
1001
JETIS
1000
R02 LOD100
1000
NOMINAL PROFILE / VISUAL SECTION
1000

  0
HATCH
  5
40F00
330
1F
100
AcDbEntity
  8
HATCH
 62
7
100
AcDbHatch
 10
0.0
 20
0.0
 30
0.0
210
0.0
220
0.0
230
1.0
  2
SOLID
 70
1
 71
0
 91
1
 92
3
 72
0
 73
1
 93
4
 10
725.2315304465212
 20
134.49440387506414
 10
725.5915304465212
 20
134.49440387506414
 10
725.5915304465212
 20
134.85440387506415
 10
725.2315304465212
 20
134.85440387506415
 97
0
 75
0
 76
1
 98
0
1001
JETIS
1000
R02 LOD100
1000
NOMINAL PROFILE / VISUAL SECTION
1000

  0
HATCH
  5
41100
330
1F
100
AcDbEntity
  8
HATCH
 62
7
100
AcDbHatch
 10
0.0
 20
0.0
 30
0.0
210
0.0
220
0.0
230
1.0
  2
SOLID
 70
1
 71
0
 91
1
 92
3
 72
0
 73
1
 93
4
 10
731.2315304465212
 20
103.63726101792128
 10
731.5915304465213
 20
103.63726101792128
 10
731.5915304465213
 20
103.99726101792128
 10
731.2315304465212
 20
103.99726101792128
 97
0
 75
0
 76
1
 98
0
1001
JETIS
1000
R02 LOD100
1000
NOMINAL PROFILE / VISUAL SECTION
1000

  0
HATCH
  5
41300
330
1F
100
AcDbEntity
  8
HATCH
 62
7
100
AcDbHatch
 10
0.0
 20
0.0
 30
0.0
210
0.0
220
0.0
230
1.0
  2
SOLID
 70
1
 71
0
 91
1
 92
3
 72
0
 73
1
 93
4
 10
731.2315304465212
 20
133.63726101792128
 10
731.5915304465213
 20
133.63726101792128
 10
731.5915304465213
 20
133.9972610179213
 10
731.2315304465212
 20
133.9972610179213
 97
0
 75
0
 76
1
 98
0
1001
JETIS
1000
R02 LOD100
1000
NOMINAL PROFILE / VISUAL SECTION
1000

  0
HATCH
  5
41500
330
1F
100
AcDbEntity
  8
HATCH
 62
7
100
AcDbHatch
 10
0.0
 20
0.0
 30
0.0
210
0.0
220
0.0
230
1.0
  2
SOLID
 70
1
 71
0
 91
1
 92
3
 72
0
 73
1
 93
4
 10
731.2315304465212
 20
134.06583244649272
 10
731.5915304465213
 20
134.06583244649272
 10
731.5915304465213
 20
134.42583244649273
 10
731.2315304465212
 20
134.42583244649273
 97
0
 75
0
 76
1
 98
0
1001
JETIS
1000
R02 LOD100
1000
NOMINAL PROFILE / VISUAL SECTION
1000

  0
HATCH
  5
41700
330
1F
100
AcDbEntity
  8
HATCH
 62
7
100
AcDbHatch
 10
0.0
 20
0.0
 30
0.0
210
0.0
220
0.0
230
1.0
  2
SOLID
 70
1
 71
0
 91
1
 92
3
 72
0
 73
1
 93
4
 10
737.2315304465212
 20
103.63726101792128
 10
737.5915304465213
 20
103.63726101792128
 10
737.5915304465213
 20
103.99726101792128
 10
737.2315304465212
 20
103.99726101792128
 97
0
 75
0
 76
1
 98
0
1001
JETIS
1000
R02 LOD100
1000
NOMINAL PROFILE / VISUAL SECTION
1000

  0
HATCH
  5
41900
330
1F
100
AcDbEntity
  8
HATCH
 62
7
100
AcDbHatch
 10
0.0
 20
0.0
 30
0.0
210
0.0
220
0.0
230
1.0
  2
SOLID
 70
1
 71
0
 91
1
 92
3
 72
0
 73
1
 93
4
 10
737.2315304465212
 20
133.63726101792128
 10
737.5915304465213
 20
133.63726101792128
 10
737.5915304465213
 20
133.9972610179213
 10
737.2315304465212
 20
133.9972610179213
 97
0
 75
0
 76
1
 98
0
1001
JETIS
1000
R02 LOD100
1000
NOMINAL PROFILE / VISUAL SECTION
1000

  0
HATCH
  5
41B00
330
1F
100
AcDbEntity
  8
HATCH
 62
7
100
AcDbHatch
 10
0.0
 20
0.0
 30
0.0
210
0.0
220
0.0
230
1.0
  2
SOLID
 70
1
 71
0
 91
1
 92
3
 72
0
 73
1
 93
4
 10
641.3365304548031
 20
23.81726101767208
 10
641.4865304548032
 20
23.81726101767208
 10
641.4865304548032
 20
30.81726101767208
 10
641.3365304548031
 20
30.81726101767208
 97
0
 75
0
 76
1
 98
0
1001
JETIS
1000
R02 LOD100
1000
SOURCE-ALIGNED ENVELOPE
1000

  0
HATCH
  5
41D00
330
1F
100
AcDbEntity
  8
HATCH
 62
7
100
AcDbHatch
 10
0.0
 20
0.0
 30
0.0
210
0.0
220
0.0
230
1.0
  2
SOLID
 70
1
 71
0
 91
1
 92
3
 72
0
 73
1
 93
4
 10
641.3365304548031
 20
32.017261017672084
 10
641.4865304548032
 20
32.017261017672084
 10
641.4865304548032
 20
35.81726101767208
 10
641.3365304548031
 20
35.81726101767208
 97
0
 75
0
 76
1
 98
0
1001
JETIS
1000
R02 LOD100
1000
SOURCE-ALIGNED ENVELOPE
1000

  0
HATCH
  5
41F00
330
1F
100
AcDbEntity
  8
HATCH
 62
7
100
AcDbHatch
 10
0.0
 20
0.0
 30
0.0
210
0.0
220
0.0
230
1.0
  2
SOLID
 70
1
 71
0
 91
1
 92
3
 72
0
 73
1
 93
4
 10
629.4115304548031
 20
35.74226101767208
 10
634.4115304548031
 20
35.74226101767208
 10
634.4115304548031
 20
35.89226101767208
 10
629.4115304548031
 20
35.89226101767208
 97
0
 75
0
 76
1
 98
0
1001
JETIS
1000
R02 LOD100
1000
SOURCE-ALIGNED ENVELOPE
1000

  0
HATCH
  5
42100
330
1F
100
AcDbEntity
  8
HATCH
 62
7
100
AcDbHatch
 10
0.0
 20
0.0
 30
0.0
210
0.0
220
0.0
230
1.0
  2
SOLID
 70
1
 71
0
 91
1
 92
3
 72
0
 73
1
 93
4
 10
635.6115304548032
 20
35.74226101767208
 10
641.4115304548031
 20
35.74226101767208
 10
641.4115304548031
 20
35.89226101767208
 10
635.6115304548032
 20
35.89226101767208
 97
0
 75
0
 76
1
 98
0
1001
JETIS
1000
R02 LOD100
1000
SOURCE-ALIGNED ENVELOPE
1000

  0
HATCH
  5
42300
330
1F
100
AcDbEntity
  8
HATCH
 62
7
100
AcDbHatch
 10
0.0
 20
0.0
 30
0.0
210
0.0
220
0.0
230
1.0
  2
SOLID
 70
1
 71
0
 91
1
 92
3
 72
0
 73
1
 93
4
 10
732.9115304550505
 20
83.69726101767208
 10
735.9115304550505
 20
83.69726101767208
 10
735.9115304550505
 20
83.93726101767207
 10
732.9115304550505
 20
83.93726101767207
 97
0
 75
0
 76
1
 98
0
1001
JETIS
1000
R02 LOD100
1000
SOURCE
1000
1651A
  0
HATCH
  5
42600
330
1F
100
AcDbEntity
  8
HATCH
 62
7
100
AcDbHatch
 10
0.0
 20
0.0
 30
0.0
210
0.0
220
0.0
230
1.0
  2
SOLID
 70
1
 71
0
 91
1
 92
3
 72
0
 73
1
 93
4
 10
720.9115304550505
 20
83.69726101767208
 10
723.9115304550505
 20
83.69726101767208
 10
723.9115304550505
 20
83.93726101767207
 10
720.9115304550505
 20
83.93726101767207
 97
0
 75
0
 76
1
 98
0
1001
JETIS
1000
R02 LOD100
1000
SOURCE
1000
1653E
  0
HATCH
  5
42900
330
1F
100
AcDbEntity
  8
HATCH
 62
7
100
AcDbHatch
 10
0.0
 20
0.0
 30
0.0
210
0.0
220
0.0
230
1.0
  2
SOLID
 70
1
 71
0
 91
1
 92
3
 72
0
 73
1
 93
4
 10
708.9115304550505
 20
83.69726101767208
 10
711.9115304550505
 20
83.69726101767208
 10
711.9115304550505
 20
83.93726101767207
 10
708.9115304550505
 20
83.93726101767207
 97
0
 75
0
 76
1
 98
0
1001
JETIS
1000
R02 LOD100
1000
SOURCE
1000
16544
  0
HATCH
  5
42C00
330
1F
100
AcDbEntity
  8
HATCH
 62
7
100
AcDbHatch
 10
0.0
 20
0.0
 30
0.0
210
0.0
220
0.0
230
1.0
  2
SOLID
 70
1
 71
0
 91
1
 92
3
 72
0
 73
1
 93
4
 10
696.9115304550505
 20
83.69726101767208
 10
699.9115304550505
 20
83.69726101767208
 10
699.9115304550505
 20
83.93726101767207
 10
696.9115304550505
 20
83.93726101767207
 97
0
 75
0
 76
1
 98
0
1001
JETIS
1000
R02 LOD100
1000
SOURCE
1000
1654A
  0
HATCH
  5
42F00
330
1F
100
AcDbEntity
  8
HATCH
 62
7
100
AcDbHatch
 10
0.0
 20
0.0
 30
0.0
210
0.0
220
0.0
230
1.0
  2
SOLID
 70
1
 71
0
 91
1
 92
3
 72
0
 73
1
 93
4
 10
684.9115304550505
 20
83.69726101767208
 10
687.9115304550505
 20
83.69726101767208
 10
687.9115304550505
 20
83.93726101767207
 10
684.9115304550505
 20
83.93726101767207
 97
0
 75
0
 76
1
 98
0
1001
JETIS
1000
R02 LOD100
1000
SOURCE
1000
2165F
  0
HATCH
  5
43200
330
1F
100
AcDbEntity
  8
HATCH
 62
7
100
AcDbHatch
 10
0.0
 20
0.0
 30
0.0
210
0.0
220
0.0
230
1.0
  2
SOLID
 70
1
 71
0
 91
1
 92
3
 72
0
 73
1
 93
4
 10
672.9115304550542
 20
83.69726101767208
 10
675.9115304550542
 20
83.69726101767208
 10
675.9115304550542
 20
83.93726101767207
 10
672.9115304550542
 20
83.93726101767207
 97
0
 75
0
 76
1
 98
0
1001
JETIS
1000
R02 LOD100
1000
SOURCE
1000
21665
  0
HATCH
  5
43500
330
1F
100
AcDbEntity
  8
HATCH
 62
7
100
AcDbHatch
 10
0.0
 20
0.0
 30
0.0
210
0.0
220
0.0
230
1.0
  2
SOLID
 70
1
 71
0
 91
1
 92
3
 72
0
 73
1
 93
4
 10
666.9115304545544
 20
23.69726101767208
 10
669.9115304545544
 20
23.69726101767208
 10
669.9115304545544
 20
23.93726101767208
 10
666.9115304545544
 20
23.93726101767208
 97
0
 75
0
 76
1
 98
0
1001
JETIS
1000
R02 LOD100
1000
SOURCE
1000
21700
  0
HATCH
  5
43800
330
1F
100
AcDbEntity
  8
HATCH
 62
7
100
AcDbHatch
 10
0.0
 20
0.0
 30
0.0
210
0.0
220
0.0
230
1.0
  2
SOLID
 70
1
 71
0
 91
1
 92
3
 72
0
 73
1
 93
4
 10
672.9115304545544
 20
23.69726101767208
 10
675.9115304545544
 20
23.69726101767208
 10
675.9115304545544
 20
23.93726101767208
 10
672.9115304545544
 20
23.93726101767208
 97
0
 75
0
 76
1
 98
0
1001
JETIS
1000
R02 LOD100
1000
SOURCE
1000
21706
  0
HATCH
  5
43B00
330
1F
100
AcDbEntity
  8
HATCH
 62
7
100
AcDbHatch
 10
0.0
 20
0.0
 30
0.0
210
0.0
220
0.0
230
1.0
  2
SOLID
 70
1
 71
0
 91
1
 92
3
 72
0
 73
1
 93
4
 10
678.9115304545544
 20
23.69726101767208
 10
681.9115304545544
 20
23.69726101767208
 10
681.9115304545544
 20
23.93726101767208
 10
678.9115304545544
 20
23.93726101767208
 97
0
 75
0
 76
1
 98
0
1001
JETIS
1000
R02 LOD100
1000
SOURCE
1000
2170C
  0
HATCH
  5
43E00
330
1F
100
AcDbEntity
  8
HATCH
 62
7
100
AcDbHatch
 10
0.0
 20
0.0
 30
0.0
210
0.0
220
0.0
230
1.0
  2
SOLID
 70
1
 71
0
 91
1
 92
3
 72
0
 73
1
 93
4
 10
684.9115304545544
 20
23.69726101767208
 10
687.9115304545544
 20
23.69726101767208
 10
687.9115304545544
 20
23.93726101767208
 10
684.9115304545544
 20
23.93726101767208
 97
0
 75
0
 76
1
 98
0
1001
JETIS
1000
R02 LOD100
1000
SOURCE
1000
2174D
  0
HATCH
  5
44100
330
1F
100
AcDbEntity
  8
HATCH
 62
7
100
AcDbHatch
 10
0.0
 20
0.0
 30
0.0
210
0.0
220
0.0
230
1.0
  2
SOLID
 70
1
 71
0
 91
1
 92
3
 72
0
 73
1
 93
4
 10
690.9115304545544
 20
23.69726101767208
 10
693.9115304545544
 20
23.69726101767208
 10
693.9115304545544
 20
23.93726101767208
 10
690.9115304545544
 20
23.93726101767208
 97
0
 75
0
 76
1
 98
0
1001
JETIS
1000
R02 LOD100
1000
SOURCE
1000
21753
  0
HATCH
  5
44400
330
1F
100
AcDbEntity
  8
HATCH
 62
7
100
AcDbHatch
 10
0.0
 20
0.0
 30
0.0
210
0.0
220
0.0
230
1.0
  2
SOLID
 70
1
 71
0
 91
1
 92
3
 72
0
 73
1
 93
4
 10
696.9115304545544
 20
23.69726101767208
 10
699.9115304545544
 20
23.69726101767208
 10
699.9115304545544
 20
23.93726101767208
 10
696.9115304545544
 20
23.93726101767208
 97
0
 75
0
 76
1
 98
0
1001
JETIS
1000
R02 LOD100
1000
SOURCE
1000
21759
  0
HATCH
  5
44700
330
1F
100
AcDbEntity
  8
HATCH
 62
7
100
AcDbHatch
 10
0.0
 20
0.0
 30
0.0
210
0.0
220
0.0
230
1.0
  2
SOLID
 70
1
 71
0
 91
1
 92
3
 72
0
 73
1
 93
4
 10
720.9115304545544
 20
23.69726101767208
 10
723.9115304545544
 20
23.69726101767208
 10
723.9115304545544
 20
23.93726101767208
 10
720.9115304545544
 20
23.93726101767208
 97
0
 75
0
 76
1
 98
0
1001
JETIS
1000
R02 LOD100
1000
SOURCE
1000
2179E
  0
HATCH
  5
44A00
330
1F
100
AcDbEntity
  8
HATCH
 62
7
100
AcDbHatch
 10
0.0
 20
0.0
 30
0.0
210
0.0
220
0.0
230
1.0
  2
SOLID
 70
1
 71
0
 91
1
 92
3
 72
0
 73
1
 93
4
 10
726.9115304545544
 20
23.69726101767208
 10
729.9115304545544
 20
23.69726101767208
 10
729.9115304545544
 20
23.93726101767208
 10
726.9115304545544
 20
23.93726101767208
 97
0
 75
0
 76
1
 98
0
1001
JETIS
1000
R02 LOD100
1000
SOURCE
1000
217A4
  0
HATCH
  5
44D00
330
1F
100
AcDbEntity
  8
HATCH
 62
7
100
AcDbHatch
 10
0.0
 20
0.0
 30
0.0
210
0.0
220
0.0
230
1.0
  2
SOLID
 70
1
 71
0
 91
1
 92
3
 72
0
 73
1
 93
4
 10
732.9115304545544
 20
23.69726101767208
 10
735.9115304545544
 20
23.69726101767208
 10
735.9115304545544
 20
23.93726101767208
 10
732.9115304545544
 20
23.93726101767208
 97
0
 75
0
 76
1
 98
0
1001
JETIS
1000
R02 LOD100
1000
SOURCE
1000
217AA
  0
HATCH
  5
45000
330
1F
100
AcDbEntity
  8
HATCH
 62
7
100
AcDbHatch
 10
0.0
 20
0.0
 30
0.0
210
0.0
220
0.0
230
1.0
  2
SOLID
 70
1
 71
0
 91
1
 92
3
 72
0
 73
1
 93
4
 10
738.9115304545544
 20
23.69726101767208
 10
741.9115304545544
 20
23.69726101767208
 10
741.9115304545544
 20
23.93726101767208
 10
738.9115304545544
 20
23.93726101767208
 97
0
 75
0
 76
1
 98
0
1001
JETIS
1000
R02 LOD100
1000
SOURCE
1000
217B0
  0
HATCH
  5
45300
330
1F
100
AcDbEntity
  8
HATCH
 62
7
100
AcDbHatch
 10
0.0
 20
0.0
 30
0.0
210
0.0
220
0.0
230
1.0
  2
SOLID
 70
1
 71
0
 91
1
 92
3
 72
0
 73
1
 93
4
 10
629.2915304548031
 20
73.31726051175337
 10
629.5315304548031
 20
73.31726051175337
 10
629.5315304548031
 20
76.31726051175337
 10
629.2915304548031
 20
76.31726051175337
 97
0
 75
0
 76
1
 98
0
1001
JETIS
1000
R02 LOD100
1000
SOURCE
1000
1BA1E
  0
HATCH
  5
45600
330
1F
100
AcDbEntity
  8
HATCH
 62
7
100
AcDbHatch
 10
0.0
 20
0.0
 30
0.0
210
0.0
220
0.0
230
1.0
  2
SOLID
 70
1
 71
0
 91
1
 92
3
 72
0
 73
1
 93
4
 10
629.2915304548031
 20
61.317260511753375
 10
629.5315304548031
 20
61.317260511753375
 10
629.5315304548031
 20
64.31726051175337
 10
629.2915304548031
 20
64.31726051175337
 97
0
 75
0
 76
1
 98
0
1001
JETIS
1000
R02 LOD100
1000
SOURCE
1000
1BA3C
  0
HATCH
  5
45900
330
1F
100
AcDbEntity
  8
HATCH
 62
7
100
AcDbHatch
 10
0.0
 20
0.0
 30
0.0
210
0.0
220
0.0
230
1.0
  2
SOLID
 70
1
 71
0
 91
1
 92
3
 72
0
 73
1
 93
4
 10
629.2915304548031
 20
49.3172605117461
 10
629.5315304548031
 20
49.3172605117461
 10
629.5315304548031
 20
52.3172605117461
 10
629.2915304548031
 20
52.3172605117461
 97
0
 75
0
 76
1
 98
0
1001
JETIS
1000
R02 LOD100
1000
SOURCE
1000
1BACB
  0
HATCH
  5
45C00
330
1F
100
AcDbEntity
  8
HATCH
 62
7
100
AcDbHatch
 10
0.0
 20
0.0
 30
0.0
210
0.0
220
0.0
230
1.0
  2
SOLID
 70
1
 71
0
 91
1
 92
3
 72
0
 73
1
 93
4
 10
629.2915304548031
 20
37.3172605117461
 10
629.5315304548031
 20
37.3172605117461
 10
629.5315304548031
 20
40.3172605117461
 10
629.2915304548031
 20
40.3172605117461
 97
0
 75
0
 76
1
 98
0
1001
JETIS
1000
R02 LOD100
1000
SOURCE
1000
1BAED
  0
HATCH
  5
45F00
330
1F
100
AcDbEntity
  8
HATCH
 62
7
100
AcDbHatch
 10
0.0
 20
0.0
 30
0.0
210
0.0
220
0.0
230
1.0
  2
SOLID
 70
1
 71
0
 91
1
 92
3
 72
0
 73
1
 93
4
 10
629.2915304548031
 20
24.267260511762288
 10
629.5315304548031
 20
24.267260511762288
 10
629.5315304548031
 20
26.067260511762015
 10
629.2915304548031
 20
26.067260511762015
 97
0
 75
0
 76
1
 98
0
1001
JETIS
1000
R02 LOD100
1000
SOURCE
1000
1BB25
  0
HATCH
  5
46200
330
1F
100
AcDbEntity
  8
HATCH
 62
7
100
AcDbHatch
 10
0.0
 20
0.0
 30
0.0
210
0.0
220
0.0
230
1.0
  2
SOLID
 70
1
 71
0
 91
1
 92
3
 72
0
 73
1
 93
4
 10
654.9115304465213
 20
103.69726101792128
 10
657.9115304465213
 20
103.69726101792128
 10
657.9115304465213
 20
103.93726101792127
 10
654.9115304465213
 20
103.93726101792127
 97
0
 75
0
 76
1
 98
0
1001
JETIS
1000
R02 LOD100
1000
SOURCE
1000
265F3
  0
HATCH
  5
46500
330
1F
100
AcDbEntity
  8
HATCH
 62
7
100
AcDbHatch
 10
0.0
 20
0.0
 30
0.0
210
0.0
220
0.0
230
1.0
  2
SOLID
 70
1
 71
0
 91
1
 92
3
 72
0
 73
1
 93
4
 10
666.9115304465213
 20
103.69726101792128
 10
669.9115304465213
 20
103.69726101792128
 10
669.9115304465213
 20
103.93726101792127
 10
666.9115304465213
 20
103.93726101792127
 97
0
 75
0
 76
1
 98
0
1001
JETIS
1000
R02 LOD100
1000
SOURCE
1000
26622
  0
HATCH
  5
46800
330
1F
100
AcDbEntity
  8
HATCH
 62
7
100
AcDbHatch
 10
0.0
 20
0.0
 30
0.0
210
0.0
220
0.0
230
1.0
  2
SOLID
 70
1
 71
0
 91
1
 92
3
 72
0
 73
1
 93
4
 10
678.9115304465213
 20
103.69726101792128
 10
681.9115304465213
 20
103.69726101792128
 10
681.9115304465213
 20
103.93726101792127
 10
678.9115304465213
 20
103.93726101792127
 97
0
 75
0
 76
1
 98
0
1001
JETIS
1000
R02 LOD100
1000
SOURCE
1000
26628
  0
HATCH
  5
46B00
330
1F
100
AcDbEntity
  8
HATCH
 62
7
100
AcDbHatch
 10
0.0
 20
0.0
 30
0.0
210
0.0
220
0.0
230
1.0
  2
SOLID
 70
1
 71
0
 91
1
 92
3
 72
0
 73
1
 93
4
 10
690.9115304465213
 20
103.69726101792128
 10
693.9115304465213
 20
103.69726101792128
 10
693.9115304465213
 20
103.93726101792127
 10
690.9115304465213
 20
103.93726101792127
 97
0
 75
0
 76
1
 98
0
1001
JETIS
1000
R02 LOD100
1000
SOURCE
1000
2662E
  0
HATCH
  5
46E00
330
1F
100
AcDbEntity
  8
HATCH
 62
7
100
AcDbHatch
 10
0.0
 20
0.0
 30
0.0
210
0.0
220
0.0
230
1.0
  2
SOLID
 70
1
 71
0
 91
1
 92
3
 72
0
 73
1
 93
4
 10
702.9115304465213
 20
103.69726101792128
 10
705.9115304465213
 20
103.69726101792128
 10
705.9115304465213
 20
103.93726101792127
 10
702.9115304465213
 20
103.93726101792127
 97
0
 75
0
 76
1
 98
0
1001
JETIS
1000
R02 LOD100
1000
SOURCE
1000
26634
  0
HATCH
  5
47100
330
1F
100
AcDbEntity
  8
HATCH
 62
7
100
AcDbHatch
 10
0.0
 20
0.0
 30
0.0
210
0.0
220
0.0
230
1.0
  2
SOLID
 70
1
 71
0
 91
1
 92
3
 72
0
 73
1
 93
4
 10
714.9115304465213
 20
103.69726101792128
 10
717.9115304465213
 20
103.69726101792128
 10
717.9115304465213
 20
103.93726101792127
 10
714.9115304465213
 20
103.93726101792127
 97
0
 75
0
 76
1
 98
0
1001
JETIS
1000
R02 LOD100
1000
SOURCE
1000
2663A
  0
HATCH
  5
47400
330
1F
100
AcDbEntity
  8
HATCH
 62
7
100
AcDbHatch
 10
0.0
 20
0.0
 30
0.0
210
0.0
220
0.0
230
1.0
  2
SOLID
 70
1
 71
0
 91
1
 92
3
 72
0
 73
1
 93
4
 10
726.9115304465213
 20
103.69726101792128
 10
729.9115304465213
 20
103.69726101792128
 10
729.9115304465213
 20
103.93726101792127
 10
726.9115304465213
 20
103.93726101792127
 97
0
 75
0
 76
1
 98
0
1001
JETIS
1000
R02 LOD100
1000
SOURCE
1000
26640
  0
HATCH
  5
48500
330
1F
100
AcDbEntity
  8
HATCH
 62
7
100
AcDbHatch
 10
0.0
 20
0.0
 30
0.0
210
0.0
220
0.0
230
1.0
  2
SOLID
 70
1
 71
0
 91
1
 92
3
 72
0
 73
1
 93
4
 10
640.436530454801
 20
23.8922610176719
 10
641.3365304548024
 20
23.8922610176719
 10
641.3365304548024
 20
24.792261017671535
 10
640.436530454801
 20
24.792261017671535
 97
0
 75
0
 76
1
 98
0
1001
JETIS
1000
R02 LOD100
1000
SOURCE
1000
2A411
  0
HATCH
  5
49100
330
1F
100
AcDbEntity
  8
HATCH
 62
7
100
AcDbHatch
 10
0.0
 20
0.0
 30
0.0
210
0.0
220
0.0
230
1.0
  2
SOLID
 70
1
 71
0
 91
1
 92
3
 72
0
 73
1
 93
4
 10
640.436530454801
 20
27.79226101766426
 10
641.3365304548024
 20
27.79226101766426
 10
641.3365304548024
 20
28.692261017663895
 10
640.436530454801
 20
28.692261017663895
 97
0
 75
0
 76
1
 98
0
1001
JETIS
1000
R02 LOD100
1000
SOURCE
1000
2A44A
  0
HATCH
  5
49A00
330
1F
100
AcDbEntity
  8
HATCH
 62
7
100
AcDbHatch
 10
0.0
 20
0.0
 30
0.0
210
0.0
220
0.0
230
1.0
  2
SOLID
 70
1
 71
0
 91
1
 92
3
 72
0
 73
1
 93
3
 10
640.8865304548032
 20
30.11726101767208
 10
640.5749957809536
 20
29.380412222470866
 10
641.1980651286475
 20
29.38041222246868
 97
0
 75
0
 76
1
 98
0
1001
JETIS
1000
R02 LOD100
1000
SOURCE
1000

  0
HATCH
  5
49C00
330
1F
100
AcDbEntity
  8
HATCH
 62
254
100
AcDbHatch
 10
0.0
 20
0.0
 30
0.0
210
0.0
220
0.0
230
1.0
  2
SOLID
 70
1
 71
0
 91
1
 92
3
 72
0
 73
1
 93
4
 10
639.9115301099228
 20
18.81726101767208
 10
639.9115301099228
 20
14.817261017672081
 10
654.9115301099228
 20
14.817261017672081
 10
654.9115301099228
 20
18.81726101767208
 97
0
 75
0
 76
1
 98
0
1001
JETIS
1000
R02 LOD100
1000
SOURCE
1000
2A318
  0
HATCH
  5
49E00
330
1F
100
AcDbEntity
  8
HATCH
 62
7
100
AcDbHatch
 10
0.0
 20
0.0
 30
0.0
210
0.0
220
0.0
230
1.0
  2
SOLID
 70
1
 71
0
 91
1
 92
3
 72
0
 73
1
 93
4
 10
645.836530109922
 20
20.742261017672263
 10
648.9865301099235
 20
20.742261017672263
 10
648.9865301099235
 20
23.8922610176719
 10
645.836530109922
 20
23.8922610176719
 97
0
 75
0
 76
1
 98
0
1001
JETIS
1000
R02 LOD100
1000
SOURCE
1000
2A425
  0
HATCH
  5
57700
330
1F
100
AcDbEntity
  8
HATCH
 62
7
100
AcDbHatch
 10
0.0
 20
0.0
 30
0.0
210
0.0
220
0.0
230
1.0
  2
SOLID
 70
1
 71
0
 91
1
 92
3
 72
0
 73
1
 93
3
 10
648.4115304548031
 20
150.81726101767208
 10
647.6746816596009
 20
151.128795691519
 10
647.6746816596009
 20
150.50572634382516
 97
0
 75
0
 76
1
 98
0
1001
JETIS
1000
R02 LOD100
1000
SOURCE
1000

  0
HATCH
  5
5BD00
330
1F
100
AcDbEntity
  8
HATCH
 62
254
100
AcDbHatch
 10
0.0
 20
0.0
 30
0.0
210
0.0
220
0.0
230
1.0
  2
SOLID
 70
1
 71
0
 91
1
 92
3
 72
0
 73
1
 93
4
 10
29.48653045480314
 20
-370.10773898232793
 10
149.33653045480315
 20
-370.10773898232793
 10
149.33653045480315
 20
-346.2577389823279
 10
29.48653045480314
 20
-346.2577389823279
 97
0
 75
0
 76
1
 98
0
1001
JETIS
1000
R02 LOD100
1000
ASSUMED CONTINUOUS SLAB
1000

  0
HATCH
  5
5BF00
330
1F
100
AcDbEntity
  8
HATCH
 62
254
100
AcDbHatch
 10
0.0
 20
0.0
 30
0.0
210
0.0
220
0.0
230
1.0
  2
SOLID
 70
1
 71
0
 91
1
 92
3
 72
0
 73
1
 93
4
 10
41.33653045480314
 20
-376.10773898232793
 10
149.33653045480315
 20
-376.10773898232793
 10
149.33653045480315
 20
-370.10773898232793
 10
41.33653045480314
 20
-370.10773898232793
 97
0
 75
0
 76
1
 98
0
1001
JETIS
1000
R02 LOD100
1000
ASSUMED CONTINUOUS SLAB
1000

  0
HATCH
  5
5CF00
330
1F
100
AcDbEntity
  8
HATCH
 62
7
100
AcDbHatch
 10
0.0
 20
0.0
 30
0.0
210
0.0
220
0.0
230
1.0
  2
SOLID
 70
1
 71
0
 91
1
 92
3
 72
0
 73
1
 93
4
 10
40.43653045480096
 20
-376.1077389823281
 10
41.336530454802414
 20
-376.1077389823281
 10
41.336530454802414
 20
-375.20773898232846
 10
40.43653045480096
 20
-375.20773898232846
 97
0
 75
0
 76
1
 98
0
1001
JETIS
1000
R02 LOD100
1000
SOURCE
1000
2A411
  0
HATCH
  5
5DB00
330
1F
100
AcDbEntity
  8
HATCH
 62
7
100
AcDbHatch
 10
0.0
 20
0.0
 30
0.0
210
0.0
220
0.0
230
1.0
  2
SOLID
 70
1
 71
0
 91
1
 92
3
 72
0
 73
1
 93
4
 10
40.43653045480096
 20
-372.20773898233574
 10
41.336530454802414
 20
-372.20773898233574
 10
41.336530454802414
 20
-371.3077389823361
 10
40.43653045480096
 20
-371.3077389823361
 97
0
 75
0
 76
1
 98
0
1001
JETIS
1000
R02 LOD100
1000
SOURCE
1000
2A44A
  0
HATCH
  5
5E400
330
1F
100
AcDbEntity
  8
HATCH
 62
7
100
AcDbHatch
 10
0.0
 20
0.0
 30
0.0
210
0.0
220
0.0
230
1.0
  2
SOLID
 70
1
 71
0
 91
1
 92
3
 72
0
 73
1
 93
3
 10
40.88653045480314
 20
-369.8827389823279
 10
40.6918212836472
 20
-370.3432694793287
 10
41.08123962595585
 20
-370.34326947933005
 97
0
 75
0
 76
1
 98
0
1001
JETIS
1000
R02 LOD100
1000
SOURCE
1000

  0
HATCH
  5
63600
330
1F
100
AcDbEntity
  8
HATCH
 62
7
100
AcDbHatch
 10
0.0
 20
0.0
 30
0.0
210
0.0
220
0.0
230
1.0
  2
SOLID
 70
1
 71
0
 91
1
 92
3
 72
0
 73
1
 93
4
 10
10040.436530454801
 20
9623.892261017672
 10
10041.336530454802
 20
9623.892261017672
 10
10041.336530454802
 20
9624.792261017672
 10
10040.436530454801
 20
9624.792261017672
 97
0
 75
0
 76
1
 98
0
1001
JETIS
1000
R02 LOD100
1000
SOURCE
1000
2A411
  0
HATCH
  5
64200
330
1F
100
AcDbEntity
  8
HATCH
 62
7
100
AcDbHatch
 10
0.0
 20
0.0
 30
0.0
210
0.0
220
0.0
230
1.0
  2
SOLID
 70
1
 71
0
 91
1
 92
3
 72
0
 73
1
 93
4
 10
10040.436530454801
 20
9627.792261017665
 10
10041.336530454802
 20
9627.792261017665
 10
10041.336530454802
 20
9628.692261017664
 10
10040.436530454801
 20
9628.692261017664
 97
0
 75
0
 76
1
 98
0
1001
JETIS
1000
R02 LOD100
1000
SOURCE
1000
2A44A
  0
HATCH
  5
64B00
330
1F
100
AcDbEntity
  8
HATCH
 62
7
100
AcDbHatch
 10
0.0
 20
0.0
 30
0.0
210
0.0
220
0.0
230
1.0
  2
SOLID
 70
1
 71
0
 91
1
 92
3
 72
0
 73
1
 93
3
 10
10040.886530454804
 20
9630.117261017673
 10
10040.808646786341
 20
9629.933048818872
 10
10040.964414123264
 20
9629.933048818872
 97
0
 75
0
 76
1
 98
0
1001
JETIS
1000
R02 LOD100
1000
SOURCE
1000

  0
HATCH
  5
6BE00
330
1F
100
AcDbEntity
  8
HATCH
 62
254
100
AcDbHatch
 10
0.0
 20
0.0
 30
0.0
210
0.0
220
0.0
230
1.0
  2
SOLID
 70
1
 71
0
 91
1
 92
3
 72
0
 73
1
 93
4
 10
628.4115304548031
 20
-377.29920755262793
 10
750.4115304548031
 20
-377.29920755262793
 10
750.4115304548031
 20
-361.1827389823279
 10
628.4115304548031
 20
-361.1827389823279
 97
0
 75
0
 76
1
 98
0
1001
JETIS
1000
R02 LOD100
1000
SOURCE
1000
17468,1746C,1797F
  0
HATCH
  5
6C000
330
1F
100
AcDbEntity
  8
HATCH
 62
254
100
AcDbHatch
 10
0.0
 20
0.0
 30
0.0
210
0.0
220
0.0
230
1.0
  2
SOLID
 70
1
 71
0
 91
1
 92
3
 72
0
 73
1
 93
4
 10
628.4115304548031
 20
-361.1827389823279
 10
750.4115304548031
 20
-361.1827389823279
 10
750.4115304548031
 20
-346.4072757302779
 10
628.4115304548031
 20
-346.4072757302779
 97
0
 75
0
 76
1
 98
0
1001
JETIS
1000
R02 LOD100
1000
SOURCE
1000
17468,1746C,1797F
  0
HATCH
  5
6C200
330
1F
100
AcDbEntity
  8
HATCH
 62
254
100
AcDbHatch
 10
0.0
 20
0.0
 30
0.0
210
0.0
220
0.0
230
1.0
  2
SOLID
 70
1
 71
0
 91
1
 92
3
 72
0
 73
1
 93
4
 10
628.4115304548031
 20
-345.95820223437795
 10
744.4115304548031
 20
-345.95820223437795
 10
744.4115304548031
 20
-331.1827389823279
 10
628.4115304548031
 20
-331.1827389823279
 97
0
 75
0
 76
1
 98
0
1001
JETIS
1000
R02 LOD100
1000
SOURCE
1000
17468,1746C,1797F
  0
HATCH
  5
6C400
330
1F
100
AcDbEntity
  8
HATCH
 62
254
100
AcDbHatch
 10
0.0
 20
0.0
 30
0.0
210
0.0
220
0.0
230
1.0
  2
SOLID
 70
1
 71
0
 91
1
 92
3
 72
0
 73
1
 93
4
 10
628.4115304548031
 20
-331.1827389823279
 10
744.4115304548031
 20
-331.1827389823279
 10
744.4115304548031
 20
-315.0662704120279
 10
628.4115304548031
 20
-315.0662704120279
 97
0
 75
0
 76
1
 98
0
1001
JETIS
1000
R02 LOD100
1000
SOURCE
1000
17468,1746C,1797F
  0
HATCH
  5
6C600
330
1F
100
AcDbEntity
  8
HATCH
 62
254
100
AcDbHatch
 10
0.0
 20
0.0
 30
0.0
210
0.0
220
0.0
230
1.0
  2
SOLID
 70
1
 71
0
 91
1
 92
3
 72
0
 73
1
 93
4
 10
665.4115304548031
 20
-316.1827389823279
 10
743.4115304548031
 20
-316.1827389823279
 10
743.4115304548031
 20
-312.1827389823279
 10
665.4115304548031
 20
-312.1827389823279
 97
0
 75
0
 76
1
 98
0
1001
JETIS
1000
R02 LOD100
1000
SOURCE PROFILE / CANOPY EXTENT ASSUMPTION
1000
17B90
  0
HATCH
  5
6C800
330
1F
100
AcDbEntity
  8
HATCH
 62
254
100
AcDbHatch
 10
0.0
 20
0.0
 30
0.0
210
0.0
220
0.0
230
1.0
  2
SOLID
 70
1
 71
0
 91
1
 92
3
 72
0
 73
1
 93
4
 10
665.4115304548031
 20
-380.1827389823279
 10
701.4115304548031
 20
-380.1827389823279
 10
701.4115304548031
 20
-376.1827389823279
 10
665.4115304548031
 20
-376.1827389823279
 97
0
 75
0
 76
1
 98
0
1001
JETIS
1000
R02 LOD100
1000
SOURCE PROFILE / CANOPY EXTENT ASSUMPTION
1000
17B90
  0
HATCH
  5
6CA00
330
1F
100
AcDbEntity
  8
HATCH
 62
254
100
AcDbHatch
 10
0.0
 20
0.0
 30
0.0
210
0.0
220
0.0
230
1.0
  2
SOLID
 70
1
 71
0
 91
1
 92
3
 72
0
 73
1
 93
4
 10
719.4115304548031
 20
-380.1827389823279
 10
743.4115304548031
 20
-380.1827389823279
 10
743.4115304548031
 20
-376.1827389823279
 10
719.4115304548031
 20
-376.1827389823279
 97
0
 75
0
 76
1
 98
0
1001
JETIS
1000
R02 LOD100
1000
SOURCE PROFILE / CANOPY EXTENT ASSUMPTION
1000
17B90
  0
HATCH
  5
6CC00
330
1F
100
AcDbEntity
  8
HATCH
 62
254
100
AcDbHatch
 10
0.0
 20
0.0
 30
0.0
210
0.0
220
0.0
230
1.0
  2
SOLID
 70
1
 71
0
 91
1
 92
3
 72
0
 73
1
 93
4
 10
653.4115304465213
 20
-300.1827389820787
 10
737.4115304465213
 20
-300.1827389820787
 10
737.4115304465213
 20
-296.1827389820787
 10
653.4115304465213
 20
-296.1827389820787
 97
0
 75
0
 76
1
 98
0
1001
JETIS
1000
R02 LOD100
1000
SOURCE PROFILE / CANOPY EXTENT ASSUMPTION
1000
17B90
  0
HATCH
  5
6CE00
330
1F
100
AcDbEntity
  8
HATCH
 62
254
100
AcDbHatch
 10
0.0
 20
0.0
 30
0.0
210
0.0
220
0.0
230
1.0
  2
SOLID
 70
1
 71
0
 91
1
 92
3
 72
0
 73
1
 93
4
 10
652.4115304465213
 20
-297.1827389820787
 10
738.4115304465213
 20
-297.1827389820787
 10
738.4115304465213
 20
-281.1827389820787
 10
652.4115304465213
 20
-281.1827389820787
 97
0
 75
0
 76
1
 98
0
1001
JETIS
1000
R02 LOD100
1000
SOURCE
1000
16817,219A3
  0
HATCH
  5
6D000
330
1F
100
AcDbEntity
  8
HATCH
 62
254
100
AcDbHatch
 10
0.0
 20
0.0
 30
0.0
210
0.0
220
0.0
230
1.0
  2
SOLID
 70
1
 71
0
 91
1
 92
3
 72
0
 73
1
 93
4
 10
652.4115304465213
 20
-281.1827389820787
 10
738.4115304465213
 20
-281.1827389820787
 10
738.4115304465213
 20
-265.2516197786772
 10
652.4115304465213
 20
-259.1087626358203
 97
0
 75
0
 76
1
 98
0
1001
JETIS
1000
R02 LOD100
1000
SOURCE
1000
16817,219A3
  0
HATCH
  5
72C00
330
1F
100
AcDbEntity
  8
HATCH
 62
7
100
AcDbHatch
 10
0.0
 20
0.0
 30
0.0
210
0.0
220
0.0
230
1.0
  2
SOLID
 70
1
 71
0
 91
1
 92
3
 72
0
 73
1
 93
3
 10
711.0115304548032
 20
-374.1827389823279
 10
711.3230651286501
 20
-373.4458901871256
 10
710.6999957809562
 20
-373.4458901871256
 97
0
 75
0
 76
1
 98
0
1001
JETIS
1000
R02 LOD100
1000
SOURCE
1000

  0
HATCH
  5
73000
330
1F
100
AcDbEntity
  8
HATCH
 62
7
100
AcDbHatch
 10
0.0
 20
0.0
 30
0.0
210
0.0
220
0.0
230
1.0
  2
SOLID
 70
1
 71
0
 91
1
 92
3
 72
0
 73
1
 93
3
 10
711.0115304548032
 20
-348.1827389823279
 10
710.6999957809562
 20
-348.91958777753024
 10
711.3230651286501
 20
-348.91958777753024
 97
0
 75
0
 76
1
 98
0
1001
JETIS
1000
R02 LOD100
1000
SOURCE
1000

  0
HATCH
  5
73500
330
1F
100
AcDbEntity
  8
HATCH
 62
7
100
AcDbHatch
 10
0.0
 20
0.0
 30
0.0
210
0.0
220
0.0
230
1.0
  2
SOLID
 70
1
 71
0
 91
1
 92
3
 72
0
 73
1
 93
3
 10
706.9315304548031
 20
-344.1827389823279
 10
707.2430651286501
 20
-343.4458901871256
 10
706.6199957809563
 20
-343.4458901871256
 97
0
 75
0
 76
1
 98
0
1001
JETIS
1000
R02 LOD100
1000
SOURCE
1000

  0
HATCH
  5
73900
330
1F
100
AcDbEntity
  8
HATCH
 62
7
100
AcDbHatch
 10
0.0
 20
0.0
 30
0.0
210
0.0
220
0.0
230
1.0
  2
SOLID
 70
1
 71
0
 91
1
 92
3
 72
0
 73
1
 93
3
 10
706.9315304548031
 20
-318.1827389823279
 10
706.6199957809563
 20
-318.91958777753024
 10
707.2430651286501
 20
-318.91958777753024
 97
0
 75
0
 76
1
 98
0
1001
JETIS
1000
R02 LOD100
1000
SOURCE
1000

  0
HATCH
  5
73E00
330
1F
100
AcDbEntity
  8
HATCH
 62
7
100
AcDbHatch
 10
0.0
 20
0.0
 30
0.0
210
0.0
220
0.0
230
1.0
  2
SOLID
 70
1
 71
0
 91
1
 92
3
 72
0
 73
1
 93
3
 10
707.4115304465213
 20
-294.1827389820787
 10
707.7230651203682
 20
-293.4458901868764
 10
707.0999957726743
 20
-293.4458901868764
 97
0
 75
0
 76
1
 98
0
1001
JETIS
1000
R02 LOD100
1000
SOURCE
1000

  0
HATCH
  5
74200
330
1F
100
AcDbEntity
  8
HATCH
 62
7
100
AcDbHatch
 10
0.0
 20
0.0
 30
0.0
210
0.0
220
0.0
230
1.0
  2
SOLID
 70
1
 71
0
 91
1
 92
3
 72
0
 73
1
 93
3
 10
707.4115304465213
 20
-267.1827389820787
 10
707.0999957726743
 20
-267.91958777728104
 10
707.7230651203682
 20
-267.91958777728104
 97
0
 75
0
 76
1
 98
0
1001
JETIS
1000
R02 LOD100
1000
SOURCE
1000

  0
HATCH
  5
78700
330
1F
100
AcDbEntity
  8
HATCH
 62
7
100
AcDbHatch
 10
0.0
 20
0.0
 30
0.0
210
0.0
220
0.0
230
1.0
  2
SOLID
 70
1
 71
0
 91
1
 92
3
 72
0
 73
1
 93
3
 10
648.4115304548031
 20
-247.18273898232792
 10
647.6746816596009
 20
-246.871204308481
 10
647.6746816596009
 20
-247.49427365617484
 97
0
 75
0
 76
1
 98
0
1001
JETIS
1000
R02 LOD100
1000
SOURCE
1000

  0
HATCH
  5
7C200
330
1F
100
AcDbEntity
  8
HATCH
 62
254
100
AcDbHatch
 10
0.0
 20
0.0
 30
0.0
210
0.0
220
0.0
230
1.0
  2
SOLID
 70
1
 71
0
 91
1
 92
3
 72
0
 73
1
 93
4
 10
5.0
 20
-776.5
 10
125.0
 20
-776.5
 10
125.0
 20
-767.0192378864668
 10
5.0
 20
-767.0192378864668
 97
0
 75
0
 76
1
 98
0
1001
JETIS
1000
R02 LOD100
1000
SOURCE
1000

  0
HATCH
  5
7C400
330
1F
100
AcDbEntity
  8
HATCH
 62
254
100
AcDbHatch
 10
0.0
 20
0.0
 30
0.0
210
0.0
220
0.0
230
1.0
  2
SOLID
 70
1
 71
0
 91
1
 92
3
 72
0
 73
1
 93
4
 10
5.0
 20
-767.0192378864668
 10
125.0
 20
-767.0192378864668
 10
125.0
 20
-763.0
 10
5.0
 20
-763.0
 97
0
 75
0
 76
1
 98
0
1001
JETIS
1000
R02 LOD100
1000
SOURCE
1000

  0
HATCH
  5
7DB00
330
1F
100
AcDbEntity
  8
HATCH
 62
7
100
AcDbHatch
 10
0.0
 20
0.0
 30
0.0
210
0.0
220
0.0
230
1.0
  2
SOLID
 70
1
 71
0
 91
1
 92
3
 72
0
 73
1
 93
4
 10
42.49999999975125
 20
-775.3
 10
45.49999999975125
 20
-775.3
 10
45.49999999975125
 20
-772.3
 10
42.49999999975125
 20
-772.3
 97
0
 75
0
 76
1
 98
0
1001
JETIS
1000
R02 LOD100
1000
SOURCE
1000
21700
  0
HATCH
  5
7DE00
330
1F
100
AcDbEntity
  8
HATCH
 62
7
100
AcDbHatch
 10
0.0
 20
0.0
 30
0.0
210
0.0
220
0.0
230
1.0
  2
SOLID
 70
1
 71
0
 91
1
 92
3
 72
0
 73
1
 93
4
 10
48.49999999975125
 20
-775.3
 10
51.49999999975125
 20
-775.3
 10
51.49999999975125
 20
-772.3
 10
48.49999999975125
 20
-772.3
 97
0
 75
0
 76
1
 98
0
1001
JETIS
1000
R02 LOD100
1000
SOURCE
1000
21706
  0
HATCH
  5
7E100
330
1F
100
AcDbEntity
  8
HATCH
 62
7
100
AcDbHatch
 10
0.0
 20
0.0
 30
0.0
210
0.0
220
0.0
230
1.0
  2
SOLID
 70
1
 71
0
 91
1
 92
3
 72
0
 73
1
 93
4
 10
54.49999999975125
 20
-775.3
 10
57.49999999975125
 20
-775.3
 10
57.49999999975125
 20
-772.3
 10
54.49999999975125
 20
-772.3
 97
0
 75
0
 76
1
 98
0
1001
JETIS
1000
R02 LOD100
1000
SOURCE
1000
2170C
  0
HATCH
  5
7E400
330
1F
100
AcDbEntity
  8
HATCH
 62
7
100
AcDbHatch
 10
0.0
 20
0.0
 30
0.0
210
0.0
220
0.0
230
1.0
  2
SOLID
 70
1
 71
0
 91
1
 92
3
 72
0
 73
1
 93
4
 10
60.49999999975125
 20
-775.3
 10
63.49999999975125
 20
-775.3
 10
63.49999999975125
 20
-772.3
 10
60.49999999975125
 20
-772.3
 97
0
 75
0
 76
1
 98
0
1001
JETIS
1000
R02 LOD100
1000
SOURCE
1000
2174D
  0
HATCH
  5
7E700
330
1F
100
AcDbEntity
  8
HATCH
 62
7
100
AcDbHatch
 10
0.0
 20
0.0
 30
0.0
210
0.0
220
0.0
230
1.0
  2
SOLID
 70
1
 71
0
 91
1
 92
3
 72
0
 73
1
 93
4
 10
66.49999999975125
 20
-775.3
 10
69.49999999975125
 20
-775.3
 10
69.49999999975125
 20
-772.3
 10
66.49999999975125
 20
-772.3
 97
0
 75
0
 76
1
 98
0
1001
JETIS
1000
R02 LOD100
1000
SOURCE
1000
21753
  0
HATCH
  5
7EA00
330
1F
100
AcDbEntity
  8
HATCH
 62
7
100
AcDbHatch
 10
0.0
 20
0.0
 30
0.0
210
0.0
220
0.0
230
1.0
  2
SOLID
 70
1
 71
0
 91
1
 92
3
 72
0
 73
1
 93
4
 10
72.49999999975125
 20
-775.3
 10
75.49999999975125
 20
-775.3
 10
75.49999999975125
 20
-772.3
 10
72.49999999975125
 20
-772.3
 97
0
 75
0
 76
1
 98
0
1001
JETIS
1000
R02 LOD100
1000
SOURCE
1000
21759
  0
HATCH
  5
7ED00
330
1F
100
AcDbEntity
  8
HATCH
 62
7
100
AcDbHatch
 10
0.0
 20
0.0
 30
0.0
210
0.0
220
0.0
230
1.0
  2
SOLID
 70
1
 71
0
 91
1
 92
3
 72
0
 73
1
 93
4
 10
96.49999999975125
 20
-775.3
 10
99.49999999975125
 20
-775.3
 10
99.49999999975125
 20
-772.3
 10
96.49999999975125
 20
-772.3
 97
0
 75
0
 76
1
 98
0
1001
JETIS
1000
R02 LOD100
1000
SOURCE
1000
2179E
  0
HATCH
  5
7F000
330
1F
100
AcDbEntity
  8
HATCH
 62
7
100
AcDbHatch
 10
0.0
 20
0.0
 30
0.0
210
0.0
220
0.0
230
1.0
  2
SOLID
 70
1
 71
0
 91
1
 92
3
 72
0
 73
1
 93
4
 10
102.49999999975125
 20
-775.3
 10
105.49999999975125
 20
-775.3
 10
105.49999999975125
 20
-772.3
 10
102.49999999975125
 20
-772.3
 97
0
 75
0
 76
1
 98
0
1001
JETIS
1000
R02 LOD100
1000
SOURCE
1000
217A4
  0
HATCH
  5
7F300
330
1F
100
AcDbEntity
  8
HATCH
 62
7
100
AcDbHatch
 10
0.0
 20
0.0
 30
0.0
210
0.0
220
0.0
230
1.0
  2
SOLID
 70
1
 71
0
 91
1
 92
3
 72
0
 73
1
 93
4
 10
108.49999999975125
 20
-775.3
 10
111.49999999975125
 20
-775.3
 10
111.49999999975125
 20
-772.3
 10
108.49999999975125
 20
-772.3
 97
0
 75
0
 76
1
 98
0
1001
JETIS
1000
R02 LOD100
1000
SOURCE
1000
217AA
  0
HATCH
  5
7F600
330
1F
100
AcDbEntity
  8
HATCH
 62
7
100
AcDbHatch
 10
0.0
 20
0.0
 30
0.0
210
0.0
220
0.0
230
1.0
  2
SOLID
 70
1
 71
0
 91
1
 92
3
 72
0
 73
1
 93
4
 10
114.49999999975125
 20
-775.3
 10
117.49999999975125
 20
-775.3
 10
117.49999999975125
 20
-772.3
 10
114.49999999975125
 20
-772.3
 97
0
 75
0
 76
1
 98
0
1001
JETIS
1000
R02 LOD100
1000
SOURCE
1000
217B0
  0
HATCH
  5
7F900
330
1F
100
AcDbEntity
  8
HATCH
 62
7
100
AcDbHatch
 10
0.0
 20
0.0
 30
0.0
210
0.0
220
0.0
230
1.0
  2
SOLID
 70
1
 71
0
 91
1
 92
3
 72
0
 73
1
 93
4
 10
6.49999999999136
 20
-775.2399999999998
 10
7.199999999988449
 20
-775.2399999999998
 10
7.199999999988449
 20
-774.0999999999999
 10
6.49999999999136
 20
-774.0999999999999
 97
0
 75
0
 76
1
 98
0
1001
JETIS
1000
R02 LOD100
1000
SOURCE
1000
216CD
  0
HATCH
  5
7FB00
330
1F
100
AcDbEntity
  8
HATCH
 62
7
100
AcDbHatch
 10
0.0
 20
0.0
 30
0.0
210
0.0
220
0.0
230
1.0
  2
SOLID
 70
1
 71
0
 91
1
 92
3
 72
0
 73
1
 93
4
 10
5.799999999990632
 20
-775.2399999999998
 10
6.49999999999136
 20
-775.2399999999998
 10
6.49999999999136
 20
-774.0999999999999
 10
5.799999999990632
 20
-774.0999999999999
 97
0
 75
0
 76
1
 98
0
1001
JETIS
1000
R02 LOD100
1000
SOURCE
1000
216D3
  0
HATCH
  5
7FD00
330
1F
100
AcDbEntity
  8
HATCH
 62
7
100
AcDbHatch
 10
0.0
 20
0.0
 30
0.0
210
0.0
220
0.0
230
1.0
  2
SOLID
 70
1
 71
0
 91
1
 92
3
 72
0
 73
1
 93
4
 10
9.49999999999136
 20
-775.2399999999998
 10
10.19999999998845
 20
-775.2399999999998
 10
10.19999999998845
 20
-774.0999999999999
 10
9.49999999999136
 20
-774.0999999999999
 97
0
 75
0
 76
1
 98
0
1001
JETIS
1000
R02 LOD100
1000
SOURCE
1000
216D9
  0
HATCH
  5
7FF00
330
1F
100
AcDbEntity
  8
HATCH
 62
7
100
AcDbHatch
 10
0.0
 20
0.0
 30
0.0
210
0.0
220
0.0
230
1.0
  2
SOLID
 70
1
 71
0
 91
1
 92
3
 72
0
 73
1
 93
4
 10
8.799999999990632
 20
-775.2399999999998
 10
9.49999999999136
 20
-775.2399999999998
 10
9.49999999999136
 20
-774.0999999999999
 10
8.799999999990632
 20
-774.0999999999999
 97
0
 75
0
 76
1
 98
0
1001
JETIS
1000
R02 LOD100
1000
SOURCE
1000
216DF
  0
HATCH
  5
82200
330
1F
100
AcDbEntity
  8
HATCH
 62
254
100
AcDbHatch
 10
0.0
 20
0.0
 30
0.0
210
0.0
220
0.0
230
1.0
  2
SOLID
 70
1
 71
0
 91
1
 92
3
 72
0
 73
1
 93
4
 10
5.0
 20
-802.5
 10
119.0
 20
-802.5
 10
119.0
 20
-793.0192378864668
 10
5.0
 20
-793.0192378864668
 97
0
 75
0
 76
1
 98
0
1001
JETIS
1000
R02 LOD100
1000
SOURCE
1000

  0
HATCH
  5
82400
330
1F
100
AcDbEntity
  8
HATCH
 62
254
100
AcDbHatch
 10
0.0
 20
0.0
 30
0.0
210
0.0
220
0.0
230
1.0
  2
SOLID
 70
1
 71
0
 91
1
 92
3
 72
0
 73
1
 93
4
 10
5.0
 20
-793.0192378864668
 10
119.0
 20
-793.0192378864668
 10
119.0
 20
-789.0
 10
5.0
 20
-789.0
 97
0
 75
0
 76
1
 98
0
1001
JETIS
1000
R02 LOD100
1000
SOURCE
1000

  0
HATCH
  5
83A00
330
1F
100
AcDbEntity
  8
HATCH
 62
7
100
AcDbHatch
 10
0.0
 20
0.0
 30
0.0
210
0.0
220
0.0
230
1.0
  2
SOLID
 70
1
 71
0
 91
1
 92
3
 72
0
 73
1
 93
4
 10
108.50000000024738
 20
-801.3
 10
111.50000000024738
 20
-801.3
 10
111.50000000024738
 20
-798.3
 10
108.50000000024738
 20
-798.3
 97
0
 75
0
 76
1
 98
0
1001
JETIS
1000
R02 LOD100
1000
SOURCE
1000
1651A
  0
HATCH
  5
83D00
330
1F
100
AcDbEntity
  8
HATCH
 62
7
100
AcDbHatch
 10
0.0
 20
0.0
 30
0.0
210
0.0
220
0.0
230
1.0
  2
SOLID
 70
1
 71
0
 91
1
 92
3
 72
0
 73
1
 93
4
 10
96.50000000024738
 20
-801.3
 10
99.50000000024738
 20
-801.3
 10
99.50000000024738
 20
-798.3
 10
96.50000000024738
 20
-798.3
 97
0
 75
0
 76
1
 98
0
1001
JETIS
1000
R02 LOD100
1000
SOURCE
1000
1653E
  0
HATCH
  5
84000
330
1F
100
AcDbEntity
  8
HATCH
 62
7
100
AcDbHatch
 10
0.0
 20
0.0
 30
0.0
210
0.0
220
0.0
230
1.0
  2
SOLID
 70
1
 71
0
 91
1
 92
3
 72
0
 73
1
 93
4
 10
84.50000000024738
 20
-801.3
 10
87.50000000024738
 20
-801.3
 10
87.50000000024738
 20
-798.3
 10
84.50000000024738
 20
-798.3
 97
0
 75
0
 76
1
 98
0
1001
JETIS
1000
R02 LOD100
1000
SOURCE
1000
16544
  0
HATCH
  5
84300
330
1F
100
AcDbEntity
  8
HATCH
 62
7
100
AcDbHatch
 10
0.0
 20
0.0
 30
0.0
210
0.0
220
0.0
230
1.0
  2
SOLID
 70
1
 71
0
 91
1
 92
3
 72
0
 73
1
 93
4
 10
72.50000000024738
 20
-801.3
 10
75.50000000024738
 20
-801.3
 10
75.50000000024738
 20
-798.3
 10
72.50000000024738
 20
-798.3
 97
0
 75
0
 76
1
 98
0
1001
JETIS
1000
R02 LOD100
1000
SOURCE
1000
1654A
  0
HATCH
  5
84600
330
1F
100
AcDbEntity
  8
HATCH
 62
7
100
AcDbHatch
 10
0.0
 20
0.0
 30
0.0
210
0.0
220
0.0
230
1.0
  2
SOLID
 70
1
 71
0
 91
1
 92
3
 72
0
 73
1
 93
4
 10
60.50000000024738
 20
-801.3
 10
63.50000000024738
 20
-801.3
 10
63.50000000024738
 20
-798.3
 10
60.50000000024738
 20
-798.3
 97
0
 75
0
 76
1
 98
0
1001
JETIS
1000
R02 LOD100
1000
SOURCE
1000
2165F
  0
HATCH
  5
84900
330
1F
100
AcDbEntity
  8
HATCH
 62
7
100
AcDbHatch
 10
0.0
 20
0.0
 30
0.0
210
0.0
220
0.0
230
1.0
  2
SOLID
 70
1
 71
0
 91
1
 92
3
 72
0
 73
1
 93
4
 10
48.50000000025102
 20
-801.3
 10
51.50000000025102
 20
-801.3
 10
51.50000000025102
 20
-798.3
 10
48.50000000025102
 20
-798.3
 97
0
 75
0
 76
1
 98
0
1001
JETIS
1000
R02 LOD100
1000
SOURCE
1000
21665
  0
HATCH
  5
86D00
330
1F
100
AcDbEntity
  8
HATCH
 62
254
100
AcDbHatch
 10
0.0
 20
0.0
 30
0.0
210
0.0
220
0.0
230
1.0
  2
SOLID
 70
1
 71
0
 91
1
 92
3
 72
0
 73
1
 93
5
 10
5.0
 20
-830.25
 10
35.0
 20
-830.25
 10
35.0
 20
-820.7692378864668
 10
20.0
 20
-816.75
 10
5.0
 20
-820.7692378864668
 97
0
 75
0
 76
1
 98
0
1001
JETIS
1000
R02 LOD100
1000
SOURCE
1000

  0
HATCH
  5
87000
330
1F
100
AcDbEntity
  8
HATCH
 62
7
100
AcDbHatch
 10
0.0
 20
0.0
 30
0.0
210
0.0
220
0.0
230
1.0
  2
SOLID
 70
1
 71
0
 91
1
 92
3
 72
0
 73
1
 93
5
 10
17.45
 20
-819.711246
 10
22.55
 20
-819.711246
 10
22.55
 20
-819.069838
 10
20.0
 20
-818.266038
 10
17.45
 20
-819.069838
 97
0
 75
0
 76
1
 98
0
1001
JETIS
1000
R02 LOD100
1000
SOURCE
1000
1BA16,1BA93
  0
HATCH
  5
87200
330
1F
100
AcDbEntity
  8
HATCH
 62
254
100
AcDbHatch
 10
0.0
 20
0.0
 30
0.0
210
0.0
220
0.0
230
1.0
  2
SOLID
 70
1
 71
0
 91
1
 92
3
 72
0
 73
1
 93
5
 10
35.0
 20
-830.25
 10
65.0
 20
-830.25
 10
65.0
 20
-820.7692378864668
 10
50.0
 20
-816.75
 10
35.0
 20
-820.7692378864668
 97
0
 75
0
 76
1
 98
0
1001
JETIS
1000
R02 LOD100
1000
SOURCE
1000

  0
HATCH
  5
87500
330
1F
100
AcDbEntity
  8
HATCH
 62
7
100
AcDbHatch
 10
0.0
 20
0.0
 30
0.0
210
0.0
220
0.0
230
1.0
  2
SOLID
 70
1
 71
0
 91
1
 92
3
 72
0
 73
1
 93
5
 10
47.45
 20
-819.711246
 10
52.55
 20
-819.711246
 10
52.55
 20
-819.069838
 10
50.0
 20
-818.266038
 10
47.45
 20
-819.069838
 97
0
 75
0
 76
1
 98
0
1001
JETIS
1000
R02 LOD100
1000
SOURCE
1000
1BA16,1BA93
  0
HATCH
  5
87700
330
1F
100
AcDbEntity
  8
HATCH
 62
7
100
AcDbHatch
 10
0.0
 20
0.0
 30
0.0
210
0.0
220
0.0
230
1.0
  2
SOLID
 70
1
 71
0
 91
1
 92
3
 72
0
 73
1
 93
4
 10
12.500000505918706
 20
-829.05
 10
15.500000505918706
 20
-829.05
 10
15.500000505918706
 20
-826.05
 10
12.500000505918706
 20
-826.05
 97
0
 75
0
 76
1
 98
0
1001
JETIS
1000
R02 LOD100
1000
SOURCE
1000
1BA1E
  0
HATCH
  5
87A00
330
1F
100
AcDbEntity
  8
HATCH
 62
7
100
AcDbHatch
 10
0.0
 20
0.0
 30
0.0
210
0.0
220
0.0
230
1.0
  2
SOLID
 70
1
 71
0
 91
1
 92
3
 72
0
 73
1
 93
4
 10
24.500000505918706
 20
-829.05
 10
27.500000505918706
 20
-829.05
 10
27.500000505918706
 20
-826.05
 10
24.500000505918706
 20
-826.05
 97
0
 75
0
 76
1
 98
0
1001
JETIS
1000
R02 LOD100
1000
SOURCE
1000
1BA3C
  0
HATCH
  5
87D00
330
1F
100
AcDbEntity
  8
HATCH
 62
7
100
AcDbHatch
 10
0.0
 20
0.0
 30
0.0
210
0.0
220
0.0
230
1.0
  2
SOLID
 70
1
 71
0
 91
1
 92
3
 72
0
 73
1
 93
4
 10
36.50000050592598
 20
-829.05
 10
39.50000050592598
 20
-829.05
 10
39.50000050592598
 20
-826.05
 10
36.50000050592598
 20
-826.05
 97
0
 75
0
 76
1
 98
0
1001
JETIS
1000
R02 LOD100
1000
SOURCE
1000
1BACB
  0
HATCH
  5
88000
330
1F
100
AcDbEntity
  8
HATCH
 62
7
100
AcDbHatch
 10
0.0
 20
0.0
 30
0.0
210
0.0
220
0.0
230
1.0
  2
SOLID
 70
1
 71
0
 91
1
 92
3
 72
0
 73
1
 93
4
 10
48.50000050592598
 20
-829.05
 10
51.50000050592598
 20
-829.05
 10
51.50000050592598
 20
-826.05
 10
48.50000050592598
 20
-826.05
 97
0
 75
0
 76
1
 98
0
1001
JETIS
1000
R02 LOD100
1000
SOURCE
1000
1BAED
  0
HATCH
  5
88300
330
1F
100
AcDbEntity
  8
HATCH
 62
7
100
AcDbHatch
 10
0.0
 20
0.0
 30
0.0
210
0.0
220
0.0
230
1.0
  2
SOLID
 70
1
 71
0
 91
1
 92
3
 72
0
 73
1
 93
4
 10
62.750000505910066
 20
-829.05
 10
64.5500005059098
 20
-829.05
 10
64.5500005059098
 20
-826.85
 10
62.750000505910066
 20
-826.85
 97
0
 75
0
 76
1
 98
0
1001
JETIS
1000
R02 LOD100
1000
SOURCE
1000
1BB25
  0
HATCH
  5
88600
330
1F
100
AcDbEntity
  8
HATCH
 62
7
100
AcDbHatch
 10
0.0
 20
0.0
 30
0.0
210
0.0
220
0.0
230
1.0
  2
SOLID
 70
1
 71
0
 91
1
 92
3
 72
0
 73
1
 93
4
 10
12.300000505919797
 20
-824.2499998810013
 10
13.000000505918706
 20
-824.2499998810013
 10
13.000000505918706
 20
-823.1099998810014
 10
12.300000505919797
 20
-823.1099998810014
 97
0
 75
0
 76
1
 98
0
1001
JETIS
1000
R02 LOD100
1000
SOURCE
1000
1BA24
  0
HATCH
  5
88800
330
1F
100
AcDbEntity
  8
HATCH
 62
7
100
AcDbHatch
 10
0.0
 20
0.0
 30
0.0
210
0.0
220
0.0
230
1.0
  2
SOLID
 70
1
 71
0
 91
1
 92
3
 72
0
 73
1
 93
4
 10
13.000000505918706
 20
-824.2499998810013
 10
13.700000505917615
 20
-824.2499998810013
 10
13.700000505917615
 20
-823.1099998810014
 10
13.000000505918706
 20
-823.1099998810014
 97
0
 75
0
 76
1
 98
0
1001
JETIS
1000
R02 LOD100
1000
SOURCE
1000
1BA2A
  0
HATCH
  5
88A00
330
1F
100
AcDbEntity
  8
HATCH
 62
7
100
AcDbHatch
 10
0.0
 20
0.0
 30
0.0
210
0.0
220
0.0
230
1.0
  2
SOLID
 70
1
 71
0
 91
1
 92
3
 72
0
 73
1
 93
4
 10
15.000000505918706
 20
-824.2499998810013
 10
15.700000505917615
 20
-824.2499998810013
 10
15.700000505917615
 20
-823.1099998810014
 10
15.000000505918706
 20
-823.1099998810014
 97
0
 75
0
 76
1
 98
0
1001
JETIS
1000
R02 LOD100
1000
SOURCE
1000
1BA30
  0
HATCH
  5
88C00
330
1F
100
AcDbEntity
  8
HATCH
 62
7
100
AcDbHatch
 10
0.0
 20
0.0
 30
0.0
210
0.0
220
0.0
230
1.0
  2
SOLID
 70
1
 71
0
 91
1
 92
3
 72
0
 73
1
 93
4
 10
14.300000505919797
 20
-824.2499998810013
 10
15.000000505918706
 20
-824.2499998810013
 10
15.000000505918706
 20
-823.1099998810014
 10
14.300000505919797
 20
-823.1099998810014
 97
0
 75
0
 76
1
 98
0
1001
JETIS
1000
R02 LOD100
1000
SOURCE
1000
1BA36
  0
HATCH
  5
88E00
330
1F
100
AcDbEntity
  8
HATCH
 62
7
100
AcDbHatch
 10
0.0
 20
0.0
 30
0.0
210
0.0
220
0.0
230
1.0
  2
SOLID
 70
1
 71
0
 91
1
 92
3
 72
0
 73
1
 93
4
 10
24.300000505919797
 20
-824.2499998810013
 10
25.000000505918706
 20
-824.2499998810013
 10
25.000000505918706
 20
-823.1099998810014
 10
24.300000505919797
 20
-823.1099998810014
 97
0
 75
0
 76
1
 98
0
1001
JETIS
1000
R02 LOD100
1000
SOURCE
1000
1BA42
  0
HATCH
  5
89000
330
1F
100
AcDbEntity
  8
HATCH
 62
7
100
AcDbHatch
 10
0.0
 20
0.0
 30
0.0
210
0.0
220
0.0
230
1.0
  2
SOLID
 70
1
 71
0
 91
1
 92
3
 72
0
 73
1
 93
4
 10
25.000000505918706
 20
-824.2499998810013
 10
25.700000505917615
 20
-824.2499998810013
 10
25.700000505917615
 20
-823.1099998810014
 10
25.000000505918706
 20
-823.1099998810014
 97
0
 75
0
 76
1
 98
0
1001
JETIS
1000
R02 LOD100
1000
SOURCE
1000
1BA48
  0
HATCH
  5
89200
330
1F
100
AcDbEntity
  8
HATCH
 62
7
100
AcDbHatch
 10
0.0
 20
0.0
 30
0.0
210
0.0
220
0.0
230
1.0
  2
SOLID
 70
1
 71
0
 91
1
 92
3
 72
0
 73
1
 93
4
 10
27.000000505918706
 20
-824.2499998810013
 10
27.700000505917615
 20
-824.2499998810013
 10
27.700000505917615
 20
-823.1099998810014
 10
27.000000505918706
 20
-823.1099998810014
 97
0
 75
0
 76
1
 98
0
1001
JETIS
1000
R02 LOD100
1000
SOURCE
1000
1BA4E
  0
HATCH
  5
89400
330
1F
100
AcDbEntity
  8
HATCH
 62
7
100
AcDbHatch
 10
0.0
 20
0.0
 30
0.0
210
0.0
220
0.0
230
1.0
  2
SOLID
 70
1
 71
0
 91
1
 92
3
 72
0
 73
1
 93
4
 10
26.300000505919797
 20
-824.2499998810013
 10
27.000000505918706
 20
-824.2499998810013
 10
27.000000505918706
 20
-823.1099998810014
 10
26.300000505919797
 20
-823.1099998810014
 97
0
 75
0
 76
1
 98
0
1001
JETIS
1000
R02 LOD100
1000
SOURCE
1000
1BA54
  0
HATCH
  5
89600
330
1F
100
AcDbEntity
  8
HATCH
 62
7
100
AcDbHatch
 10
0.0
 20
0.0
 30
0.0
210
0.0
220
0.0
230
1.0
  2
SOLID
 70
1
 71
0
 91
1
 92
3
 72
0
 73
1
 93
4
 10
30.300000505919797
 20
-824.2499998810013
 10
31.000000505918706
 20
-824.2499998810013
 10
31.000000505918706
 20
-823.1099998810014
 10
30.300000505919797
 20
-823.1099998810014
 97
0
 75
0
 76
1
 98
0
1001
JETIS
1000
R02 LOD100
1000
SOURCE
1000
1BA5A
  0
HATCH
  5
89800
330
1F
100
AcDbEntity
  8
HATCH
 62
7
100
AcDbHatch
 10
0.0
 20
0.0
 30
0.0
210
0.0
220
0.0
230
1.0
  2
SOLID
 70
1
 71
0
 91
1
 92
3
 72
0
 73
1
 93
4
 10
31.000000505918706
 20
-824.2499998810013
 10
31.700000505917615
 20
-824.2499998810013
 10
31.700000505917615
 20
-823.1099998810014
 10
31.000000505918706
 20
-823.1099998810014
 97
0
 75
0
 76
1
 98
0
1001
JETIS
1000
R02 LOD100
1000
SOURCE
1000
1BA60
  0
HATCH
  5
89A00
330
1F
100
AcDbEntity
  8
HATCH
 62
7
100
AcDbHatch
 10
0.0
 20
0.0
 30
0.0
210
0.0
220
0.0
230
1.0
  2
SOLID
 70
1
 71
0
 91
1
 92
3
 72
0
 73
1
 93
4
 10
33.000000505918706
 20
-824.2499998810013
 10
33.700000505917615
 20
-824.2499998810013
 10
33.700000505917615
 20
-823.1099998810014
 10
33.000000505918706
 20
-823.1099998810014
 97
0
 75
0
 76
1
 98
0
1001
JETIS
1000
R02 LOD100
1000
SOURCE
1000
1BA66
  0
HATCH
  5
89C00
330
1F
100
AcDbEntity
  8
HATCH
 62
7
100
AcDbHatch
 10
0.0
 20
0.0
 30
0.0
210
0.0
220
0.0
230
1.0
  2
SOLID
 70
1
 71
0
 91
1
 92
3
 72
0
 73
1
 93
4
 10
32.3000005059198
 20
-824.2499998810013
 10
33.000000505918706
 20
-824.2499998810013
 10
33.000000505918706
 20
-823.1099998810014
 10
32.3000005059198
 20
-823.1099998810014
 97
0
 75
0
 76
1
 98
0
1001
JETIS
1000
R02 LOD100
1000
SOURCE
1000
1BA6C
  0
HATCH
  5
89E00
330
1F
100
AcDbEntity
  8
HATCH
 62
7
100
AcDbHatch
 10
0.0
 20
0.0
 30
0.0
210
0.0
220
0.0
230
1.0
  2
SOLID
 70
1
 71
0
 91
1
 92
3
 72
0
 73
1
 93
4
 10
18.300000505919797
 20
-824.2499998810013
 10
19.000000505918706
 20
-824.2499998810013
 10
19.000000505918706
 20
-823.1099998810014
 10
18.300000505919797
 20
-823.1099998810014
 97
0
 75
0
 76
1
 98
0
1001
JETIS
1000
R02 LOD100
1000
SOURCE
1000
1BA76
  0
HATCH
  5
8A000
330
1F
100
AcDbEntity
  8
HATCH
 62
7
100
AcDbHatch
 10
0.0
 20
0.0
 30
0.0
210
0.0
220
0.0
230
1.0
  2
SOLID
 70
1
 71
0
 91
1
 92
3
 72
0
 73
1
 93
4
 10
19.000000505918706
 20
-824.2499998810013
 10
19.700000505917615
 20
-824.2499998810013
 10
19.700000505917615
 20
-823.1099998810014
 10
19.000000505918706
 20
-823.1099998810014
 97
0
 75
0
 76
1
 98
0
1001
JETIS
1000
R02 LOD100
1000
SOURCE
1000
1BA7C
  0
HATCH
  5
8A200
330
1F
100
AcDbEntity
  8
HATCH
 62
7
100
AcDbHatch
 10
0.0
 20
0.0
 30
0.0
210
0.0
220
0.0
230
1.0
  2
SOLID
 70
1
 71
0
 91
1
 92
3
 72
0
 73
1
 93
4
 10
21.000000505918706
 20
-824.2499998810013
 10
21.700000505917615
 20
-824.2499998810013
 10
21.700000505917615
 20
-823.1099998810014
 10
21.000000505918706
 20
-823.1099998810014
 97
0
 75
0
 76
1
 98
0
1001
JETIS
1000
R02 LOD100
1000
SOURCE
1000
1BA82
  0
HATCH
  5
8A400
330
1F
100
AcDbEntity
  8
HATCH
 62
7
100
AcDbHatch
 10
0.0
 20
0.0
 30
0.0
210
0.0
220
0.0
230
1.0
  2
SOLID
 70
1
 71
0
 91
1
 92
3
 72
0
 73
1
 93
4
 10
20.300000505919797
 20
-824.2499998810013
 10
21.000000505918706
 20
-824.2499998810013
 10
21.000000505918706
 20
-823.1099998810014
 10
20.300000505919797
 20
-823.1099998810014
 97
0
 75
0
 76
1
 98
0
1001
JETIS
1000
R02 LOD100
1000
SOURCE
1000
1BA88
  0
HATCH
  5
8A600
330
1F
100
AcDbEntity
  8
HATCH
 62
7
100
AcDbHatch
 10
0.0
 20
0.0
 30
0.0
210
0.0
220
0.0
230
1.0
  2
SOLID
 70
1
 71
0
 91
1
 92
3
 72
0
 73
1
 93
4
 10
57.00000050592598
 20
-824.2499998810013
 10
57.70000050592489
 20
-824.2499998810013
 10
57.70000050592489
 20
-823.1099998810014
 10
57.00000050592598
 20
-823.1099998810014
 97
0
 75
0
 76
1
 98
0
1001
JETIS
1000
R02 LOD100
1000
SOURCE
1000
1BA9B
  0
HATCH
  5
8A800
330
1F
100
AcDbEntity
  8
HATCH
 62
7
100
AcDbHatch
 10
0.0
 20
0.0
 30
0.0
210
0.0
220
0.0
230
1.0
  2
SOLID
 70
1
 71
0
 91
1
 92
3
 72
0
 73
1
 93
4
 10
56.30000050592707
 20
-824.2499998810013
 10
57.00000050592598
 20
-824.2499998810013
 10
57.00000050592598
 20
-823.1099998810014
 10
56.30000050592707
 20
-823.1099998810014
 97
0
 75
0
 76
1
 98
0
1001
JETIS
1000
R02 LOD100
1000
SOURCE
1000
1BAA1
  0
HATCH
  5
8AA00
330
1F
100
AcDbEntity
  8
HATCH
 62
7
100
AcDbHatch
 10
0.0
 20
0.0
 30
0.0
210
0.0
220
0.0
230
1.0
  2
SOLID
 70
1
 71
0
 91
1
 92
3
 72
0
 73
1
 93
4
 10
54.30000050592707
 20
-824.2499998810013
 10
55.00000050592598
 20
-824.2499998810013
 10
55.00000050592598
 20
-823.1099998810014
 10
54.30000050592707
 20
-823.1099998810014
 97
0
 75
0
 76
1
 98
0
1001
JETIS
1000
R02 LOD100
1000
SOURCE
1000
1BAA7
  0
HATCH
  5
8AC00
330
1F
100
AcDbEntity
  8
HATCH
 62
7
100
AcDbHatch
 10
0.0
 20
0.0
 30
0.0
210
0.0
220
0.0
230
1.0
  2
SOLID
 70
1
 71
0
 91
1
 92
3
 72
0
 73
1
 93
4
 10
55.00000050592598
 20
-824.2499998810013
 10
55.70000050592489
 20
-824.2499998810013
 10
55.70000050592489
 20
-823.1099998810014
 10
55.00000050592598
 20
-823.1099998810014
 97
0
 75
0
 76
1
 98
0
1001
JETIS
1000
R02 LOD100
1000
SOURCE
1000
1BAAD
  0
HATCH
  5
8AE00
330
1F
100
AcDbEntity
  8
HATCH
 62
7
100
AcDbHatch
 10
0.0
 20
0.0
 30
0.0
210
0.0
220
0.0
230
1.0
  2
SOLID
 70
1
 71
0
 91
1
 92
3
 72
0
 73
1
 93
4
 10
45.00000050592598
 20
-824.2499998810013
 10
45.70000050592489
 20
-824.2499998810013
 10
45.70000050592489
 20
-823.1099998810014
 10
45.00000050592598
 20
-823.1099998810014
 97
0
 75
0
 76
1
 98
0
1001
JETIS
1000
R02 LOD100
1000
SOURCE
1000
1BAB3
  0
HATCH
  5
8B000
330
1F
100
AcDbEntity
  8
HATCH
 62
7
100
AcDbHatch
 10
0.0
 20
0.0
 30
0.0
210
0.0
220
0.0
230
1.0
  2
SOLID
 70
1
 71
0
 91
1
 92
3
 72
0
 73
1
 93
4
 10
44.30000050592707
 20
-824.2499998810013
 10
45.00000050592598
 20
-824.2499998810013
 10
45.00000050592598
 20
-823.1099998810014
 10
44.30000050592707
 20
-823.1099998810014
 97
0
 75
0
 76
1
 98
0
1001
JETIS
1000
R02 LOD100
1000
SOURCE
1000
1BAB9
  0
HATCH
  5
8B200
330
1F
100
AcDbEntity
  8
HATCH
 62
7
100
AcDbHatch
 10
0.0
 20
0.0
 30
0.0
210
0.0
220
0.0
230
1.0
  2
SOLID
 70
1
 71
0
 91
1
 92
3
 72
0
 73
1
 93
4
 10
42.30000050592707
 20
-824.2499998810013
 10
43.00000050592598
 20
-824.2499998810013
 10
43.00000050592598
 20
-823.1099998810014
 10
42.30000050592707
 20
-823.1099998810014
 97
0
 75
0
 76
1
 98
0
1001
JETIS
1000
R02 LOD100
1000
SOURCE
1000
1BABF
  0
HATCH
  5
8B400
330
1F
100
AcDbEntity
  8
HATCH
 62
7
100
AcDbHatch
 10
0.0
 20
0.0
 30
0.0
210
0.0
220
0.0
230
1.0
  2
SOLID
 70
1
 71
0
 91
1
 92
3
 72
0
 73
1
 93
4
 10
43.00000050592598
 20
-824.2499998810013
 10
43.70000050592489
 20
-824.2499998810013
 10
43.70000050592489
 20
-823.1099998810014
 10
43.00000050592598
 20
-823.1099998810014
 97
0
 75
0
 76
1
 98
0
1001
JETIS
1000
R02 LOD100
1000
SOURCE
1000
1BAC5
  0
HATCH
  5
8B600
330
1F
100
AcDbEntity
  8
HATCH
 62
7
100
AcDbHatch
 10
0.0
 20
0.0
 30
0.0
210
0.0
220
0.0
230
1.0
  2
SOLID
 70
1
 71
0
 91
1
 92
3
 72
0
 73
1
 93
4
 10
39.00000050592598
 20
-824.2499998810013
 10
39.70000050592489
 20
-824.2499998810013
 10
39.70000050592489
 20
-823.1099998810014
 10
39.00000050592598
 20
-823.1099998810014
 97
0
 75
0
 76
1
 98
0
1001
JETIS
1000
R02 LOD100
1000
SOURCE
1000
1BAD1
  0
HATCH
  5
8B800
330
1F
100
AcDbEntity
  8
HATCH
 62
7
100
AcDbHatch
 10
0.0
 20
0.0
 30
0.0
210
0.0
220
0.0
230
1.0
  2
SOLID
 70
1
 71
0
 91
1
 92
3
 72
0
 73
1
 93
4
 10
38.30000050592707
 20
-824.2499998810013
 10
39.00000050592598
 20
-824.2499998810013
 10
39.00000050592598
 20
-823.1099998810014
 10
38.30000050592707
 20
-823.1099998810014
 97
0
 75
0
 76
1
 98
0
1001
JETIS
1000
R02 LOD100
1000
SOURCE
1000
1BAD7
  0
HATCH
  5
8BA00
330
1F
100
AcDbEntity
  8
HATCH
 62
7
100
AcDbHatch
 10
0.0
 20
0.0
 30
0.0
210
0.0
220
0.0
230
1.0
  2
SOLID
 70
1
 71
0
 91
1
 92
3
 72
0
 73
1
 93
4
 10
36.30000050592707
 20
-824.2499998810013
 10
37.00000050592598
 20
-824.2499998810013
 10
37.00000050592598
 20
-823.1099998810014
 10
36.30000050592707
 20
-823.1099998810014
 97
0
 75
0
 76
1
 98
0
1001
JETIS
1000
R02 LOD100
1000
SOURCE
1000
1BADD
  0
HATCH
  5
8BC00
330
1F
100
AcDbEntity
  8
HATCH
 62
7
100
AcDbHatch
 10
0.0
 20
0.0
 30
0.0
210
0.0
220
0.0
230
1.0
  2
SOLID
 70
1
 71
0
 91
1
 92
3
 72
0
 73
1
 93
4
 10
37.00000050592598
 20
-824.2499998810013
 10
37.70000050592489
 20
-824.2499998810013
 10
37.70000050592489
 20
-823.1099998810014
 10
37.00000050592598
 20
-823.1099998810014
 97
0
 75
0
 76
1
 98
0
1001
JETIS
1000
R02 LOD100
1000
SOURCE
1000
1BAE3
  0
HATCH
  5
8BE00
330
1F
100
AcDbEntity
  8
HATCH
 62
7
100
AcDbHatch
 10
0.0
 20
0.0
 30
0.0
210
0.0
220
0.0
230
1.0
  2
SOLID
 70
1
 71
0
 91
1
 92
3
 72
0
 73
1
 93
4
 10
51.00000050592598
 20
-824.2499998810013
 10
51.70000050592489
 20
-824.2499998810013
 10
51.70000050592489
 20
-823.1099998810014
 10
51.00000050592598
 20
-823.1099998810014
 97
0
 75
0
 76
1
 98
0
1001
JETIS
1000
R02 LOD100
1000
SOURCE
1000
1BAF3
  0
HATCH
  5
8C000
330
1F
100
AcDbEntity
  8
HATCH
 62
7
100
AcDbHatch
 10
0.0
 20
0.0
 30
0.0
210
0.0
220
0.0
230
1.0
  2
SOLID
 70
1
 71
0
 91
1
 92
3
 72
0
 73
1
 93
4
 10
50.30000050592707
 20
-824.2499998810013
 10
51.00000050592598
 20
-824.2499998810013
 10
51.00000050592598
 20
-823.1099998810014
 10
50.30000050592707
 20
-823.1099998810014
 97
0
 75
0
 76
1
 98
0
1001
JETIS
1000
R02 LOD100
1000
SOURCE
1000
1BAF9
  0
HATCH
  5
8C200
330
1F
100
AcDbEntity
  8
HATCH
 62
7
100
AcDbHatch
 10
0.0
 20
0.0
 30
0.0
210
0.0
220
0.0
230
1.0
  2
SOLID
 70
1
 71
0
 91
1
 92
3
 72
0
 73
1
 93
4
 10
48.30000050592707
 20
-824.2499998810013
 10
49.00000050592598
 20
-824.2499998810013
 10
49.00000050592598
 20
-823.1099998810014
 10
48.30000050592707
 20
-823.1099998810014
 97
0
 75
0
 76
1
 98
0
1001
JETIS
1000
R02 LOD100
1000
SOURCE
1000
1BAFF
  0
HATCH
  5
8C400
330
1F
100
AcDbEntity
  8
HATCH
 62
7
100
AcDbHatch
 10
0.0
 20
0.0
 30
0.0
210
0.0
220
0.0
230
1.0
  2
SOLID
 70
1
 71
0
 91
1
 92
3
 72
0
 73
1
 93
4
 10
49.00000050592598
 20
-824.2499998810013
 10
49.70000050592489
 20
-824.2499998810013
 10
49.70000050592489
 20
-823.1099998810014
 10
49.00000050592598
 20
-823.1099998810014
 97
0
 75
0
 76
1
 98
0
1001
JETIS
1000
R02 LOD100
1000
SOURCE
1000
1BB05
  0
HATCH
  5
8C600
330
1F
100
AcDbEntity
  8
HATCH
 62
7
100
AcDbHatch
 10
0.0
 20
0.0
 30
0.0
210
0.0
220
0.0
230
1.0
  2
SOLID
 70
1
 71
0
 91
1
 92
3
 72
0
 73
1
 93
4
 10
63.00000050592598
 20
-824.2499998810013
 10
63.70000050592489
 20
-824.2499998810013
 10
63.70000050592489
 20
-823.1099998810014
 10
63.00000050592598
 20
-823.1099998810014
 97
0
 75
0
 76
1
 98
0
1001
JETIS
1000
R02 LOD100
1000
SOURCE
1000
1BB0B
  0
HATCH
  5
8C800
330
1F
100
AcDbEntity
  8
HATCH
 62
7
100
AcDbHatch
 10
0.0
 20
0.0
 30
0.0
210
0.0
220
0.0
230
1.0
  2
SOLID
 70
1
 71
0
 91
1
 92
3
 72
0
 73
1
 93
4
 10
62.30000050592707
 20
-824.2499998810013
 10
63.00000050592598
 20
-824.2499998810013
 10
63.00000050592598
 20
-823.1099998810014
 10
62.30000050592707
 20
-823.1099998810014
 97
0
 75
0
 76
1
 98
0
1001
JETIS
1000
R02 LOD100
1000
SOURCE
1000
1BB11
  0
HATCH
  5
8CA00
330
1F
100
AcDbEntity
  8
HATCH
 62
7
100
AcDbHatch
 10
0.0
 20
0.0
 30
0.0
210
0.0
220
0.0
230
1.0
  2
SOLID
 70
1
 71
0
 91
1
 92
3
 72
0
 73
1
 93
4
 10
60.30000050592707
 20
-824.2499998810013
 10
61.00000050592598
 20
-824.2499998810013
 10
61.00000050592598
 20
-823.1099998810014
 10
60.30000050592707
 20
-823.1099998810014
 97
0
 75
0
 76
1
 98
0
1001
JETIS
1000
R02 LOD100
1000
SOURCE
1000
1BB17
  0
HATCH
  5
8CC00
330
1F
100
AcDbEntity
  8
HATCH
 62
7
100
AcDbHatch
 10
0.0
 20
0.0
 30
0.0
210
0.0
220
0.0
230
1.0
  2
SOLID
 70
1
 71
0
 91
1
 92
3
 72
0
 73
1
 93
4
 10
61.00000050592598
 20
-824.2499998810013
 10
61.70000050592489
 20
-824.2499998810013
 10
61.70000050592489
 20
-823.1099998810014
 10
61.00000050592598
 20
-823.1099998810014
 97
0
 75
0
 76
1
 98
0
1001
JETIS
1000
R02 LOD100
1000
SOURCE
1000
1BB1D
  0
HATCH
  5
8CE00
330
1F
100
AcDbEntity
  8
HATCH
 62
7
100
AcDbHatch
 10
0.0
 20
0.0
 30
0.0
210
0.0
220
0.0
230
1.0
  2
SOLID
 70
1
 71
0
 91
1
 92
3
 72
0
 73
1
 93
4
 10
60.30000050592707
 20
-827.9900000610369
 10
61.00000050592598
 20
-827.9900000610369
 10
61.00000050592598
 20
-826.850000061037
 10
60.30000050592707
 20
-826.850000061037
 97
0
 75
0
 76
1
 98
0
1001
JETIS
1000
R02 LOD100
1000
SOURCE
1000
1BB2B
  0
HATCH
  5
8D000
330
1F
100
AcDbEntity
  8
HATCH
 62
7
100
AcDbHatch
 10
0.0
 20
0.0
 30
0.0
210
0.0
220
0.0
230
1.0
  2
SOLID
 70
1
 71
0
 91
1
 92
3
 72
0
 73
1
 93
4
 10
61.00000050592598
 20
-827.9900000610369
 10
61.70000050592489
 20
-827.9900000610369
 10
61.70000050592489
 20
-826.850000061037
 10
61.00000050592598
 20
-826.850000061037
 97
0
 75
0
 76
1
 98
0
1001
JETIS
1000
R02 LOD100
1000
SOURCE
1000
1BB31
  0
HATCH
  5
8F300
330
1F
100
AcDbEntity
  8
HATCH
 62
254
100
AcDbHatch
 10
0.0
 20
0.0
 30
0.0
210
0.0
220
0.0
230
1.0
  2
SOLID
 70
1
 71
0
 91
1
 92
3
 72
0
 73
1
 93
5
 10
5.0
 20
-854.25
 10
35.0
 20
-854.25
 10
35.0
 20
-844.7692378864668
 10
20.0
 20
-840.75
 10
5.0
 20
-844.7692378864668
 97
0
 75
0
 76
1
 98
0
1001
JETIS
1000
R02 LOD100
1000
SOURCE
1000

  0
HATCH
  5
8F600
330
1F
100
AcDbEntity
  8
HATCH
 62
7
100
AcDbHatch
 10
0.0
 20
0.0
 30
0.0
210
0.0
220
0.0
230
1.0
  2
SOLID
 70
1
 71
0
 91
1
 92
3
 72
0
 73
1
 93
5
 10
17.45
 20
-843.711246
 10
22.55
 20
-843.711246
 10
22.55
 20
-843.069838
 10
20.0
 20
-842.266038
 10
17.45
 20
-843.069838
 97
0
 75
0
 76
1
 98
0
1001
JETIS
1000
R02 LOD100
1000
SOURCE / NORTH REPETITION ASSUMPTION
1000
1BA16,1BA93
  0
HATCH
  5
8F800
330
1F
100
AcDbEntity
  8
HATCH
 62
254
100
AcDbHatch
 10
0.0
 20
0.0
 30
0.0
210
0.0
220
0.0
230
1.0
  2
SOLID
 70
1
 71
0
 91
1
 92
3
 72
0
 73
1
 93
5
 10
35.0
 20
-854.25
 10
65.0
 20
-854.25
 10
65.0
 20
-844.7692378864668
 10
50.0
 20
-840.75
 10
35.0
 20
-844.7692378864668
 97
0
 75
0
 76
1
 98
0
1001
JETIS
1000
R02 LOD100
1000
SOURCE
1000

  0
HATCH
  5
8FB00
330
1F
100
AcDbEntity
  8
HATCH
 62
7
100
AcDbHatch
 10
0.0
 20
0.0
 30
0.0
210
0.0
220
0.0
230
1.0
  2
SOLID
 70
1
 71
0
 91
1
 92
3
 72
0
 73
1
 93
5
 10
47.45
 20
-843.711246
 10
52.55
 20
-843.711246
 10
52.55
 20
-843.069838
 10
50.0
 20
-842.266038
 10
47.45
 20
-843.069838
 97
0
 75
0
 76
1
 98
0
1001
JETIS
1000
R02 LOD100
1000
SOURCE / NORTH REPETITION ASSUMPTION
1000
1BA16,1BA93
  0
HATCH
  5
95000
330
1F
100
AcDbEntity
  8
HATCH
 62
254
100
AcDbHatch
 10
0.0
 20
0.0
 30
0.0
210
0.0
220
0.0
230
1.0
  2
SOLID
 70
1
 71
0
 91
1
 92
3
 72
0
 73
1
 93
4
 10
607.5
 20
-777.25
 10
691.5
 20
-777.25
 10
691.5
 20
-767.7692378864668
 10
607.5
 20
-767.7692378864668
 97
0
 75
0
 76
1
 98
0
1001
JETIS
1000
R02 LOD100
1000
SOURCE
1000

  0
HATCH
  5
95200
330
1F
100
AcDbEntity
  8
HATCH
 62
254
100
AcDbHatch
 10
0.0
 20
0.0
 30
0.0
210
0.0
220
0.0
230
1.0
  2
SOLID
 70
1
 71
0
 91
1
 92
3
 72
0
 73
1
 93
4
 10
607.5
 20
-767.7692378864668
 10
691.5
 20
-767.7692378864668
 10
691.5
 20
-763.75
 10
607.5
 20
-763.75
 97
0
 75
0
 76
1
 98
0
1001
JETIS
1000
R02 LOD100
1000
SOURCE
1000

  0
HATCH
  5
96300
330
1F
100
AcDbEntity
  8
HATCH
 62
7
100
AcDbHatch
 10
0.0
 20
0.0
 30
0.0
210
0.0
220
0.0
230
1.0
  2
SOLID
 70
1
 71
0
 91
1
 92
3
 72
0
 73
1
 93
4
 10
609.0
 20
-776.05
 10
612.0
 20
-776.05
 10
612.0
 20
-773.05
 10
609.0
 20
-773.05
 97
0
 75
0
 76
1
 98
0
1001
JETIS
1000
R02 LOD100
1000
SOURCE
1000
265F3
  0
HATCH
  5
96600
330
1F
100
AcDbEntity
  8
HATCH
 62
7
100
AcDbHatch
 10
0.0
 20
0.0
 30
0.0
210
0.0
220
0.0
230
1.0
  2
SOLID
 70
1
 71
0
 91
1
 92
3
 72
0
 73
1
 93
4
 10
621.0
 20
-776.05
 10
624.0
 20
-776.05
 10
624.0
 20
-773.05
 10
621.0
 20
-773.05
 97
0
 75
0
 76
1
 98
0
1001
JETIS
1000
R02 LOD100
1000
SOURCE
1000
26622
  0
HATCH
  5
96900
330
1F
100
AcDbEntity
  8
HATCH
 62
7
100
AcDbHatch
 10
0.0
 20
0.0
 30
0.0
210
0.0
220
0.0
230
1.0
  2
SOLID
 70
1
 71
0
 91
1
 92
3
 72
0
 73
1
 93
4
 10
633.0
 20
-776.05
 10
636.0
 20
-776.05
 10
636.0
 20
-773.05
 10
633.0
 20
-773.05
 97
0
 75
0
 76
1
 98
0
1001
JETIS
1000
R02 LOD100
1000
SOURCE
1000
26628
  0
HATCH
  5
96C00
330
1F
100
AcDbEntity
  8
HATCH
 62
7
100
AcDbHatch
 10
0.0
 20
0.0
 30
0.0
210
0.0
220
0.0
230
1.0
  2
SOLID
 70
1
 71
0
 91
1
 92
3
 72
0
 73
1
 93
4
 10
645.0
 20
-776.05
 10
648.0
 20
-776.05
 10
648.0
 20
-773.05
 10
645.0
 20
-773.05
 97
0
 75
0
 76
1
 98
0
1001
JETIS
1000
R02 LOD100
1000
SOURCE
1000
2662E
  0
HATCH
  5
96F00
330
1F
100
AcDbEntity
  8
HATCH
 62
7
100
AcDbHatch
 10
0.0
 20
0.0
 30
0.0
210
0.0
220
0.0
230
1.0
  2
SOLID
 70
1
 71
0
 91
1
 92
3
 72
0
 73
1
 93
4
 10
657.0
 20
-776.05
 10
660.0
 20
-776.05
 10
660.0
 20
-773.05
 10
657.0
 20
-773.05
 97
0
 75
0
 76
1
 98
0
1001
JETIS
1000
R02 LOD100
1000
SOURCE
1000
26634
  0
HATCH
  5
97200
330
1F
100
AcDbEntity
  8
HATCH
 62
7
100
AcDbHatch
 10
0.0
 20
0.0
 30
0.0
210
0.0
220
0.0
230
1.0
  2
SOLID
 70
1
 71
0
 91
1
 92
3
 72
0
 73
1
 93
4
 10
669.0
 20
-776.05
 10
672.0
 20
-776.05
 10
672.0
 20
-773.05
 10
669.0
 20
-773.05
 97
0
 75
0
 76
1
 98
0
1001
JETIS
1000
R02 LOD100
1000
SOURCE
1000
2663A
  0
HATCH
  5
97500
330
1F
100
AcDbEntity
  8
HATCH
 62
7
100
AcDbHatch
 10
0.0
 20
0.0
 30
0.0
210
0.0
220
0.0
230
1.0
  2
SOLID
 70
1
 71
0
 91
1
 92
3
 72
0
 73
1
 93
4
 10
681.0
 20
-776.05
 10
684.0
 20
-776.05
 10
684.0
 20
-773.05
 10
681.0
 20
-773.05
 97
0
 75
0
 76
1
 98
0
1001
JETIS
1000
R02 LOD100
1000
SOURCE
1000
26640
  0
HATCH
  5
99900
330
1F
100
AcDbEntity
  8
HATCH
 62
254
100
AcDbHatch
 10
0.0
 20
0.0
 30
0.0
210
0.0
220
0.0
230
1.0
  2
SOLID
 70
1
 71
0
 91
1
 92
3
 72
0
 73
1
 93
4
 10
607.5
 20
-804.25
 10
691.5
 20
-804.25
 10
691.5
 20
-794.7692378864668
 10
607.5
 20
-796.3769330410536
 97
0
 75
0
 76
1
 98
0
1001
JETIS
1000
R02 LOD100
1000
SOURCE
1000

  0
HATCH
  5
99B00
330
1F
100
AcDbEntity
  8
HATCH
 62
254
100
AcDbHatch
 10
0.0
 20
0.0
 30
0.0
210
0.0
220
0.0
230
1.0
  2
SOLID
 70
1
 71
0
 91
1
 92
3
 72
0
 73
1
 93
4
 10
607.5
 20
-796.3769330410536
 10
691.5
 20
-794.7692378864668
 10
691.5
 20
-790.75
 10
607.5
 20
-790.75
 97
0
 75
0
 76
1
 98
0
1001
JETIS
1000
R02 LOD100
1000
SOURCE
1000

  0
HATCH
  5
9AC00
330
1F
100
AcDbEntity
  8
HATCH
 62
7
100
AcDbHatch
 10
0.0
 20
0.0
 30
0.0
210
0.0
220
0.0
230
1.0
  2
SOLID
 70
1
 71
0
 91
1
 92
3
 72
0
 73
1
 93
4
 10
687.0000000085292
 20
-803.05
 10
690.0000000085292
 20
-803.05
 10
690.0000000085292
 20
-800.05
 10
687.0000000085292
 20
-800.05
 97
0
 75
0
 76
1
 98
0
1001
JETIS
1000
R02 LOD100
1000
SOURCE
1000
1651A
  0
HATCH
  5
9AF00
330
1F
100
AcDbEntity
  8
HATCH
 62
7
100
AcDbHatch
 10
0.0
 20
0.0
 30
0.0
210
0.0
220
0.0
230
1.0
  2
SOLID
 70
1
 71
0
 91
1
 92
3
 72
0
 73
1
 93
4
 10
675.0000000085292
 20
-803.05
 10
678.0000000085292
 20
-803.05
 10
678.0000000085292
 20
-800.05
 10
675.0000000085292
 20
-800.05
 97
0
 75
0
 76
1
 98
0
1001
JETIS
1000
R02 LOD100
1000
SOURCE
1000
1653E
  0
HATCH
  5
9B200
330
1F
100
AcDbEntity
  8
HATCH
 62
7
100
AcDbHatch
 10
0.0
 20
0.0
 30
0.0
210
0.0
220
0.0
230
1.0
  2
SOLID
 70
1
 71
0
 91
1
 92
3
 72
0
 73
1
 93
4
 10
663.0000000085292
 20
-803.05
 10
666.0000000085292
 20
-803.05
 10
666.0000000085292
 20
-800.05
 10
663.0000000085292
 20
-800.05
 97
0
 75
0
 76
1
 98
0
1001
JETIS
1000
R02 LOD100
1000
SOURCE
1000
16544
  0
HATCH
  5
9B500
330
1F
100
AcDbEntity
  8
HATCH
 62
7
100
AcDbHatch
 10
0.0
 20
0.0
 30
0.0
210
0.0
220
0.0
230
1.0
  2
SOLID
 70
1
 71
0
 91
1
 92
3
 72
0
 73
1
 93
4
 10
651.0000000085292
 20
-803.05
 10
654.0000000085292
 20
-803.05
 10
654.0000000085292
 20
-800.05
 10
651.0000000085292
 20
-800.05
 97
0
 75
0
 76
1
 98
0
1001
JETIS
1000
R02 LOD100
1000
SOURCE
1000
1654A
  0
HATCH
  5
9B800
330
1F
100
AcDbEntity
  8
HATCH
 62
7
100
AcDbHatch
 10
0.0
 20
0.0
 30
0.0
210
0.0
220
0.0
230
1.0
  2
SOLID
 70
1
 71
0
 91
1
 92
3
 72
0
 73
1
 93
4
 10
639.0000000085292
 20
-803.05
 10
642.0000000085292
 20
-803.05
 10
642.0000000085292
 20
-800.05
 10
639.0000000085292
 20
-800.05
 97
0
 75
0
 76
1
 98
0
1001
JETIS
1000
R02 LOD100
1000
SOURCE
1000
2165F
  0
HATCH
  5
9BB00
330
1F
100
AcDbEntity
  8
HATCH
 62
7
100
AcDbHatch
 10
0.0
 20
0.0
 30
0.0
210
0.0
220
0.0
230
1.0
  2
SOLID
 70
1
 71
0
 91
1
 92
3
 72
0
 73
1
 93
4
 10
627.0000000085329
 20
-803.05
 10
630.0000000085329
 20
-803.05
 10
630.0000000085329
 20
-800.05
 10
627.0000000085329
 20
-800.05
 97
0
 75
0
 76
1
 98
0
1001
JETIS
1000
R02 LOD100
1000
SOURCE
1000
21665
  0
HATCH
  5
9DF00
330
1F
100
AcDbEntity
  8
HATCH
 62
254
100
AcDbHatch
 10
0.0
 20
0.0
 30
0.0
210
0.0
220
0.0
230
1.0
  2
SOLID
 70
1
 71
0
 91
1
 92
3
 72
0
 73
1
 93
5
 10
607.5
 20
-833.0
 10
643.5
 20
-833.0
 10
643.5
 20
-825.1269330410536
 10
622.5
 20
-819.5
 10
607.5
 20
-823.5192378864668
 97
0
 75
0
 76
1
 98
0
1001
JETIS
1000
R02 LOD100
1000
SOURCE
1000

  0
HATCH
  5
A0300
330
1F
100
AcDbEntity
  8
HATCH
 62
254
100
AcDbHatch
 10
0.0
 20
0.0
 30
0.0
210
0.0
220
0.0
230
1.0
  2
SOLID
 70
1
 71
0
 91
1
 92
3
 72
0
 73
1
 93
5
 10
665.0
 20
-833.0
 10
695.0
 20
-833.0
 10
695.0
 20
-823.5192378864668
 10
680.0
 20
-819.5
 10
665.0
 20
-823.5192378864668
 97
0
 75
0
 76
1
 98
0
1001
JETIS
1000
R02 LOD100
1000
SOURCE
1000

  0
HATCH
  5
A5F00
330
1F
100
AcDbEntity
  8
HATCH
 62
7
100
AcDbHatch
 10
0.0
 20
0.0
 30
0.0
210
0.0
220
0.0
230
1.0
  2
SOLID
 70
1
 71
0
 91
1
 92
3
 72
0
 73
1
 93
4
 10
3.275
 20
-1259.4
 10
3.6249999999999996
 20
-1259.4
 10
3.6249999999999996
 20
-1251.4
 10
3.275
 20
-1251.4
 97
0
 75
0
 76
1
 98
0
1001
JETIS
1000
R02 LOD100
1000
SOURCE
1000

  0
HATCH
  5
A6100
330
1F
100
AcDbEntity
  8
HATCH
 62
7
100
AcDbHatch
 10
0.0
 20
0.0
 30
0.0
210
0.0
220
0.0
230
1.0
  2
SOLID
 70
1
 71
0
 91
1
 92
3
 72
0
 73
1
 93
4
 10
3.2499999999999996
 20
-1260.6000000000001
 10
3.65
 20
-1260.6000000000001
 10
3.65
 20
-1259.4
 10
3.2499999999999996
 20
-1259.4
 97
0
 75
0
 76
1
 98
0
1001
JETIS
1000
R02 LOD100
1000
NOMINAL / FOUNDATION VISUAL
1000
145A9
  0
HATCH
  5
A6300
330
1F
100
AcDbEntity
  8
HATCH
 62
7
100
AcDbHatch
 10
0.0
 20
0.0
 30
0.0
210
0.0
220
0.0
230
1.0
  2
SOLID
 70
1
 71
0
 91
1
 92
3
 72
0
 73
1
 93
4
 10
33.275
 20
-1259.4
 10
33.625
 20
-1259.4
 10
33.625
 20
-1251.4
 10
33.275
 20
-1251.4
 97
0
 75
0
 76
1
 98
0
1001
JETIS
1000
R02 LOD100
1000
SOURCE
1000

  0
HATCH
  5
A6500
330
1F
100
AcDbEntity
  8
HATCH
 62
7
100
AcDbHatch
 10
0.0
 20
0.0
 30
0.0
210
0.0
220
0.0
230
1.0
  2
SOLID
 70
1
 71
0
 91
1
 92
3
 72
0
 73
1
 93
4
 10
33.25
 20
-1260.6000000000001
 10
33.65
 20
-1260.6000000000001
 10
33.65
 20
-1259.4
 10
33.25
 20
-1259.4
 97
0
 75
0
 76
1
 98
0
1001
JETIS
1000
R02 LOD100
1000
NOMINAL / FOUNDATION VISUAL
1000
145A9
  0
HATCH
  5
A6700
330
1F
100
AcDbEntity
  8
HATCH
 62
7
100
AcDbHatch
 10
0.0
 20
0.0
 30
0.0
210
0.0
220
0.0
230
1.0
  2
SOLID
 70
1
 71
0
 91
1
 92
3
 72
0
 73
1
 93
4
 10
63.275000000000006
 20
-1259.4
 10
63.62500000000001
 20
-1259.4
 10
63.62500000000001
 20
-1251.4
 10
63.275000000000006
 20
-1251.4
 97
0
 75
0
 76
1
 98
0
1001
JETIS
1000
R02 LOD100
1000
SOURCE
1000

  0
HATCH
  5
A6900
330
1F
100
AcDbEntity
  8
HATCH
 62
7
100
AcDbHatch
 10
0.0
 20
0.0
 30
0.0
210
0.0
220
0.0
230
1.0
  2
SOLID
 70
1
 71
0
 91
1
 92
3
 72
0
 73
1
 93
4
 10
63.25
 20
-1260.6000000000001
 10
63.65
 20
-1260.6000000000001
 10
63.65
 20
-1259.4
 10
63.25
 20
-1259.4
 97
0
 75
0
 76
1
 98
0
1001
JETIS
1000
R02 LOD100
1000
NOMINAL / FOUNDATION VISUAL
1000
145A9
  0
HATCH
  5
A6B00
330
1F
100
AcDbEntity
  8
HATCH
 62
7
100
AcDbHatch
 10
0.0
 20
0.0
 30
0.0
210
0.0
220
0.0
230
1.0
  2
SOLID
 70
1
 71
0
 91
1
 92
3
 72
0
 73
1
 93
4
 10
3.525
 20
-1256.0500000000002
 10
33.375
 20
-1256.0500000000002
 10
33.375
 20
-1255.9
 10
3.525
 20
-1255.9
 97
0
 75
0
 76
1
 98
0
1001
JETIS
1000
R02 LOD100
1000
ASSUMED 150mm SLAB
1000

  0
HATCH
  5
AA900
330
1F
100
AcDbEntity
  8
HATCH
 62
7
100
AcDbHatch
 10
0.0
 20
0.0
 30
0.0
210
0.0
220
0.0
230
1.0
  2
SOLID
 70
1
 71
0
 91
1
 92
3
 72
0
 73
1
 93
4
 10
11000.0
 20
8704.35
 10
11120.0
 20
8704.35
 10
11120.0
 20
8704.5
 10
11000.0
 20
8704.5
 97
0
 75
0
 76
1
 98
0
1001
JETIS
1000
R02 LOD100
1000
ASSUMED CONTINUOUS SLAB
1000

  0
HATCH
  5
AAD00
330
1F
100
AcDbEntity
  8
HATCH
 62
7
100
AcDbHatch
 10
0.0
 20
0.0
 30
0.0
210
0.0
220
0.0
230
1.0
  2
SOLID
 70
1
 71
0
 91
1
 92
3
 72
0
 73
1
 93
4
 10
10999.8
 20
8699.8
 10
11000.2
 20
8699.8
 10
11000.2
 20
8701.0
 10
10999.8
 20
8701.0
 97
0
 75
0
 76
1
 98
0
1001
JETIS
1000
R02 LOD100
1000
NOMINAL / FOUNDATION VISUAL
1000

  0
HATCH
  5
AB000
330
1F
100
AcDbEntity
  8
HATCH
 62
7
100
AcDbHatch
 10
0.0
 20
0.0
 30
0.0
210
0.0
220
0.0
230
1.0
  2
SOLID
 70
1
 71
0
 91
1
 92
3
 72
0
 73
1
 93
4
 10
11005.8
 20
8699.8
 10
11006.2
 20
8699.8
 10
11006.2
 20
8701.0
 10
11005.8
 20
8701.0
 97
0
 75
0
 76
1
 98
0
1001
JETIS
1000
R02 LOD100
1000
NOMINAL / FOUNDATION VISUAL
1000

  0
HATCH
  5
AB300
330
1F
100
AcDbEntity
  8
HATCH
 62
7
100
AcDbHatch
 10
0.0
 20
0.0
 30
0.0
210
0.0
220
0.0
230
1.0
  2
SOLID
 70
1
 71
0
 91
1
 92
3
 72
0
 73
1
 93
4
 10
11011.8
 20
8699.8
 10
11012.2
 20
8699.8
 10
11012.2
 20
8701.0
 10
11011.8
 20
8701.0
 97
0
 75
0
 76
1
 98
0
1001
JETIS
1000
R02 LOD100
1000
NOMINAL / FOUNDATION VISUAL
1000

  0
HATCH
  5
AB600
330
1F
100
AcDbEntity
  8
HATCH
 62
7
100
AcDbHatch
 10
0.0
 20
0.0
 30
0.0
210
0.0
220
0.0
230
1.0
  2
SOLID
 70
1
 71
0
 91
1
 92
3
 72
0
 73
1
 93
4
 10
11017.8
 20
8699.8
 10
11018.2
 20
8699.8
 10
11018.2
 20
8701.0
 10
11017.8
 20
8701.0
 97
0
 75
0
 76
1
 98
0
1001
JETIS
1000
R02 LOD100
1000
NOMINAL / FOUNDATION VISUAL
1000

  0
HATCH
  5
AB900
330
1F
100
AcDbEntity
  8
HATCH
 62
7
100
AcDbHatch
 10
0.0
 20
0.0
 30
0.0
210
0.0
220
0.0
230
1.0
  2
SOLID
 70
1
 71
0
 91
1
 92
3
 72
0
 73
1
 93
4
 10
11023.8
 20
8699.8
 10
11024.2
 20
8699.8
 10
11024.2
 20
8701.0
 10
11023.8
 20
8701.0
 97
0
 75
0
 76
1
 98
0
1001
JETIS
1000
R02 LOD100
1000
NOMINAL / FOUNDATION VISUAL
1000

  0
HATCH
  5
ABC00
330
1F
100
AcDbEntity
  8
HATCH
 62
7
100
AcDbHatch
 10
0.0
 20
0.0
 30
0.0
210
0.0
220
0.0
230
1.0
  2
SOLID
 70
1
 71
0
 91
1
 92
3
 72
0
 73
1
 93
4
 10
11029.8
 20
8699.8
 10
11030.2
 20
8699.8
 10
11030.2
 20
8701.0
 10
11029.8
 20
8701.0
 97
0
 75
0
 76
1
 98
0
1001
JETIS
1000
R02 LOD100
1000
NOMINAL / FOUNDATION VISUAL
1000

  0
HATCH
  5
ABF00
330
1F
100
AcDbEntity
  8
HATCH
 62
7
100
AcDbHatch
 10
0.0
 20
0.0
 30
0.0
210
0.0
220
0.0
230
1.0
  2
SOLID
 70
1
 71
0
 91
1
 92
3
 72
0
 73
1
 93
4
 10
11035.8
 20
8699.8
 10
11036.2
 20
8699.8
 10
11036.2
 20
8701.0
 10
11035.8
 20
8701.0
 97
0
 75
0
 76
1
 98
0
1001
JETIS
1000
R02 LOD100
1000
NOMINAL / FOUNDATION VISUAL
1000

  0
HATCH
  5
AC200
330
1F
100
AcDbEntity
  8
HATCH
 62
7
100
AcDbHatch
 10
0.0
 20
0.0
 30
0.0
210
0.0
220
0.0
230
1.0
  2
SOLID
 70
1
 71
0
 91
1
 92
3
 72
0
 73
1
 93
4
 10
11041.8
 20
8699.8
 10
11042.2
 20
8699.8
 10
11042.2
 20
8701.0
 10
11041.8
 20
8701.0
 97
0
 75
0
 76
1
 98
0
1001
JETIS
1000
R02 LOD100
1000
NOMINAL / FOUNDATION VISUAL
1000

  0
HATCH
  5
AC500
330
1F
100
AcDbEntity
  8
HATCH
 62
7
100
AcDbHatch
 10
0.0
 20
0.0
 30
0.0
210
0.0
220
0.0
230
1.0
  2
SOLID
 70
1
 71
0
 91
1
 92
3
 72
0
 73
1
 93
4
 10
11047.8
 20
8699.8
 10
11048.2
 20
8699.8
 10
11048.2
 20
8701.0
 10
11047.8
 20
8701.0
 97
0
 75
0
 76
1
 98
0
1001
JETIS
1000
R02 LOD100
1000
NOMINAL / FOUNDATION VISUAL
1000

  0
HATCH
  5
AC800
330
1F
100
AcDbEntity
  8
HATCH
 62
7
100
AcDbHatch
 10
0.0
 20
0.0
 30
0.0
210
0.0
220
0.0
230
1.0
  2
SOLID
 70
1
 71
0
 91
1
 92
3
 72
0
 73
1
 93
4
 10
11053.8
 20
8699.8
 10
11054.2
 20
8699.8
 10
11054.2
 20
8701.0
 10
11053.8
 20
8701.0
 97
0
 75
0
 76
1
 98
0
1001
JETIS
1000
R02 LOD100
1000
NOMINAL / FOUNDATION VISUAL
1000

  0
HATCH
  5
ACB00
330
1F
100
AcDbEntity
  8
HATCH
 62
7
100
AcDbHatch
 10
0.0
 20
0.0
 30
0.0
210
0.0
220
0.0
230
1.0
  2
SOLID
 70
1
 71
0
 91
1
 92
3
 72
0
 73
1
 93
4
 10
11059.8
 20
8699.8
 10
11060.2
 20
8699.8
 10
11060.2
 20
8701.0
 10
11059.8
 20
8701.0
 97
0
 75
0
 76
1
 98
0
1001
JETIS
1000
R02 LOD100
1000
NOMINAL / FOUNDATION VISUAL
1000

  0
HATCH
  5
ACE00
330
1F
100
AcDbEntity
  8
HATCH
 62
7
100
AcDbHatch
 10
0.0
 20
0.0
 30
0.0
210
0.0
220
0.0
230
1.0
  2
SOLID
 70
1
 71
0
 91
1
 92
3
 72
0
 73
1
 93
4
 10
11065.8
 20
8699.8
 10
11066.2
 20
8699.8
 10
11066.2
 20
8701.0
 10
11065.8
 20
8701.0
 97
0
 75
0
 76
1
 98
0
1001
JETIS
1000
R02 LOD100
1000
NOMINAL / FOUNDATION VISUAL
1000

  0
HATCH
  5
AD100
330
1F
100
AcDbEntity
  8
HATCH
 62
7
100
AcDbHatch
 10
0.0
 20
0.0
 30
0.0
210
0.0
220
0.0
230
1.0
  2
SOLID
 70
1
 71
0
 91
1
 92
3
 72
0
 73
1
 93
4
 10
11071.8
 20
8699.8
 10
11072.2
 20
8699.8
 10
11072.2
 20
8701.0
 10
11071.8
 20
8701.0
 97
0
 75
0
 76
1
 98
0
1001
JETIS
1000
R02 LOD100
1000
NOMINAL / FOUNDATION VISUAL
1000

  0
HATCH
  5
AD400
330
1F
100
AcDbEntity
  8
HATCH
 62
7
100
AcDbHatch
 10
0.0
 20
0.0
 30
0.0
210
0.0
220
0.0
230
1.0
  2
SOLID
 70
1
 71
0
 91
1
 92
3
 72
0
 73
1
 93
4
 10
11077.8
 20
8699.8
 10
11078.2
 20
8699.8
 10
11078.2
 20
8701.0
 10
11077.8
 20
8701.0
 97
0
 75
0
 76
1
 98
0
1001
JETIS
1000
R02 LOD100
1000
NOMINAL / FOUNDATION VISUAL
1000

  0
HATCH
  5
AD700
330
1F
100
AcDbEntity
  8
HATCH
 62
7
100
AcDbHatch
 10
0.0
 20
0.0
 30
0.0
210
0.0
220
0.0
230
1.0
  2
SOLID
 70
1
 71
0
 91
1
 92
3
 72
0
 73
1
 93
4
 10
11083.8
 20
8699.8
 10
11084.2
 20
8699.8
 10
11084.2
 20
8701.0
 10
11083.8
 20
8701.0
 97
0
 75
0
 76
1
 98
0
1001
JETIS
1000
R02 LOD100
1000
NOMINAL / FOUNDATION VISUAL
1000

  0
HATCH
  5
ADA00
330
1F
100
AcDbEntity
  8
HATCH
 62
7
100
AcDbHatch
 10
0.0
 20
0.0
 30
0.0
210
0.0
220
0.0
230
1.0
  2
SOLID
 70
1
 71
0
 91
1
 92
3
 72
0
 73
1
 93
4
 10
11089.8
 20
8699.8
 10
11090.2
 20
8699.8
 10
11090.2
 20
8701.0
 10
11089.8
 20
8701.0
 97
0
 75
0
 76
1
 98
0
1001
JETIS
1000
R02 LOD100
1000
NOMINAL / FOUNDATION VISUAL
1000

  0
HATCH
  5
ADD00
330
1F
100
AcDbEntity
  8
HATCH
 62
7
100
AcDbHatch
 10
0.0
 20
0.0
 30
0.0
210
0.0
220
0.0
230
1.0
  2
SOLID
 70
1
 71
0
 91
1
 92
3
 72
0
 73
1
 93
4
 10
11095.8
 20
8699.8
 10
11096.2
 20
8699.8
 10
11096.2
 20
8701.0
 10
11095.8
 20
8701.0
 97
0
 75
0
 76
1
 98
0
1001
JETIS
1000
R02 LOD100
1000
NOMINAL / FOUNDATION VISUAL
1000

  0
HATCH
  5
AE000
330
1F
100
AcDbEntity
  8
HATCH
 62
7
100
AcDbHatch
 10
0.0
 20
0.0
 30
0.0
210
0.0
220
0.0
230
1.0
  2
SOLID
 70
1
 71
0
 91
1
 92
3
 72
0
 73
1
 93
4
 10
11101.8
 20
8699.8
 10
11102.2
 20
8699.8
 10
11102.2
 20
8701.0
 10
11101.8
 20
8701.0
 97
0
 75
0
 76
1
 98
0
1001
JETIS
1000
R02 LOD100
1000
NOMINAL / FOUNDATION VISUAL
1000

  0
HATCH
  5
AE300
330
1F
100
AcDbEntity
  8
HATCH
 62
7
100
AcDbHatch
 10
0.0
 20
0.0
 30
0.0
210
0.0
220
0.0
230
1.0
  2
SOLID
 70
1
 71
0
 91
1
 92
3
 72
0
 73
1
 93
4
 10
11107.8
 20
8699.8
 10
11108.2
 20
8699.8
 10
11108.2
 20
8701.0
 10
11107.8
 20
8701.0
 97
0
 75
0
 76
1
 98
0
1001
JETIS
1000
R02 LOD100
1000
NOMINAL / FOUNDATION VISUAL
1000

  0
HATCH
  5
AE600
330
1F
100
AcDbEntity
  8
HATCH
 62
7
100
AcDbHatch
 10
0.0
 20
0.0
 30
0.0
210
0.0
220
0.0
230
1.0
  2
SOLID
 70
1
 71
0
 91
1
 92
3
 72
0
 73
1
 93
4
 10
11113.8
 20
8699.8
 10
11114.2
 20
8699.8
 10
11114.2
 20
8701.0
 10
11113.8
 20
8701.0
 97
0
 75
0
 76
1
 98
0
1001
JETIS
1000
R02 LOD100
1000
NOMINAL / FOUNDATION VISUAL
1000

  0
HATCH
  5
AE900
330
1F
100
AcDbEntity
  8
HATCH
 62
7
100
AcDbHatch
 10
0.0
 20
0.0
 30
0.0
210
0.0
220
0.0
230
1.0
  2
SOLID
 70
1
 71
0
 91
1
 92
3
 72
0
 73
1
 93
4
 10
11119.8
 20
8699.8
 10
11120.2
 20
8699.8
 10
11120.2
 20
8701.0
 10
11119.8
 20
8701.0
 97
0
 75
0
 76
1
 98
0
1001
JETIS
1000
R02 LOD100
1000
NOMINAL / FOUNDATION VISUAL
1000

  0
LINE
  5
19C00
330
1F
100
AcDbEntity
  8
TITLE
100
AcDbLine
 10
-40.0
 20
217.5
 30
0.0
 11
368.5
 21
217.5
 31
0.0
  0
LINE
  5
19D00
330
1F
100
AcDbEntity
  8
TITLE
100
AcDbLine
 10
368.5
 20
217.5
 30
0.0
 11
368.5
 21
-67.5
 31
0.0
  0
LINE
  5
19E00
330
1F
100
AcDbEntity
  8
TITLE
100
AcDbLine
 10
368.5
 20
-67.5
 30
0.0
 11
-40.0
 21
-67.5
 31
0.0
  0
LINE
  5
19F00
330
1F
100
AcDbEntity
  8
TITLE
100
AcDbLine
 10
-40.0
 20
-67.5
 30
0.0
 11
-40.0
 21
217.5
 31
0.0
  0
LINE
  5
1A000
330
1F
100
AcDbEntity
  8
TITLE
100
AcDbLine
 10
-40.0
 20
191.5
 30
0.0
 11
368.5
 21
191.5
 31
0.0
  0
LINE
  5
1A100
330
1F
100
AcDbEntity
  8
TITLE
100
AcDbLine
 10
-40.0
 20
-46.0
 30
0.0
 11
368.5
 21
-46.0
 31
0.0
  0
LINE
  5
1A200
330
1F
100
AcDbEntity
  8
TITLE
100
AcDbLine
 10
-40.0
 20
-61.0
 30
0.0
 11
368.5
 21
-61.0
 31
0.0
  0
TEXT
  5
1A300
330
1F
100
AcDbEntity
  8
TITLE
100
AcDbText
 10
-33.5
 20
208.0
 30
0.0
 40
4.5
  1
JETIS
 11
-33.5
 21
208.0
 31
0.0
100
AcDbText
  0
TEXT
  5
1A400
330
1F
100
AcDbEntity
  8
TITLE
100
AcDbText
 10
-33.5
 20
202.0
 30
0.0
 40
1.8
  1
PENGOLAHAN HASIL LAUT
 11
-33.5
 21
202.0
 31
0.0
100
AcDbText
  0
TEXT
  5
1A500
330
1F
100
AcDbEntity
  8
TITLE
100
AcDbText
 10
65.0
 20
207.5
 30
0.0
 40
3.15
  1
RENCANA TAPAK
 11
65.0
 21
207.5
 31
0.0
100
AcDbText
  0
TEXT
  5
1A600
330
1F
100
AcDbEntity
  8
TITLE
100
AcDbText
 10
65.0
 20
201.5
 30
0.0
 40
1.55
  1
Batas sumber, fase bangunan dan orientasi lokal
 11
65.0
 21
201.5
 31
0.0
100
AcDbText
  0
TEXT
  5
1A700
330
1F
100
AcDbEntity
  8
TITLE
100
AcDbText
 10
321.5
 20
209.5
 30
0.0
 40
3.0
  1
A101
 11
321.5
 21
209.5
 31
0.0
100
AcDbText
  0
TEXT
  5
1A800
330
1F
100
AcDbEntity
  8
TITLE
100
AcDbText
 10
321.5
 20
203.0
 30
0.0
 40
1.6
  1
R02 / LOD100
 11
321.5
 21
203.0
 31
0.0
100
AcDbText
  0
TEXT
  5
1A900
330
1F
100
AcDbEntity
  8
TITLE
100
AcDbText
 10
-33.5
 20
-52.5
 30
0.0
 40
1.15
  1
SUMBER PENGENDALI
 11
-33.5
 21
-52.5
 31
0.0
100
AcDbText
  0
TEXT
  5
1AA00
330
1F
100
AcDbEntity
  8
TITLE
100
AcDbText
 10
-33.5
 20
-56.5
 30
0.0
 40
1.35
  1
LAYOUT PLAN ALT.2 · 165A2 · 30 SEPTEMBER 2026
 11
-33.5
 21
-56.5
 31
0.0
100
AcDbText
  0
TEXT
  5
1AB00
330
1F
100
AcDbEntity
  8
TITLE
100
AcDbText
 10
126.5
 20
-52.5
 30
0.0
 40
1.15
  1
SATUAN / SKALA CETAK
 11
126.5
 21
-52.5
 31
0.0
100
AcDbText
  0
TEXT
  5
1AC00
330
1F
100
AcDbEntity
  8
TITLE
100
AcDbText
 10
126.5
 20
-56.5
 30
0.0
 40
1.35
  1
meter / 1:500 pada A1; perbesaran layar mengubah skala
 11
126.5
 21
-56.5
 31
0.0
100
AcDbText
  0
TEXT
  5
1AD00
330
1F
100
AcDbEntity
  8
TITLE
100
AcDbText
 10
274.0
 20
-52.5
 30
0.0
 40
1.15
  1
STATUS
 11
274.0
 21
-52.5
 31
0.0
100
AcDbText
  0
TEXT
  5
1AE00
330
1F
100
AcDbEntity
  8
TITLE
100
AcDbText
 10
274.0
 20
-56.5
 30
0.0
 40
1.35
  1
STUDI SUMBER + ASUMSI TERBUKA
 11
274.0
 21
-56.5
 31
0.0
100
AcDbText
  0
TEXT
  5
1AF00
330
1F
100
AcDbEntity
  8
TITLE
100
AcDbText
 10
-33.5
 20
-65.5
 30
0.0
 40
1.35
  1
BUKAN DOKUMEN KONSTRUKSI · Tidak georeferensi · Dimensi angka mengendalikan, jangan ukur layar
 11
-33.5
 21
-65.5
 31
0.0
100
AcDbText
  0
TEXT
  5
1B000
330
1F
100
AcDbEntity
  8
TITLE
100
AcDbText
 10
291.5
 20
-65.5
 30
0.0
 40
1.25
  1
DWG sumber tetap tidak diedit
 11
291.5
 21
-65.5
 31
0.0
100
AcDbText
  0
LWPOLYLINE
  5
1B100
330
1F
100
AcDbEntity
  8
SOURCE_SITE
  6
CONTINUOUS
100
AcDbPolyline
 90
12
 70
1
 10
21.136987139887424
 20
128.27013594226855
 10
49.42010755231058
 20
125.69620903259374
 10
50.703654058261236
 20
141.64464181976973
 10
140.4752013376601
 20
135.23610851935473
 10
151.24065694615638
 20
92.3671807797723
 10
145.61353499411234
 20
92.60153230573906
 10
160.12874422382993
 20
4.387765233827395
 10
146.72244016926743
 20
2.454219387041576
 10
87.07754548723824
 20
-7.424193246748473
 10
87.99999999999636
 20
0.0
 10
0.0
 20
0.0
 10
21.136987139887424
 20
128.27013594226855
1001
JETIS
1000
R02 LOD100
1000
SOURCE
1000
2A2B8
  0
LWPOLYLINE
  5
1B300
330
1F
100
AcDbEntity
  8
ASSUMED_ACCESS
  6
CONTINUOUS
100
AcDbPolyline
 90
4
 70
1
 10
105.2
 20
-17.0
 10
117.2
 20
-17.0
 10
117.2
 20
26.0
 10
105.2
 20
26.0
1001
JETIS
1000
R02 LOD100
1000
VISUAL ASSUMPTION
1000

  0
LWPOLYLINE
  5
1B500
330
1F
100
AcDbEntity
  8
ASSUMED_ACCESS
  6
CONTINUOUS
100
AcDbPolyline
 90
4
 70
1
 10
53.0
 20
18.8
 10
133.0
 20
18.8
 10
133.0
 20
23.0
 10
53.0
 20
23.0
1001
JETIS
1000
R02 LOD100
1000
VISUAL ASSUMPTION
1000

  0
LWPOLYLINE
  5
1B700
330
1F
100
AcDbEntity
  8
ASSUMED_ACCESS
  6
CONTINUOUS
100
AcDbPolyline
 90
4
 70
1
 10
118.0
 20
2.5
 10
155.0
 20
2.5
 10
155.0
 20
18.5
 10
118.0
 20
18.5
1001
JETIS
1000
R02 LOD100
1000
VISUAL ASSUMPTION
1000

  0
LWPOLYLINE
  5
1B900
330
1F
100
AcDbEntity
  8
ASSUMED_ACCESS
  6
CONTINUOUS
100
AcDbPolyline
 90
4
 70
1
 10
121.0
 20
3.2
 10
121.1
 20
3.2
 10
121.1
 20
16.9
 10
121.0
 20
16.9
1001
JETIS
1000
R02 LOD100
1000
VISUAL ASSUMPTION
1000

  0
LWPOLYLINE
  5
1BB00
330
1F
100
AcDbEntity
  8
ASSUMED_ACCESS
  6
CONTINUOUS
100
AcDbPolyline
 90
4
 70
1
 10
125.3
 20
3.2
 10
125.39999999999999
 20
3.2
 10
125.39999999999999
 20
16.9
 10
125.3
 20
16.9
1001
JETIS
1000
R02 LOD100
1000
VISUAL ASSUMPTION
1000

  0
LWPOLYLINE
  5
1BD00
330
1F
100
AcDbEntity
  8
ASSUMED_ACCESS
  6
CONTINUOUS
100
AcDbPolyline
 90
4
 70
1
 10
129.6
 20
3.2
 10
129.7
 20
3.2
 10
129.7
 20
16.9
 10
129.6
 20
16.9
1001
JETIS
1000
R02 LOD100
1000
VISUAL ASSUMPTION
1000

  0
LWPOLYLINE
  5
1BF00
330
1F
100
AcDbEntity
  8
ASSUMED_ACCESS
  6
CONTINUOUS
100
AcDbPolyline
 90
4
 70
1
 10
133.9
 20
3.2
 10
134.0
 20
3.2
 10
134.0
 20
16.9
 10
133.9
 20
16.9
1001
JETIS
1000
R02 LOD100
1000
VISUAL ASSUMPTION
1000

  0
LWPOLYLINE
  5
1C100
330
1F
100
AcDbEntity
  8
ASSUMED_ACCESS
  6
CONTINUOUS
100
AcDbPolyline
 90
4
 70
1
 10
138.2
 20
3.2
 10
138.29999999999998
 20
3.2
 10
138.29999999999998
 20
16.9
 10
138.2
 20
16.9
1001
JETIS
1000
R02 LOD100
1000
VISUAL ASSUMPTION
1000

  0
LWPOLYLINE
  5
1C300
330
1F
100
AcDbEntity
  8
ASSUMED_ACCESS
  6
CONTINUOUS
100
AcDbPolyline
 90
4
 70
1
 10
142.5
 20
3.2
 10
142.6
 20
3.2
 10
142.6
 20
16.9
 10
142.5
 20
16.9
1001
JETIS
1000
R02 LOD100
1000
VISUAL ASSUMPTION
1000

  0
LWPOLYLINE
  5
1C500
330
1F
100
AcDbEntity
  8
ASSUMED_ACCESS
  6
CONTINUOUS
100
AcDbPolyline
 90
4
 70
1
 10
146.8
 20
3.2
 10
146.9
 20
3.2
 10
146.9
 20
16.9
 10
146.8
 20
16.9
1001
JETIS
1000
R02 LOD100
1000
VISUAL ASSUMPTION
1000

  0
LWPOLYLINE
  5
1C700
330
1F
100
AcDbEntity
  8
ASSUMED_ACCESS
  6
CONTINUOUS
100
AcDbPolyline
 90
4
 70
1
 10
151.1
 20
3.2
 10
151.2
 20
3.2
 10
151.2
 20
16.9
 10
151.1
 20
16.9
1001
JETIS
1000
R02 LOD100
1000
VISUAL ASSUMPTION
1000

  0
LWPOLYLINE
  5
1C900
330
1F
100
AcDbEntity
  8
ASSUMED_ACCESS
  6
CONTINUOUS
100
AcDbPolyline
 90
4
 70
1
 10
120.8
 20
3.0
 10
155.3
 20
3.0
 10
155.3
 20
3.12
 10
120.8
 20
3.12
1001
JETIS
1000
R02 LOD100
1000
VISUAL ASSUMPTION
1000

  0
LWPOLYLINE
  5
1CB00
330
1F
100
AcDbEntity
  8
ASSUMED_ACCESS
  6
CONTINUOUS
100
AcDbPolyline
 90
4
 70
1
 10
97.2
 20
1.3
 10
100.7
 20
1.3
 10
100.7
 20
5.5
 10
97.2
 20
5.5
1001
JETIS
1000
R02 LOD100
1000
VISUAL ASSUMPTION
1000

  0
LWPOLYLINE
  5
1CD00
330
1F
100
AcDbEntity
  8
ASSUMED_ACCESS
  6
CONTINUOUS
100
AcDbPolyline
 90
4
 70
1
 10
97.2
 20
1.3
 10
100.7
 20
1.3
 10
100.7
 20
5.5
 10
97.2
 20
5.5
1001
JETIS
1000
R02 LOD100
1000
VISUAL ASSUMPTION
1000

  0
LWPOLYLINE
  5
1CF00
330
1F
100
AcDbEntity
  8
ASSUMED_ACCESS
  6
CONTINUOUS
100
AcDbPolyline
 90
4
 70
1
 10
65.0
 20
-17.0
 10
165.0
 20
-17.0
 10
165.0
 20
-10.0
 10
65.0
 20
-10.0
1001
JETIS
1000
R02 LOD100
1000
VISUAL ASSUMPTION
1000

  0
LWPOLYLINE
  5
1D100
330
1F
100
AcDbEntity
  8
ASSUMED_ACCESS
  6
CONTINUOUS
100
AcDbPolyline
 90
4
 70
1
 10
65.0
 20
-9.82
 10
165.0
 20
-9.82
 10
165.0
 20
-9.17
 10
65.0
 20
-9.17
1001
JETIS
1000
R02 LOD100
1000
VISUAL ASSUMPTION
1000

  0
LWPOLYLINE
  5
1D300
330
1F
100
AcDbEntity
  8
SOURCE_FOOTPRINT
  6
CONTINUOUS
100
AcDbPolyline
 90
4
 70
1
 10
29.41153045480314
 20
83.81726101767208
 10
65.41153045480314
 20
83.81726101767208
 10
65.41153045480314
 20
53.81726101767208
 10
29.41153045480314
 20
53.81726101767208
1001
JETIS
1000
R02 LOD100
1000
SOURCE
1000
2A2E5
  0
TEXT
  5
1D500
330
1F
100
AcDbEntity
  8
TITLE
100
AcDbText
 10
47.41153045480314
 20
70.41726101767208
 30
0.0
 40
1.85
  1
SAYAP 1
 72
1
 11
47.41153045480314
 21
70.41726101767208
 31
0.0
100
AcDbText
 73
2
  0
TEXT
  5
1D600
330
1F
100
AcDbEntity
  8
NOTE
100
AcDbText
 10
47.41153045480314
 20
68.31726101767208
 30
0.0
 40
1.4
  1
36 × 30 m
 72
1
 11
47.41153045480314
 21
68.31726101767208
 31
0.0
100
AcDbText
 73
2
  0
TEXT
  5
1D700
330
1F
100
AcDbEntity
  8
NOTE
100
AcDbText
 10
47.41153045480314
 20
66.21726101767209
 30
0.0
 40
1.25
  1
2A2E5
 72
1
 11
47.41153045480314
 21
66.21726101767209
 31
0.0
100
AcDbText
 73
2
  0
LWPOLYLINE
  5
1D800
330
1F
100
AcDbEntity
  8
SOURCE_FOOTPRINT
  6
CONTINUOUS
100
AcDbPolyline
 90
4
 70
1
 10
65.41153045480314
 20
83.81726101767208
 10
143.41153045480314
 20
83.81726101767208
 10
143.41153045480314
 20
53.81726107906297
 10
65.41153045480314
 20
53.81726107906297
1001
JETIS
1000
R02 LOD100
1000
SOURCE
1000
2A310
  0
TEXT
  5
1DA00
330
1F
100
AcDbEntity
  8
TITLE
100
AcDbText
 10
104.41153045480314
 20
70.41726104836752
 30
0.0
 40
1.85
  1
BLOK 78
 72
1
 11
104.41153045480314
 21
70.41726104836752
 31
0.0
100
AcDbText
 73
2
  0
TEXT
  5
1DB00
330
1F
100
AcDbEntity
  8
NOTE
100
AcDbText
 10
104.41153045480314
 20
68.31726104836753
 30
0.0
 40
1.4
  1
78 × 30 m
 72
1
 11
104.41153045480314
 21
68.31726104836753
 31
0.0
100
AcDbText
 73
2
  0
TEXT
  5
1DC00
330
1F
100
AcDbEntity
  8
NOTE
100
AcDbText
 10
104.41153045480314
 20
66.21726104836753
 30
0.0
 40
1.25
  1
2A310
 72
1
 11
104.41153045480314
 21
66.21726104836753
 31
0.0
100
AcDbText
 73
2
  0
LWPOLYLINE
  5
1DD00
330
1F
100
AcDbEntity
  8
SOURCE_FOOTPRINT
  6
CONTINUOUS
100
AcDbPolyline
 90
4
 70
1
 10
29.41153045480314
 20
53.81726101767208
 10
65.41153045480314
 20
53.81726101767208
 10
65.41153045480314
 20
23.81726101767208
 10
29.41153045480314
 20
23.81726101767208
1001
JETIS
1000
R02 LOD100
1000
SOURCE
1000
2A2E9
  0
TEXT
  5
1DF00
330
1F
100
AcDbEntity
  8
TITLE
100
AcDbText
 10
47.41153045480314
 20
40.41726101767208
 30
0.0
 40
1.85
  1
SAYAP 2
 72
1
 11
47.41153045480314
 21
40.41726101767208
 31
0.0
100
AcDbText
 73
2
  0
TEXT
  5
1E000
330
1F
100
AcDbEntity
  8
NOTE
100
AcDbText
 10
47.41153045480314
 20
38.31726101767208
 30
0.0
 40
1.4
  1
36 × 30 m
 72
1
 11
47.41153045480314
 21
38.31726101767208
 31
0.0
100
AcDbText
 73
2
  0
TEXT
  5
1E100
330
1F
100
AcDbEntity
  8
NOTE
100
AcDbText
 10
47.41153045480314
 20
36.21726101767208
 30
0.0
 40
1.25
  1
2A2E9
 72
1
 11
47.41153045480314
 21
36.21726101767208
 31
0.0
100
AcDbText
 73
2
  0
LWPOLYLINE
  5
1E200
330
1F
100
AcDbEntity
  8
SOURCE_FOOTPRINT
  6
CONTINUOUS
100
AcDbPolyline
 90
4
 70
1
 10
65.41153045480496
 20
53.8172611772884
 10
149.41153045480314
 20
53.8172611772884
 10
149.41153045480314
 20
23.81726101767208
 10
65.41153045480496
 20
23.81726101767208
1001
JETIS
1000
R02 LOD100
1000
SOURCE
1000
2A313
  0
TEXT
  5
1E400
330
1F
100
AcDbEntity
  8
TITLE
100
AcDbText
 10
107.41153045480405
 20
40.41726109748024
 30
0.0
 40
1.85
  1
BLOK 84
 72
1
 11
107.41153045480405
 21
40.41726109748024
 31
0.0
100
AcDbText
 73
2
  0
TEXT
  5
1E500
330
1F
100
AcDbEntity
  8
NOTE
100
AcDbText
 10
107.41153045480405
 20
38.31726109748024
 30
0.0
 40
1.4
  1
84 × 30 m
 72
1
 11
107.41153045480405
 21
38.31726109748024
 31
0.0
100
AcDbText
 73
2
  0
TEXT
  5
1E600
330
1F
100
AcDbEntity
  8
NOTE
100
AcDbText
 10
107.41153045480405
 20
36.21726109748024
 30
0.0
 40
1.25
  1
2A313
 72
1
 11
107.41153045480405
 21
36.21726109748024
 31
0.0
100
AcDbText
 73
2
  0
LWPOLYLINE
  5
1E700
330
1F
100
AcDbEntity
  8
SOURCE_FOOTPRINT
  6
CONTINUOUS
100
AcDbPolyline
 90
4
 70
1
 10
53.4115304465231
 20
139.81726101792128
 10
53.41153044652128
 20
103.81726101792128
 10
137.41153044652128
 20
103.81726101792128
 10
137.41153044652128
 20
133.81726101792128
1001
JETIS
1000
R02 LOD100
1000
SOURCE
1000
2A2D5
  0
TEXT
  5
1E900
330
1F
100
AcDbEntity
  8
TITLE
100
AcDbText
 10
95.41153044652174
 20
121.91726101792128
 30
0.0
 40
1.85
  1
TAHAP 2
 72
1
 11
95.41153044652174
 21
121.91726101792128
 31
0.0
100
AcDbText
 73
2
  0
TEXT
  5
1EA00
330
1F
100
AcDbEntity
  8
NOTE
100
AcDbText
 10
95.41153044652174
 20
119.81726101792128
 30
0.0
 40
1.4
  1
84 × 36 \U+2192 30 m
 72
1
 11
95.41153044652174
 21
119.81726101792128
 31
0.0
100
AcDbText
 73
2
  0
TEXT
  5
1EB00
330
1F
100
AcDbEntity
  8
NOTE
100
AcDbText
 10
95.41153044652174
 20
117.71726101792129
 30
0.0
 40
1.25
  1
2A2D5
 72
1
 11
95.41153044652174
 21
117.71726101792129
 31
0.0
100
AcDbText
 73
2
  0
LWPOLYLINE
  5
1EC00
330
1F
100
AcDbEntity
  8
AUXILIARY
  6
CONTINUOUS
100
AcDbPolyline
 90
4
 70
1
 10
39.91153010992275
 20
18.81726101767208
 10
39.91153010992275
 20
14.817261017672081
 10
54.91153010992275
 20
14.817261017672081
 10
54.91153010992275
 20
18.81726101767208
1001
JETIS
1000
R02 LOD100
1000
SOURCE
1000
2A318
  0
LWPOLYLINE
  5
1EE00
330
1F
100
AcDbEntity
  8
AUXILIARY
  6
CONTINUOUS
100
AcDbPolyline
 90
4
 70
1
 10
45.83653010992202
 20
20.742261017672263
 10
48.98653010992348
 20
20.742261017672263
 10
48.98653010992348
 20
23.8922610176719
 10
45.83653010992202
 20
23.8922610176719
1001
JETIS
1000
R02 LOD100
1000
SOURCE
1000
2A425
  0
LINE
  5
1F000
330
1F
100
AcDbEntity
  8
DIMENSION
  6
CONTINUOUS
100
AcDbLine
 10
0.0
 20
-7.424193246748473
 30
0.0
 11
0.0
 21
-13.424193246748473
 31
0.0
1001
JETIS
1000
R02 LOD100
1000
SOURCE
1000

  0
LINE
  5
1F100
330
1F
100
AcDbEntity
  8
DIMENSION
  6
CONTINUOUS
100
AcDbLine
 10
160.12874422382993
 20
-7.424193246748473
 30
0.0
 11
160.12874422382993
 21
-13.424193246748473
 31
0.0
1001
JETIS
1000
R02 LOD100
1000
SOURCE
1000

  0
LINE
  5
1F200
330
1F
100
AcDbEntity
  8
DIMENSION
  6
CONTINUOUS
100
AcDbLine
 10
0.0
 20
-13.424193246748473
 30
0.0
 11
160.12874422382993
 21
-13.424193246748473
 31
0.0
1001
JETIS
1000
R02 LOD100
1000
SOURCE
1000

  0
LINE
  5
1F300
330
1F
100
AcDbEntity
  8
DIMENSION
  6
CONTINUOUS
100
AcDbLine
 10
-0.35
 20
-13.774193246748473
 30
0.0
 11
0.35
 21
-13.074193246748473
 31
0.0
1001
JETIS
1000
R02 LOD100
1000
SOURCE
1000

  0
LINE
  5
1F400
330
1F
100
AcDbEntity
  8
DIMENSION
  6
CONTINUOUS
100
AcDbLine
 10
159.77874422382993
 20
-13.774193246748473
 30
0.0
 11
160.47874422382992
 21
-13.074193246748473
 31
0.0
1001
JETIS
1000
R02 LOD100
1000
SOURCE
1000

  0
TEXT
  5
1F500
330
1F
100
AcDbEntity
  8
DIMENSION
100
AcDbText
 10
80.06437211191496
 20
-14.524193246748473
 30
0.0
 40
1.3
  1
160.129 · extent X
 72
1
 11
80.06437211191496
 21
-14.524193246748473
 31
0.0
100
AcDbText
 73
2
  0
DIMENSION
  5
1F600
330
1F
100
AcDbEntity
  8
DIMENSION
100
AcDbDimension
  2
*D1
  3
EZDXF
 10
0.0
 20
-13.424193246748473
 30
0.0
 11
80.06437211191496
 21
-12.674193246748473
 31
0.0
 70
32
 71
5
 41
1.0
 42
160.12874422382993
  1
<>
100
AcDbAlignedDimension
 13
0.0
 23
-7.424193246748473
 33
0.0
 14
160.12874422382993
 24
-7.424193246748473
 34
0.0
 50
0.0
100
AcDbRotatedDimension
1001
ACAD
1000
DSTYLE
1002
{
1070
140
1040
1.3
1070
41
1040
0.4
1070
42
1040
0.3
1070
44
1040
0.4
1070
271
1070
2
1070
77
1070
1
1070
176
1070
8
1070
177
1070
8
1070
178
1070
8
1002
}
  0
LINE
  5
20500
330
1F
100
AcDbEntity
  8
DIMENSION
  6
CONTINUOUS
100
AcDbLine
 10
0.0
 20
-7.424193246748473
 30
0.0
 11
-7.0
 21
-7.424193246748473
 31
0.0
1001
JETIS
1000
R02 LOD100
1000
SOURCE
1000

  0
LINE
  5
20600
330
1F
100
AcDbEntity
  8
DIMENSION
  6
CONTINUOUS
100
AcDbLine
 10
0.0
 20
141.64464181976973
 30
0.0
 11
-7.0
 21
141.64464181976973
 31
0.0
1001
JETIS
1000
R02 LOD100
1000
SOURCE
1000

  0
LINE
  5
20700
330
1F
100
AcDbEntity
  8
DIMENSION
  6
CONTINUOUS
100
AcDbLine
 10
-7.0
 20
-7.424193246748473
 30
0.0
 11
-7.0
 21
141.64464181976973
 31
0.0
1001
JETIS
1000
R02 LOD100
1000
SOURCE
1000

  0
LINE
  5
20800
330
1F
100
AcDbEntity
  8
DIMENSION
  6
CONTINUOUS
100
AcDbLine
 10
-7.35
 20
-7.774193246748473
 30
0.0
 11
-6.65
 21
-7.074193246748473
 31
0.0
1001
JETIS
1000
R02 LOD100
1000
SOURCE
1000

  0
LINE
  5
20900
330
1F
100
AcDbEntity
  8
DIMENSION
  6
CONTINUOUS
100
AcDbLine
 10
-7.35
 20
141.29464181976974
 30
0.0
 11
-6.65
 21
141.99464181976973
 31
0.0
1001
JETIS
1000
R02 LOD100
1000
SOURCE
1000

  0
TEXT
  5
20A00
330
1F
100
AcDbEntity
  8
DIMENSION
100
AcDbText
 10
-8.15
 20
67.11022428651063
 30
0.0
 40
1.3
  1
149.069 · extent Y
 50
90.0
 72
1
 11
-8.15
 21
67.11022428651063
 31
0.0
100
AcDbText
 73
2
  0
DIMENSION
  5
20B00
330
1F
100
AcDbEntity
  8
DIMENSION
100
AcDbDimension
  2
*D2
  3
EZDXF
 10
-7.0
 20
-7.424193246748473
 30
0.0
 11
-7.75
 21
67.11022428651063
 31
0.0
 70
32
 71
5
 41
1.0
 42
149.0688350665182
  1
<>
100
AcDbAlignedDimension
 13
0.0
 23
-7.424193246748473
 33
0.0
 14
0.0
 24
141.64464181976973
 34
0.0
 50
90.0
100
AcDbRotatedDimension
1001
ACAD
1000
DSTYLE
1002
{
1070
140
1040
1.3
1070
41
1040
0.4
1070
42
1040
0.3
1070
44
1040
0.4
1070
271
1070
2
1070
77
1070
1
1070
176
1070
8
1070
177
1070
8
1070
178
1070
8
1002
}
  0
LINE
  5
21A00
330
1F
100
AcDbEntity
  8
SOURCE_SITE
  6
CONTINUOUS
100
AcDbLine
 10
15.0
 20
145.0
 30
0.0
 11
26.0
 21
145.0
 31
0.0
1001
JETIS
1000
R02 LOD100
1000
SOURCE
1000

  0
LWPOLYLINE
  5
21B00
330
1F
100
AcDbEntity
  8
SOURCE_SITE
  6
CONTINUOUS
100
AcDbPolyline
 90
3
 70
1
 10
26.0
 20
145.0
 10
25.078939005997114
 20
145.38941834230866
 10
25.078939005997114
 20
144.61058165769134
1001
JETIS
1000
R02 LOD100
1000
SOURCE
1000

  0
TEXT
  5
21D00
330
1F
100
AcDbEntity
  8
SOURCE_SITE
100
AcDbText
 10
28.0
 20
145.0
 30
0.0
 40
1.85
  1
U
 72
1
 11
28.0
 21
145.0
 31
0.0
100
AcDbText
 73
2
  0
TEXT
  5
21E00
330
1F
100
AcDbEntity
  8
SOURCE_SITE
100
AcDbText
 10
20.0
 20
142.5
 30
0.0
 40
1.25
  1
Utara +X
 72
1
 11
20.0
 21
142.5
 31
0.0
100
AcDbText
 73
2
  0
TEXT
  5
21F00
330
1F
100
AcDbEntity
  8
NOTE
100
AcDbText
 10
93.0
 20
91.0
 30
0.0
 40
1.4
  1
HALAMAN ANTAR-TAHAP
 72
1
 11
93.0
 21
91.0
 31
0.0
100
AcDbText
 73
2
  0
TEXT
  5
22000
330
1F
100
AcDbEntity
  8
ASSUMED_ACCESS
100
AcDbText
 10
133.0
 20
9.0
 30
0.0
 40
1.3
  1
PARKIR VISUAL
 72
1
 11
133.0
 21
9.0
 31
0.0
100
AcDbText
 73
2
  0
TEXT
  5
22100
330
1F
100
AcDbEntity
  8
AUXILIARY
100
AcDbText
 10
47.0
 20
11.0
 30
0.0
 40
1.3
  1
TIMBANGAN 15 × 4
 72
1
 11
47.0
 21
11.0
 31
0.0
100
AcDbText
 73
2
  0
TEXT
  5
22200
330
1F
100
AcDbEntity
  8
AUXILIARY
100
AcDbText
 10
49.0
 20
23.0
 30
0.0
 40
1.2
  1
PENCATATAN 3 × 3 SUMBU
 72
1
 11
49.0
 21
23.0
 31
0.0
100
AcDbText
 73
2
  0
TEXT
  5
22300
330
1F
100
AcDbEntity
  8
ASSUMED_ACCESS
100
AcDbText
 10
110.0
 20
-23.0
 30
0.0
 40
1.35
  1
AKSES KAWASAN · VISUAL
 72
1
 11
110.0
 21
-23.0
 31
0.0
100
AcDbText
 73
2
  0
LINE
  5
22400
330
1F
100
AcDbEntity
  8
GRID
100
AcDbLine
 10
254.0
 20
183.5
 30
0.0
 11
254.0
 21
-35.5
 31
0.0
  0
TEXT
  5
22500
330
1F
100
AcDbEntity
  8
TITLE
100
AcDbText
 10
259.0
 20
178.5
 30
0.0
 40
1.75
  1
FAKTA SUMBER
 11
259.0
 21
178.5
 31
0.0
100
AcDbText
  0
TEXT
  5
22600
330
1F
100
AcDbEntity
  8
TITLE
100
AcDbText
 10
259.0
 20
174.0
 30
0.0
 40
1.4
  1
Tapak: handle 2A2B8
 11
259.0
 21
174.0
 31
0.0
100
AcDbText
  0
TEXT
  5
22700
330
1F
100
AcDbEntity
  8
TITLE
100
AcDbText
 10
259.0
 20
171.0
 30
0.0
 40
1.4
  1
12 titik termasuk penutup berulang
 11
259.0
 21
171.0
 31
0.0
100
AcDbText
  0
TEXT
  5
22800
330
1F
100
AcDbEntity
  8
TITLE
100
AcDbText
 10
259.0
 20
168.0
 30
0.0
 40
1.4
  1
Luas poligon: 19.054,227 m²
 11
259.0
 21
168.0
 31
0.0
100
AcDbText
  0
TEXT
  5
22900
330
1F
100
AcDbEntity
  8
TITLE
100
AcDbText
 10
259.0
 20
165.0
 30
0.0
 40
1.4
  1
Extent: 160,129 × 149,069 m
 11
259.0
 21
165.0
 31
0.0
100
AcDbText
  0
TEXT
  5
22A00
330
1F
100
AcDbEntity
  8
TITLE
100
AcDbText
 10
259.0
 20
162.0
 30
0.0
 40
1.4
  1
Utara mengikuti panah U ke +X
 11
259.0
 21
162.0
 31
0.0
100
AcDbText
  0
TEXT
  5
22B00
330
1F
100
AcDbEntity
  8
TITLE
100
AcDbText
 10
259.0
 20
159.0
 30
0.0
 40
1.4
  1
Tidak ada georeferensi
 11
259.0
 21
159.0
 31
0.0
100
AcDbText
  0
TEXT
  5
22C00
330
1F
100
AcDbEntity
  8
TITLE
100
AcDbText
 10
259.0
 20
151.0
 30
0.0
 40
1.75
  1
BANGUNAN TAHAP 1
 11
259.0
 21
151.0
 31
0.0
100
AcDbText
  0
TEXT
  5
22D00
330
1F
100
AcDbEntity
  8
TITLE
100
AcDbText
 10
259.0
 20
146.5
 30
0.0
 40
1.4
  1
Blok 78 m: 78 × 30 m
 11
259.0
 21
146.5
 31
0.0
100
AcDbText
  0
TEXT
  5
22E00
330
1F
100
AcDbEntity
  8
TITLE
100
AcDbText
 10
259.0
 20
143.5
 30
0.0
 40
1.4
  1
Blok 84 m: 84 × 30 m
 11
259.0
 21
143.5
 31
0.0
100
AcDbText
  0
TEXT
  5
22F00
330
1F
100
AcDbEntity
  8
TITLE
100
AcDbText
 10
259.0
 20
140.5
 30
0.0
 40
1.4
  1
Dua sayap: masing-masing 36 × 30 m
 11
259.0
 21
140.5
 31
0.0
100
AcDbText
  0
TEXT
  5
23000
330
1F
100
AcDbEntity
  8
TITLE
100
AcDbText
 10
259.0
 20
137.5
 30
0.0
 40
1.4
  1
Baris menerus: 114 m dan 120 m
 11
259.0
 21
137.5
 31
0.0
100
AcDbText
  0
TEXT
  5
23100
330
1F
100
AcDbEntity
  8
TITLE
100
AcDbText
 10
259.0
 20
129.5
 30
0.0
 40
1.75
  1
BANGUNAN TAHAP 2
 11
259.0
 21
129.5
 31
0.0
100
AcDbText
  0
TEXT
  5
23200
330
1F
100
AcDbEntity
  8
TITLE
100
AcDbText
 10
259.0
 20
125.0
 30
0.0
 40
1.4
  1
84 m; kedalaman 36 \U+2192 30 m
 11
259.0
 21
125.0
 31
0.0
100
AcDbText
  0
TEXT
  5
23300
330
1F
100
AcDbEntity
  8
TITLE
100
AcDbText
 10
259.0
 20
122.0
 30
0.0
 40
1.4
  1
Poligon trapesium tetap dipertahankan
 11
259.0
 21
122.0
 31
0.0
100
AcDbText
  0
TEXT
  5
23400
330
1F
100
AcDbEntity
  8
TITLE
100
AcDbText
 10
259.0
 20
119.0
 30
0.0
 40
1.4
  1
Atap dikendalikan handle 16817
 11
259.0
 21
119.0
 31
0.0
100
AcDbText
  0
TEXT
  5
23500
330
1F
100
AcDbEntity
  8
TITLE
100
AcDbText
 10
259.0
 20
111.0
 30
0.0
 40
1.75
  1
ASUMSI VISUAL
 11
259.0
 21
111.0
 31
0.0
100
AcDbText
  0
TEXT
  5
23600
330
1F
100
AcDbEntity
  8
TITLE
100
AcDbText
 10
259.0
 20
106.5
 30
0.0
 40
1.4
  1
Warna isi hanya membedakan zona
 11
259.0
 21
106.5
 31
0.0
100
AcDbText
  0
TEXT
  5
23700
330
1F
100
AcDbEntity
  8
TITLE
100
AcDbText
 10
259.0
 20
103.5
 30
0.0
 40
1.4
  1
Jalan, parkir dan pos mengikuti scene
 11
259.0
 21
103.5
 31
0.0
100
AcDbText
  0
TEXT
  5
23800
330
1F
100
AcDbEntity
  8
TITLE
100
AcDbText
 10
259.0
 20
100.5
 30
0.0
 40
1.4
  1
Detail lanskap/perkerasan belum desain
 11
259.0
 21
100.5
 31
0.0
100
AcDbText
  0
TEXT
  5
23900
330
1F
100
AcDbEntity
  8
TITLE
100
AcDbText
 10
259.0
 20
97.5
 30
0.0
 40
1.4
  1
Batas belum verifikasi survei lapangan
 11
259.0
 21
97.5
 31
0.0
100
AcDbText
  0
TEXT
  5
23A00
330
1F
100
AcDbEntity
  8
TITLE
100
AcDbText
 10
-32.0
 20
-21.0
 30
0.0
 40
1.25
  1
0
 11
-32.0
 21
-21.0
 31
0.0
100
AcDbText
  0
TEXT
  5
23B00
330
1F
100
AcDbEntity
  8
TITLE
100
AcDbText
 10
-27.0
 20
-21.0
 30
0.0
 40
1.25
  1
5
 11
-27.0
 21
-21.0
 31
0.0
100
AcDbText
  0
TEXT
  5
23C00
330
1F
100
AcDbEntity
  8
TITLE
100
AcDbText
 10
-22.0
 20
-21.0
 30
0.0
 40
1.25
  1
10
 11
-22.0
 21
-21.0
 31
0.0
100
AcDbText
  0
TEXT
  5
23D00
330
1F
100
AcDbEntity
  8
TITLE
100
AcDbText
 10
-17.0
 20
-21.0
 30
0.0
 40
1.25
  1
15
 11
-17.0
 21
-21.0
 31
0.0
100
AcDbText
  0
TEXT
  5
23E00
330
1F
100
AcDbEntity
  8
TITLE
100
AcDbText
 10
-12.0
 20
-21.0
 30
0.0
 40
1.25
  1
20 m
 11
-12.0
 21
-21.0
 31
0.0
100
AcDbText
  0
TEXT
  5
23F00
330
1F
100
AcDbEntity
  8
TITLE
100
AcDbText
 10
-32.5
 20
-28.5
 30
0.0
 40
1.3
  1
Koordinat lokal meter = koordinat sumber dikurangi (2207,973413; 1532,730263)
 11
-32.5
 21
-28.5
 31
0.0
100
AcDbText
  0
TEXT
  5
24000
330
1F
100
AcDbEntity
  8
TITLE
100
AcDbText
 10
-32.5
 20
-31.5
 30
0.0
 40
1.3
  1
Garis batas dan footprint adalah ekstraksi DWG; pola isi bukan klasifikasi tata guna lahan
 11
-32.5
 21
-31.5
 31
0.0
100
AcDbText
  0
TEXT
  5
24100
330
1F
100
AcDbEntity
  8
TITLE
100
AcDbText
 10
-32.5
 20
-34.5
 30
0.0
 40
1.3
  1
Header DWG INSUNITS=4 (mm), tetapi ukuran/koordinat berskala meter; CAD baru INSUNITS=6 (m)
 11
-32.5
 21
-34.5
 31
0.0
100
AcDbText
  0
LINE
  5
24800
330
1F
100
AcDbEntity
  8
TITLE
100
AcDbLine
 10
601.4115304548031
 20
198.2172610176721
 30
0.0
 11
928.2115304548031
 21
198.2172610176721
 31
0.0
  0
LINE
  5
24900
330
1F
100
AcDbEntity
  8
TITLE
100
AcDbLine
 10
928.2115304548031
 20
198.2172610176721
 30
0.0
 11
928.2115304548031
 21
-29.78273898232792
 31
0.0
  0
LINE
  5
24A00
330
1F
100
AcDbEntity
  8
TITLE
100
AcDbLine
 10
928.2115304548031
 20
-29.78273898232792
 30
0.0
 11
601.4115304548031
 21
-29.78273898232792
 31
0.0
  0
LINE
  5
24B00
330
1F
100
AcDbEntity
  8
TITLE
100
AcDbLine
 10
601.4115304548031
 20
-29.78273898232792
 30
0.0
 11
601.4115304548031
 21
198.2172610176721
 31
0.0
  0
LINE
  5
24C00
330
1F
100
AcDbEntity
  8
TITLE
100
AcDbLine
 10
601.4115304548031
 20
177.41726101767208
 30
0.0
 11
928.2115304548031
 21
177.41726101767208
 31
0.0
  0
LINE
  5
24D00
330
1F
100
AcDbEntity
  8
TITLE
100
AcDbLine
 10
601.4115304548031
 20
-12.582738982327918
 30
0.0
 11
928.2115304548031
 21
-12.582738982327918
 31
0.0
  0
LINE
  5
24E00
330
1F
100
AcDbEntity
  8
TITLE
100
AcDbLine
 10
601.4115304548031
 20
-24.582738982327918
 30
0.0
 11
928.2115304548031
 21
-24.582738982327918
 31
0.0
  0
TEXT
  5
24F00
330
1F
100
AcDbEntity
  8
TITLE
100
AcDbText
 10
606.6115304548032
 20
190.6172610176721
 30
0.0
 40
3.6
  1
JETIS
 11
606.6115304548032
 21
190.6172610176721
 31
0.0
100
AcDbText
  0
TEXT
  5
25000
330
1F
100
AcDbEntity
  8
TITLE
100
AcDbText
 10
606.6115304548032
 20
185.81726101767208
 30
0.0
 40
1.44
  1
PENGOLAHAN HASIL LAUT
 11
606.6115304548032
 21
185.81726101767208
 31
0.0
100
AcDbText
  0
TEXT
  5
25100
330
1F
100
AcDbEntity
  8
TITLE
100
AcDbText
 10
685.4115304548031
 20
190.2172610176721
 30
0.0
 40
2.52
  1
DENAH LANTAI UTAMA
 11
685.4115304548031
 21
190.2172610176721
 31
0.0
100
AcDbText
  0
TEXT
  5
25200
330
1F
100
AcDbEntity
  8
TITLE
100
AcDbText
 10
685.4115304548031
 20
185.41726101767208
 30
0.0
 40
1.24
  1
Selubung, bukaan sumber, modul tangga dan akses teras
 11
685.4115304548031
 21
185.41726101767208
 31
0.0
100
AcDbText
  0
TEXT
  5
25300
330
1F
100
AcDbEntity
  8
TITLE
100
AcDbText
 10
890.6115304548032
 20
191.81726101767208
 30
0.0
 40
2.4
  1
A102
 11
890.6115304548032
 21
191.81726101767208
 31
0.0
100
AcDbText
  0
TEXT
  5
25400
330
1F
100
AcDbEntity
  8
TITLE
100
AcDbText
 10
890.6115304548032
 20
186.6172610176721
 30
0.0
 40
1.28
  1
R02 / LOD100
 11
890.6115304548032
 21
186.6172610176721
 31
0.0
100
AcDbText
  0
TEXT
  5
25500
330
1F
100
AcDbEntity
  8
TITLE
100
AcDbText
 10
606.6115304548032
 20
-17.78273898232792
 30
0.0
 40
0.9199999999999999
  1
SUMBER PENGENDALI
 11
606.6115304548032
 21
-17.78273898232792
 31
0.0
100
AcDbText
  0
TEXT
  5
25600
330
1F
100
AcDbEntity
  8
TITLE
100
AcDbText
 10
606.6115304548032
 20
-20.982738982327916
 30
0.0
 40
1.08
  1
LAYOUT PLAN ALT.2 · 165A2 · 30 SEPTEMBER 2026
 11
606.6115304548032
 21
-20.982738982327916
 31
0.0
100
AcDbText
  0
TEXT
  5
25700
330
1F
100
AcDbEntity
  8
TITLE
100
AcDbText
 10
734.6115304548032
 20
-17.78273898232792
 30
0.0
 40
0.9199999999999999
  1
SATUAN / SKALA CETAK
 11
734.6115304548032
 21
-17.78273898232792
 31
0.0
100
AcDbText
  0
TEXT
  5
25800
330
1F
100
AcDbEntity
  8
TITLE
100
AcDbText
 10
734.6115304548032
 20
-20.982738982327916
 30
0.0
 40
1.08
  1
meter / 1:400 pada A1; perbesaran layar mengubah skala
 11
734.6115304548032
 21
-20.982738982327916
 31
0.0
100
AcDbText
  0
TEXT
  5
25900
330
1F
100
AcDbEntity
  8
TITLE
100
AcDbText
 10
852.6115304548032
 20
-17.78273898232792
 30
0.0
 40
0.9199999999999999
  1
STATUS
 11
852.6115304548032
 21
-17.78273898232792
 31
0.0
100
AcDbText
  0
TEXT
  5
25A00
330
1F
100
AcDbEntity
  8
TITLE
100
AcDbText
 10
852.6115304548032
 20
-20.982738982327916
 30
0.0
 40
1.08
  1
STUDI SUMBER + ASUMSI TERBUKA
 11
852.6115304548032
 21
-20.982738982327916
 31
0.0
100
AcDbText
  0
TEXT
  5
25B00
330
1F
100
AcDbEntity
  8
TITLE
100
AcDbText
 10
606.6115304548032
 20
-28.18273898232792
 30
0.0
 40
1.08
  1
BUKAN DOKUMEN KONSTRUKSI · Tidak georeferensi · Dimensi angka mengendalikan, jangan ukur layar
 11
606.6115304548032
 21
-28.18273898232792
 31
0.0
100
AcDbText
  0
TEXT
  5
25C00
330
1F
100
AcDbEntity
  8
TITLE
100
AcDbText
 10
866.6115304548032
 20
-28.18273898232792
 30
0.0
 40
1.0
  1
DWG sumber tetap tidak diedit
 11
866.6115304548032
 21
-28.18273898232792
 31
0.0
100
AcDbText
  0
LWPOLYLINE
  5
25D00
330
1F
100
AcDbEntity
  8
SOURCE_FOOTPRINT
  6
CONTINUOUS
100
AcDbPolyline
 90
4
 70
1
 10
629.4115304548031
 20
83.81726101767208
 10
665.4115304548031
 20
83.81726101767208
 10
665.4115304548031
 20
53.81726101767208
 10
629.4115304548031
 20
53.81726101767208
1001
JETIS
1000
R02 LOD100
1000
SOURCE
1000
2A2E5
  0
TEXT
  5
25F00
330
1F
100
AcDbEntity
  8
TITLE
100
AcDbText
 10
647.4115304548031
 20
70.41726101767208
 30
0.0
 40
1.48
  1
SAYAP 1
 72
1
 11
647.4115304548031
 21
70.41726101767208
 31
0.0
100
AcDbText
 73
2
  0
TEXT
  5
26000
330
1F
100
AcDbEntity
  8
NOTE
100
AcDbText
 10
647.4115304548031
 20
68.31726101767208
 30
0.0
 40
1.1199999999999999
  1
36 × 30 m
 72
1
 11
647.4115304548031
 21
68.31726101767208
 31
0.0
100
AcDbText
 73
2
  0
TEXT
  5
26100
330
1F
100
AcDbEntity
  8
NOTE
100
AcDbText
 10
647.4115304548031
 20
66.21726101767209
 30
0.0
 40
1.0
  1
2A2E5
 72
1
 11
647.4115304548031
 21
66.21726101767209
 31
0.0
100
AcDbText
 73
2
  0
LWPOLYLINE
  5
26200
330
1F
100
AcDbEntity
  8
SOURCE_FOOTPRINT
  6
CONTINUOUS
100
AcDbPolyline
 90
4
 70
1
 10
665.4115304548031
 20
83.81726101767208
 10
743.4115304548031
 20
83.81726101767208
 10
743.4115304548031
 20
53.81726107906297
 10
665.4115304548031
 20
53.81726107906297
1001
JETIS
1000
R02 LOD100
1000
SOURCE
1000
2A310
  0
TEXT
  5
26400
330
1F
100
AcDbEntity
  8
TITLE
100
AcDbText
 10
704.4115304548031
 20
70.41726104836752
 30
0.0
 40
1.48
  1
BLOK 78
 72
1
 11
704.4115304548031
 21
70.41726104836752
 31
0.0
100
AcDbText
 73
2
  0
TEXT
  5
26500
330
1F
100
AcDbEntity
  8
NOTE
100
AcDbText
 10
704.4115304548031
 20
68.31726104836753
 30
0.0
 40
1.1199999999999999
  1
78 × 30 m
 72
1
 11
704.4115304548031
 21
68.31726104836753
 31
0.0
100
AcDbText
 73
2
  0
TEXT
  5
26600
330
1F
100
AcDbEntity
  8
NOTE
100
AcDbText
 10
704.4115304548031
 20
66.21726104836753
 30
0.0
 40
1.0
  1
2A310
 72
1
 11
704.4115304548031
 21
66.21726104836753
 31
0.0
100
AcDbText
 73
2
  0
LWPOLYLINE
  5
26700
330
1F
100
AcDbEntity
  8
SOURCE_FOOTPRINT
  6
CONTINUOUS
100
AcDbPolyline
 90
4
 70
1
 10
629.4115304548031
 20
53.81726101767208
 10
665.4115304548031
 20
53.81726101767208
 10
665.4115304548031
 20
23.81726101767208
 10
629.4115304548031
 20
23.81726101767208
1001
JETIS
1000
R02 LOD100
1000
SOURCE
1000
2A2E9
  0
TEXT
  5
26900
330
1F
100
AcDbEntity
  8
TITLE
100
AcDbText
 10
647.4115304548031
 20
40.41726101767208
 30
0.0
 40
1.48
  1
SAYAP 2
 72
1
 11
647.4115304548031
 21
40.41726101767208
 31
0.0
100
AcDbText
 73
2
  0
TEXT
  5
26A00
330
1F
100
AcDbEntity
  8
NOTE
100
AcDbText
 10
647.4115304548031
 20
38.31726101767208
 30
0.0
 40
1.1199999999999999
  1
36 × 30 m
 72
1
 11
647.4115304548031
 21
38.31726101767208
 31
0.0
100
AcDbText
 73
2
  0
TEXT
  5
26B00
330
1F
100
AcDbEntity
  8
NOTE
100
AcDbText
 10
647.4115304548031
 20
36.21726101767208
 30
0.0
 40
1.0
  1
2A2E9
 72
1
 11
647.4115304548031
 21
36.21726101767208
 31
0.0
100
AcDbText
 73
2
  0
LWPOLYLINE
  5
26C00
330
1F
100
AcDbEntity
  8
SOURCE_FOOTPRINT
  6
CONTINUOUS
100
AcDbPolyline
 90
4
 70
1
 10
665.411530454805
 20
53.8172611772884
 10
749.4115304548031
 20
53.8172611772884
 10
749.4115304548031
 20
23.81726101767208
 10
665.411530454805
 20
23.81726101767208
1001
JETIS
1000
R02 LOD100
1000
SOURCE
1000
2A313
  0
TEXT
  5
26E00
330
1F
100
AcDbEntity
  8
TITLE
100
AcDbText
 10
707.411530454804
 20
40.41726109748024
 30
0.0
 40
1.48
  1
BLOK 84
 72
1
 11
707.411530454804
 21
40.41726109748024
 31
0.0
100
AcDbText
 73
2
  0
TEXT
  5
26F00
330
1F
100
AcDbEntity
  8
NOTE
100
AcDbText
 10
707.411530454804
 20
38.31726109748024
 30
0.0
 40
1.1199999999999999
  1
84 × 30 m
 72
1
 11
707.411530454804
 21
38.31726109748024
 31
0.0
100
AcDbText
 73
2
  0
TEXT
  5
27000
330
1F
100
AcDbEntity
  8
NOTE
100
AcDbText
 10
707.411530454804
 20
36.21726109748024
 30
0.0
 40
1.0
  1
2A313
 72
1
 11
707.411530454804
 21
36.21726109748024
 31
0.0
100
AcDbText
 73
2
  0
LWPOLYLINE
  5
27100
330
1F
100
AcDbEntity
  8
SOURCE_FOOTPRINT
  6
CONTINUOUS
100
AcDbPolyline
 90
4
 70
1
 10
653.4115304465231
 20
139.81726101792128
 10
653.4115304465213
 20
103.81726101792128
 10
737.4115304465213
 20
103.81726101792128
 10
737.4115304465213
 20
133.81726101792128
1001
JETIS
1000
R02 LOD100
1000
SOURCE
1000
2A2D5
  0
TEXT
  5
27300
330
1F
100
AcDbEntity
  8
TITLE
100
AcDbText
 10
695.4115304465217
 20
121.91726101792128
 30
0.0
 40
1.48
  1
TAHAP 2
 72
1
 11
695.4115304465217
 21
121.91726101792128
 31
0.0
100
AcDbText
 73
2
  0
TEXT
  5
27400
330
1F
100
AcDbEntity
  8
NOTE
100
AcDbText
 10
695.4115304465217
 20
119.81726101792128
 30
0.0
 40
1.1199999999999999
  1
84 × 36 \U+2192 30 m
 72
1
 11
695.4115304465217
 21
119.81726101792128
 31
0.0
100
AcDbText
 73
2
  0
TEXT
  5
27500
330
1F
100
AcDbEntity
  8
NOTE
100
AcDbText
 10
695.4115304465217
 20
117.71726101792129
 30
0.0
 40
1.0
  1
2A2D5
 72
1
 11
695.4115304465217
 21
117.71726101792129
 31
0.0
100
AcDbText
 73
2
  0
LWPOLYLINE
  5
27600
330
1F
100
AcDbEntity
  8
ASSUMED_ACCESS
  6
DASHED
100
AcDbPolyline
 90
4
 70
1
 10
732.6615304550505
 20
82.01726101767208
 10
736.1615304550505
 20
82.01726101767208
 10
736.1615304550505
 20
83.81726101767208
 10
732.6615304550505
 20
83.81726101767208
1001
JETIS
1000
R02 LOD100
1000
APPROVED ASSUMPTION
1000

  0
LWPOLYLINE
  5
27700
330
1F
100
AcDbEntity
  8
ASSUMED_ACCESS
  6
DASHED
100
AcDbPolyline
 90
4
 70
1
 10
732.6615304550505
 20
83.81726101767208
 10
736.1615304550505
 20
83.81726101767208
 10
736.1615304550505
 20
85.61726101767208
 10
732.6615304550505
 20
85.61726101767208
1001
JETIS
1000
R02 LOD100
1000
APPROVED ASSUMPTION
1000

  0
LWPOLYLINE
  5
27800
330
1F
100
AcDbEntity
  8
ASSUMED_ACCESS
  6
DASHED
100
AcDbPolyline
 90
4
 70
1
 10
720.6615304550505
 20
82.01726101767208
 10
724.1615304550505
 20
82.01726101767208
 10
724.1615304550505
 20
83.81726101767208
 10
720.6615304550505
 20
83.81726101767208
1001
JETIS
1000
R02 LOD100
1000
APPROVED ASSUMPTION
1000

  0
LWPOLYLINE
  5
27900
330
1F
100
AcDbEntity
  8
ASSUMED_ACCESS
  6
DASHED
100
AcDbPolyline
 90
4
 70
1
 10
720.6615304550505
 20
83.81726101767208
 10
724.1615304550505
 20
83.81726101767208
 10
724.1615304550505
 20
85.61726101767208
 10
720.6615304550505
 20
85.61726101767208
1001
JETIS
1000
R02 LOD100
1000
APPROVED ASSUMPTION
1000

  0
LWPOLYLINE
  5
27A00
330
1F
100
AcDbEntity
  8
ASSUMED_ACCESS
  6
DASHED
100
AcDbPolyline
 90
4
 70
1
 10
708.6615304550505
 20
82.01726101767208
 10
712.1615304550505
 20
82.01726101767208
 10
712.1615304550505
 20
83.81726101767208
 10
708.6615304550505
 20
83.81726101767208
1001
JETIS
1000
R02 LOD100
1000
APPROVED ASSUMPTION
1000

  0
LWPOLYLINE
  5
27B00
330
1F
100
AcDbEntity
  8
ASSUMED_ACCESS
  6
DASHED
100
AcDbPolyline
 90
4
 70
1
 10
708.6615304550505
 20
83.81726101767208
 10
712.1615304550505
 20
83.81726101767208
 10
712.1615304550505
 20
85.61726101767208
 10
708.6615304550505
 20
85.61726101767208
1001
JETIS
1000
R02 LOD100
1000
APPROVED ASSUMPTION
1000

  0
LWPOLYLINE
  5
27C00
330
1F
100
AcDbEntity
  8
ASSUMED_ACCESS
  6
DASHED
100
AcDbPolyline
 90
4
 70
1
 10
696.6615304550505
 20
82.01726101767208
 10
700.1615304550505
 20
82.01726101767208
 10
700.1615304550505
 20
83.81726101767208
 10
696.6615304550505
 20
83.81726101767208
1001
JETIS
1000
R02 LOD100
1000
APPROVED ASSUMPTION
1000

  0
LWPOLYLINE
  5
27D00
330
1F
100
AcDbEntity
  8
ASSUMED_ACCESS
  6
DASHED
100
AcDbPolyline
 90
4
 70
1
 10
696.6615304550505
 20
83.81726101767208
 10
700.1615304550505
 20
83.81726101767208
 10
700.1615304550505
 20
85.61726101767208
 10
696.6615304550505
 20
85.61726101767208
1001
JETIS
1000
R02 LOD100
1000
APPROVED ASSUMPTION
1000

  0
LWPOLYLINE
  5
27E00
330
1F
100
AcDbEntity
  8
ASSUMED_ACCESS
  6
DASHED
100
AcDbPolyline
 90
4
 70
1
 10
684.6615304550505
 20
82.01726101767208
 10
688.1615304550505
 20
82.01726101767208
 10
688.1615304550505
 20
83.81726101767208
 10
684.6615304550505
 20
83.81726101767208
1001
JETIS
1000
R02 LOD100
1000
APPROVED ASSUMPTION
1000

  0
LWPOLYLINE
  5
27F00
330
1F
100
AcDbEntity
  8
ASSUMED_ACCESS
  6
DASHED
100
AcDbPolyline
 90
4
 70
1
 10
684.6615304550505
 20
83.81726101767208
 10
688.1615304550505
 20
83.81726101767208
 10
688.1615304550505
 20
85.61726101767208
 10
684.6615304550505
 20
85.61726101767208
1001
JETIS
1000
R02 LOD100
1000
APPROVED ASSUMPTION
1000

  0
LWPOLYLINE
  5
28000
330
1F
100
AcDbEntity
  8
ASSUMED_ACCESS
  6
DASHED
100
AcDbPolyline
 90
4
 70
1
 10
672.6615304550542
 20
82.01726101767208
 10
676.1615304550542
 20
82.01726101767208
 10
676.1615304550542
 20
83.81726101767208
 10
672.6615304550542
 20
83.81726101767208
1001
JETIS
1000
R02 LOD100
1000
APPROVED ASSUMPTION
1000

  0
LWPOLYLINE
  5
28100
330
1F
100
AcDbEntity
  8
ASSUMED_ACCESS
  6
DASHED
100
AcDbPolyline
 90
4
 70
1
 10
672.6615304550542
 20
83.81726101767208
 10
676.1615304550542
 20
83.81726101767208
 10
676.1615304550542
 20
85.61726101767208
 10
672.6615304550542
 20
85.61726101767208
1001
JETIS
1000
R02 LOD100
1000
APPROVED ASSUMPTION
1000

  0
LWPOLYLINE
  5
28200
330
1F
100
AcDbEntity
  8
ASSUMED_ACCESS
  6
DASHED
100
AcDbPolyline
 90
4
 70
1
 10
666.6615304545544
 20
22.01726101767208
 10
670.1615304545544
 20
22.01726101767208
 10
670.1615304545544
 20
23.81726101767208
 10
666.6615304545544
 20
23.81726101767208
1001
JETIS
1000
R02 LOD100
1000
APPROVED ASSUMPTION
1000

  0
LWPOLYLINE
  5
28300
330
1F
100
AcDbEntity
  8
ASSUMED_ACCESS
  6
DASHED
100
AcDbPolyline
 90
4
 70
1
 10
666.6615304545544
 20
23.81726101767208
 10
670.1615304545544
 20
23.81726101767208
 10
670.1615304545544
 20
25.61726101767208
 10
666.6615304545544
 20
25.61726101767208
1001
JETIS
1000
R02 LOD100
1000
APPROVED ASSUMPTION
1000

  0
LWPOLYLINE
  5
28400
330
1F
100
AcDbEntity
  8
ASSUMED_ACCESS
  6
DASHED
100
AcDbPolyline
 90
4
 70
1
 10
672.6615304545544
 20
22.01726101767208
 10
676.1615304545544
 20
22.01726101767208
 10
676.1615304545544
 20
23.81726101767208
 10
672.6615304545544
 20
23.81726101767208
1001
JETIS
1000
R02 LOD100
1000
APPROVED ASSUMPTION
1000

  0
LWPOLYLINE
  5
28500
330
1F
100
AcDbEntity
  8
ASSUMED_ACCESS
  6
DASHED
100
AcDbPolyline
 90
4
 70
1
 10
672.6615304545544
 20
23.81726101767208
 10
676.1615304545544
 20
23.81726101767208
 10
676.1615304545544
 20
25.61726101767208
 10
672.6615304545544
 20
25.61726101767208
1001
JETIS
1000
R02 LOD100
1000
APPROVED ASSUMPTION
1000

  0
LWPOLYLINE
  5
28600
330
1F
100
AcDbEntity
  8
ASSUMED_ACCESS
  6
DASHED
100
AcDbPolyline
 90
4
 70
1
 10
678.6615304545544
 20
22.01726101767208
 10
682.1615304545544
 20
22.01726101767208
 10
682.1615304545544
 20
23.81726101767208
 10
678.6615304545544
 20
23.81726101767208
1001
JETIS
1000
R02 LOD100
1000
APPROVED ASSUMPTION
1000

  0
LWPOLYLINE
  5
28700
330
1F
100
AcDbEntity
  8
ASSUMED_ACCESS
  6
DASHED
100
AcDbPolyline
 90
4
 70
1
 10
678.6615304545544
 20
23.81726101767208
 10
682.1615304545544
 20
23.81726101767208
 10
682.1615304545544
 20
25.61726101767208
 10
678.6615304545544
 20
25.61726101767208
1001
JETIS
1000
R02 LOD100
1000
APPROVED ASSUMPTION
1000

  0
LWPOLYLINE
  5
28800
330
1F
100
AcDbEntity
  8
ASSUMED_ACCESS
  6
DASHED
100
AcDbPolyline
 90
4
 70
1
 10
684.6615304545544
 20
22.01726101767208
 10
688.1615304545544
 20
22.01726101767208
 10
688.1615304545544
 20
23.81726101767208
 10
684.6615304545544
 20
23.81726101767208
1001
JETIS
1000
R02 LOD100
1000
APPROVED ASSUMPTION
1000

  0
LWPOLYLINE
  5
28900
330
1F
100
AcDbEntity
  8
ASSUMED_ACCESS
  6
DASHED
100
AcDbPolyline
 90
4
 70
1
 10
684.6615304545544
 20
23.81726101767208
 10
688.1615304545544
 20
23.81726101767208
 10
688.1615304545544
 20
25.61726101767208
 10
684.6615304545544
 20
25.61726101767208
1001
JETIS
1000
R02 LOD100
1000
APPROVED ASSUMPTION
1000

  0
LWPOLYLINE
  5
28A00
330
1F
100
AcDbEntity
  8
ASSUMED_ACCESS
  6
DASHED
100
AcDbPolyline
 90
4
 70
1
 10
690.6615304545544
 20
22.01726101767208
 10
694.1615304545544
 20
22.01726101767208
 10
694.1615304545544
 20
23.81726101767208
 10
690.6615304545544
 20
23.81726101767208
1001
JETIS
1000
R02 LOD100
1000
APPROVED ASSUMPTION
1000

  0
LWPOLYLINE
  5
28B00
330
1F
100
AcDbEntity
  8
ASSUMED_ACCESS
  6
DASHED
100
AcDbPolyline
 90
4
 70
1
 10
690.6615304545544
 20
23.81726101767208
 10
694.1615304545544
 20
23.81726101767208
 10
694.1615304545544
 20
25.61726101767208
 10
690.6615304545544
 20
25.61726101767208
1001
JETIS
1000
R02 LOD100
1000
APPROVED ASSUMPTION
1000

  0
LWPOLYLINE
  5
28C00
330
1F
100
AcDbEntity
  8
ASSUMED_ACCESS
  6
DASHED
100
AcDbPolyline
 90
4
 70
1
 10
696.6615304545544
 20
22.01726101767208
 10
700.1615304545544
 20
22.01726101767208
 10
700.1615304545544
 20
23.81726101767208
 10
696.6615304545544
 20
23.81726101767208
1001
JETIS
1000
R02 LOD100
1000
APPROVED ASSUMPTION
1000

  0
LWPOLYLINE
  5
28D00
330
1F
100
AcDbEntity
  8
ASSUMED_ACCESS
  6
DASHED
100
AcDbPolyline
 90
4
 70
1
 10
696.6615304545544
 20
23.81726101767208
 10
700.1615304545544
 20
23.81726101767208
 10
700.1615304545544
 20
25.61726101767208
 10
696.6615304545544
 20
25.61726101767208
1001
JETIS
1000
R02 LOD100
1000
APPROVED ASSUMPTION
1000

  0
LWPOLYLINE
  5
28E00
330
1F
100
AcDbEntity
  8
ASSUMED_ACCESS
  6
DASHED
100
AcDbPolyline
 90
4
 70
1
 10
720.6615304545544
 20
22.01726101767208
 10
724.1615304545544
 20
22.01726101767208
 10
724.1615304545544
 20
23.81726101767208
 10
720.6615304545544
 20
23.81726101767208
1001
JETIS
1000
R02 LOD100
1000
APPROVED ASSUMPTION
1000

  0
LWPOLYLINE
  5
28F00
330
1F
100
AcDbEntity
  8
ASSUMED_ACCESS
  6
DASHED
100
AcDbPolyline
 90
4
 70
1
 10
720.6615304545544
 20
23.81726101767208
 10
724.1615304545544
 20
23.81726101767208
 10
724.1615304545544
 20
25.61726101767208
 10
720.6615304545544
 20
25.61726101767208
1001
JETIS
1000
R02 LOD100
1000
APPROVED ASSUMPTION
1000

  0
LWPOLYLINE
  5
29000
330
1F
100
AcDbEntity
  8
ASSUMED_ACCESS
  6
DASHED
100
AcDbPolyline
 90
4
 70
1
 10
726.6615304545544
 20
22.01726101767208
 10
730.1615304545544
 20
22.01726101767208
 10
730.1615304545544
 20
23.81726101767208
 10
726.6615304545544
 20
23.81726101767208
1001
JETIS
1000
R02 LOD100
1000
APPROVED ASSUMPTION
1000

  0
LWPOLYLINE
  5
29100
330
1F
100
AcDbEntity
  8
ASSUMED_ACCESS
  6
DASHED
100
AcDbPolyline
 90
4
 70
1
 10
726.6615304545544
 20
23.81726101767208
 10
730.1615304545544
 20
23.81726101767208
 10
730.1615304545544
 20
25.61726101767208
 10
726.6615304545544
 20
25.61726101767208
1001
JETIS
1000
R02 LOD100
1000
APPROVED ASSUMPTION
1000

  0
LWPOLYLINE
  5
29200
330
1F
100
AcDbEntity
  8
ASSUMED_ACCESS
  6
DASHED
100
AcDbPolyline
 90
4
 70
1
 10
732.6615304545544
 20
22.01726101767208
 10
736.1615304545544
 20
22.01726101767208
 10
736.1615304545544
 20
23.81726101767208
 10
732.6615304545544
 20
23.81726101767208
1001
JETIS
1000
R02 LOD100
1000
APPROVED ASSUMPTION
1000

  0
LWPOLYLINE
  5
29300
330
1F
100
AcDbEntity
  8
ASSUMED_ACCESS
  6
DASHED
100
AcDbPolyline
 90
4
 70
1
 10
732.6615304545544
 20
23.81726101767208
 10
736.1615304545544
 20
23.81726101767208
 10
736.1615304545544
 20
25.61726101767208
 10
732.6615304545544
 20
25.61726101767208
1001
JETIS
1000
R02 LOD100
1000
APPROVED ASSUMPTION
1000

  0
LWPOLYLINE
  5
29400
330
1F
100
AcDbEntity
  8
ASSUMED_ACCESS
  6
DASHED
100
AcDbPolyline
 90
4
 70
1
 10
738.6615304545544
 20
22.01726101767208
 10
742.1615304545544
 20
22.01726101767208
 10
742.1615304545544
 20
23.81726101767208
 10
738.6615304545544
 20
23.81726101767208
1001
JETIS
1000
R02 LOD100
1000
APPROVED ASSUMPTION
1000

  0
LWPOLYLINE
  5
29500
330
1F
100
AcDbEntity
  8
ASSUMED_ACCESS
  6
DASHED
100
AcDbPolyline
 90
4
 70
1
 10
738.6615304545544
 20
23.81726101767208
 10
742.1615304545544
 20
23.81726101767208
 10
742.1615304545544
 20
25.61726101767208
 10
738.6615304545544
 20
25.61726101767208
1001
JETIS
1000
R02 LOD100
1000
APPROVED ASSUMPTION
1000

  0
LWPOLYLINE
  5
29600
330
1F
100
AcDbEntity
  8
ASSUMED_ACCESS
  6
DASHED
100
AcDbPolyline
 90
4
 70
1
 10
627.6115304548032
 20
73.06726051175337
 10
629.4115304548031
 20
73.06726051175337
 10
629.4115304548031
 20
76.56726051175337
 10
627.6115304548032
 20
76.56726051175337
1001
JETIS
1000
R02 LOD100
1000
APPROVED ASSUMPTION
1000

  0
LWPOLYLINE
  5
29700
330
1F
100
AcDbEntity
  8
ASSUMED_ACCESS
  6
DASHED
100
AcDbPolyline
 90
4
 70
1
 10
629.4115304548031
 20
73.06726051175337
 10
631.2115304548031
 20
73.06726051175337
 10
631.2115304548031
 20
76.56726051175337
 10
629.4115304548031
 20
76.56726051175337
1001
JETIS
1000
R02 LOD100
1000
APPROVED ASSUMPTION
1000

  0
LWPOLYLINE
  5
29800
330
1F
100
AcDbEntity
  8
ASSUMED_ACCESS
  6
DASHED
100
AcDbPolyline
 90
4
 70
1
 10
627.6115304548032
 20
61.067260511753375
 10
629.4115304548031
 20
61.067260511753375
 10
629.4115304548031
 20
64.56726051175337
 10
627.6115304548032
 20
64.56726051175337
1001
JETIS
1000
R02 LOD100
1000
APPROVED ASSUMPTION
1000

  0
LWPOLYLINE
  5
29900
330
1F
100
AcDbEntity
  8
ASSUMED_ACCESS
  6
DASHED
100
AcDbPolyline
 90
4
 70
1
 10
629.4115304548031
 20
61.067260511753375
 10
631.2115304548031
 20
61.067260511753375
 10
631.2115304548031
 20
64.56726051175337
 10
629.4115304548031
 20
64.56726051175337
1001
JETIS
1000
R02 LOD100
1000
APPROVED ASSUMPTION
1000

  0
LWPOLYLINE
  5
29A00
330
1F
100
AcDbEntity
  8
ASSUMED_ACCESS
  6
DASHED
100
AcDbPolyline
 90
4
 70
1
 10
627.6115304548032
 20
49.0672605117461
 10
629.4115304548031
 20
49.0672605117461
 10
629.4115304548031
 20
52.5672605117461
 10
627.6115304548032
 20
52.5672605117461
1001
JETIS
1000
R02 LOD100
1000
APPROVED ASSUMPTION
1000

  0
LWPOLYLINE
  5
29B00
330
1F
100
AcDbEntity
  8
ASSUMED_ACCESS
  6
DASHED
100
AcDbPolyline
 90
4
 70
1
 10
629.4115304548031
 20
49.0672605117461
 10
631.2115304548031
 20
49.0672605117461
 10
631.2115304548031
 20
52.5672605117461
 10
629.4115304548031
 20
52.5672605117461
1001
JETIS
1000
R02 LOD100
1000
APPROVED ASSUMPTION
1000

  0
LWPOLYLINE
  5
29C00
330
1F
100
AcDbEntity
  8
ASSUMED_ACCESS
  6
DASHED
100
AcDbPolyline
 90
4
 70
1
 10
627.6115304548032
 20
37.0672605117461
 10
629.4115304548031
 20
37.0672605117461
 10
629.4115304548031
 20
40.5672605117461
 10
627.6115304548032
 20
40.5672605117461
1001
JETIS
1000
R02 LOD100
1000
APPROVED ASSUMPTION
1000

  0
LWPOLYLINE
  5
29D00
330
1F
100
AcDbEntity
  8
ASSUMED_ACCESS
  6
DASHED
100
AcDbPolyline
 90
4
 70
1
 10
629.4115304548031
 20
37.0672605117461
 10
631.2115304548031
 20
37.0672605117461
 10
631.2115304548031
 20
40.5672605117461
 10
629.4115304548031
 20
40.5672605117461
1001
JETIS
1000
R02 LOD100
1000
APPROVED ASSUMPTION
1000

  0
LWPOLYLINE
  5
29E00
330
1F
100
AcDbEntity
  8
ASSUMED_ACCESS
  6
DASHED
100
AcDbPolyline
 90
4
 70
1
 10
627.6115304548032
 20
24.017260511762288
 10
629.4115304548031
 20
24.017260511762288
 10
629.4115304548031
 20
26.317260511762015
 10
627.6115304548032
 20
26.317260511762015
1001
JETIS
1000
R02 LOD100
1000
APPROVED ASSUMPTION
1000

  0
LWPOLYLINE
  5
29F00
330
1F
100
AcDbEntity
  8
ASSUMED_ACCESS
  6
DASHED
100
AcDbPolyline
 90
4
 70
1
 10
629.4115304548031
 20
24.017260511762288
 10
631.2115304548031
 20
24.017260511762288
 10
631.2115304548031
 20
26.317260511762015
 10
629.4115304548031
 20
26.317260511762015
1001
JETIS
1000
R02 LOD100
1000
APPROVED ASSUMPTION
1000

  0
LWPOLYLINE
  5
2A000
330
1F
100
AcDbEntity
  8
ASSUMED_ACCESS
  6
DASHED
100
AcDbPolyline
 90
4
 70
1
 10
654.6615304465213
 20
102.01726101792129
 10
658.1615304465213
 20
102.01726101792129
 10
658.1615304465213
 20
103.81726101792128
 10
654.6615304465213
 20
103.81726101792128
1001
JETIS
1000
R02 LOD100
1000
APPROVED ASSUMPTION
1000

  0
LWPOLYLINE
  5
2A100
330
1F
100
AcDbEntity
  8
ASSUMED_ACCESS
  6
DASHED
100
AcDbPolyline
 90
4
 70
1
 10
654.6615304465213
 20
103.81726101792128
 10
658.1615304465213
 20
103.81726101792128
 10
658.1615304465213
 20
105.61726101792128
 10
654.6615304465213
 20
105.61726101792128
1001
JETIS
1000
R02 LOD100
1000
APPROVED ASSUMPTION
1000

  0
LWPOLYLINE
  5
2A200
330
1F
100
AcDbEntity
  8
ASSUMED_ACCESS
  6
DASHED
100
AcDbPolyline
 90
4
 70
1
 10
666.6615304465213
 20
102.01726101792129
 10
670.1615304465213
 20
102.01726101792129
 10
670.1615304465213
 20
103.81726101792128
 10
666.6615304465213
 20
103.81726101792128
1001
JETIS
1000
R02 LOD100
1000
APPROVED ASSUMPTION
1000

  0
LWPOLYLINE
  5
2A300
330
1F
100
AcDbEntity
  8
ASSUMED_ACCESS
  6
DASHED
100
AcDbPolyline
 90
4
 70
1
 10
666.6615304465213
 20
103.81726101792128
 10
670.1615304465213
 20
103.81726101792128
 10
670.1615304465213
 20
105.61726101792128
 10
666.6615304465213
 20
105.61726101792128
1001
JETIS
1000
R02 LOD100
1000
APPROVED ASSUMPTION
1000

  0
LWPOLYLINE
  5
2A400
330
1F
100
AcDbEntity
  8
ASSUMED_ACCESS
  6
DASHED
100
AcDbPolyline
 90
4
 70
1
 10
678.6615304465213
 20
102.01726101792129
 10
682.1615304465213
 20
102.01726101792129
 10
682.1615304465213
 20
103.81726101792128
 10
678.6615304465213
 20
103.81726101792128
1001
JETIS
1000
R02 LOD100
1000
APPROVED ASSUMPTION
1000

  0
LWPOLYLINE
  5
2A500
330
1F
100
AcDbEntity
  8
ASSUMED_ACCESS
  6
DASHED
100
AcDbPolyline
 90
4
 70
1
 10
678.6615304465213
 20
103.81726101792128
 10
682.1615304465213
 20
103.81726101792128
 10
682.1615304465213
 20
105.61726101792128
 10
678.6615304465213
 20
105.61726101792128
1001
JETIS
1000
R02 LOD100
1000
APPROVED ASSUMPTION
1000

  0
LWPOLYLINE
  5
2A600
330
1F
100
AcDbEntity
  8
ASSUMED_ACCESS
  6
DASHED
100
AcDbPolyline
 90
4
 70
1
 10
690.6615304465213
 20
102.01726101792129
 10
694.1615304465213
 20
102.01726101792129
 10
694.1615304465213
 20
103.81726101792128
 10
690.6615304465213
 20
103.81726101792128
1001
JETIS
1000
R02 LOD100
1000
APPROVED ASSUMPTION
1000

  0
LWPOLYLINE
  5
2A700
330
1F
100
AcDbEntity
  8
ASSUMED_ACCESS
  6
DASHED
100
AcDbPolyline
 90
4
 70
1
 10
690.6615304465213
 20
103.81726101792128
 10
694.1615304465213
 20
103.81726101792128
 10
694.1615304465213
 20
105.61726101792128
 10
690.6615304465213
 20
105.61726101792128
1001
JETIS
1000
R02 LOD100
1000
APPROVED ASSUMPTION
1000

  0
LWPOLYLINE
  5
2A800
330
1F
100
AcDbEntity
  8
ASSUMED_ACCESS
  6
DASHED
100
AcDbPolyline
 90
4
 70
1
 10
702.6615304465213
 20
102.01726101792129
 10
706.1615304465213
 20
102.01726101792129
 10
706.1615304465213
 20
103.81726101792128
 10
702.6615304465213
 20
103.81726101792128
1001
JETIS
1000
R02 LOD100
1000
APPROVED ASSUMPTION
1000

  0
LWPOLYLINE
  5
2A900
330
1F
100
AcDbEntity
  8
ASSUMED_ACCESS
  6
DASHED
100
AcDbPolyline
 90
4
 70
1
 10
702.6615304465213
 20
103.81726101792128
 10
706.1615304465213
 20
103.81726101792128
 10
706.1615304465213
 20
105.61726101792128
 10
702.6615304465213
 20
105.61726101792128
1001
JETIS
1000
R02 LOD100
1000
APPROVED ASSUMPTION
1000

  0
LWPOLYLINE
  5
2AA00
330
1F
100
AcDbEntity
  8
ASSUMED_ACCESS
  6
DASHED
100
AcDbPolyline
 90
4
 70
1
 10
714.6615304465213
 20
102.01726101792129
 10
718.1615304465213
 20
102.01726101792129
 10
718.1615304465213
 20
103.81726101792128
 10
714.6615304465213
 20
103.81726101792128
1001
JETIS
1000
R02 LOD100
1000
APPROVED ASSUMPTION
1000

  0
LWPOLYLINE
  5
2AB00
330
1F
100
AcDbEntity
  8
ASSUMED_ACCESS
  6
DASHED
100
AcDbPolyline
 90
4
 70
1
 10
714.6615304465213
 20
103.81726101792128
 10
718.1615304465213
 20
103.81726101792128
 10
718.1615304465213
 20
105.61726101792128
 10
714.6615304465213
 20
105.61726101792128
1001
JETIS
1000
R02 LOD100
1000
APPROVED ASSUMPTION
1000

  0
LWPOLYLINE
  5
2AC00
330
1F
100
AcDbEntity
  8
ASSUMED_ACCESS
  6
DASHED
100
AcDbPolyline
 90
4
 70
1
 10
726.6615304465213
 20
102.01726101792129
 10
730.1615304465213
 20
102.01726101792129
 10
730.1615304465213
 20
103.81726101792128
 10
726.6615304465213
 20
103.81726101792128
1001
JETIS
1000
R02 LOD100
1000
APPROVED ASSUMPTION
1000

  0
LWPOLYLINE
  5
2AD00
330
1F
100
AcDbEntity
  8
ASSUMED_ACCESS
  6
DASHED
100
AcDbPolyline
 90
4
 70
1
 10
726.6615304465213
 20
103.81726101792128
 10
730.1615304465213
 20
103.81726101792128
 10
730.1615304465213
 20
105.61726101792128
 10
726.6615304465213
 20
105.61726101792128
1001
JETIS
1000
R02 LOD100
1000
APPROVED ASSUMPTION
1000

  0
LWPOLYLINE
  5
2AE00
330
1F
100
AcDbEntity
  8
WALL
  6
CONTINUOUS
100
AcDbPolyline
 90
4
 70
1
 10
629.4115304548031
 20
23.74226101767208
 10
630.2115304547938
 20
23.74226101767208
 10
630.2115304547938
 20
23.89226101767208
 10
629.4115304548031
 20
23.89226101767208
1001
JETIS
1000
R02 LOD100
1000
SOURCE-ALIGNED ENVELOPE
1000

  0
LWPOLYLINE
  5
2B000
330
1F
100
AcDbEntity
  8
WALL
  6
CONTINUOUS
100
AcDbPolyline
 90
4
 70
1
 10
631.6115304547916
 20
23.74226101767208
 10
633.2115304547938
 20
23.74226101767208
 10
633.2115304547938
 20
23.89226101767208
 10
631.6115304547916
 20
23.89226101767208
1001
JETIS
1000
R02 LOD100
1000
SOURCE-ALIGNED ENVELOPE
1000

  0
LWPOLYLINE
  5
2B200
330
1F
100
AcDbEntity
  8
WALL
  6
CONTINUOUS
100
AcDbPolyline
 90
4
 70
1
 10
634.6115304547916
 20
23.74226101767208
 10
666.9115304545544
 20
23.74226101767208
 10
666.9115304545544
 20
23.89226101767208
 10
634.6115304547916
 20
23.89226101767208
1001
JETIS
1000
R02 LOD100
1000
SOURCE-ALIGNED ENVELOPE
1000

  0
LWPOLYLINE
  5
2B400
330
1F
100
AcDbEntity
  8
WALL
  6
CONTINUOUS
100
AcDbPolyline
 90
4
 70
1
 10
669.9115304545544
 20
23.74226101767208
 10
672.9115304545544
 20
23.74226101767208
 10
672.9115304545544
 20
23.89226101767208
 10
669.9115304545544
 20
23.89226101767208
1001
JETIS
1000
R02 LOD100
1000
SOURCE-ALIGNED ENVELOPE
1000

  0
LWPOLYLINE
  5
2B600
330
1F
100
AcDbEntity
  8
WALL
  6
CONTINUOUS
100
AcDbPolyline
 90
4
 70
1
 10
675.9115304545544
 20
23.74226101767208
 10
678.9115304545544
 20
23.74226101767208
 10
678.9115304545544
 20
23.89226101767208
 10
675.9115304545544
 20
23.89226101767208
1001
JETIS
1000
R02 LOD100
1000
SOURCE-ALIGNED ENVELOPE
1000

  0
LWPOLYLINE
  5
2B800
330
1F
100
AcDbEntity
  8
WALL
  6
CONTINUOUS
100
AcDbPolyline
 90
4
 70
1
 10
681.9115304545544
 20
23.74226101767208
 10
684.9115304545544
 20
23.74226101767208
 10
684.9115304545544
 20
23.89226101767208
 10
681.9115304545544
 20
23.89226101767208
1001
JETIS
1000
R02 LOD100
1000
SOURCE-ALIGNED ENVELOPE
1000

  0
LWPOLYLINE
  5
2BA00
330
1F
100
AcDbEntity
  8
WALL
  6
CONTINUOUS
100
AcDbPolyline
 90
4
 70
1
 10
687.9115304545544
 20
23.74226101767208
 10
690.9115304545544
 20
23.74226101767208
 10
690.9115304545544
 20
23.89226101767208
 10
687.9115304545544
 20
23.89226101767208
1001
JETIS
1000
R02 LOD100
1000
SOURCE-ALIGNED ENVELOPE
1000

  0
LWPOLYLINE
  5
2BC00
330
1F
100
AcDbEntity
  8
WALL
  6
CONTINUOUS
100
AcDbPolyline
 90
4
 70
1
 10
693.9115304545544
 20
23.74226101767208
 10
696.9115304545544
 20
23.74226101767208
 10
696.9115304545544
 20
23.89226101767208
 10
693.9115304545544
 20
23.89226101767208
1001
JETIS
1000
R02 LOD100
1000
SOURCE-ALIGNED ENVELOPE
1000

  0
LWPOLYLINE
  5
2BE00
330
1F
100
AcDbEntity
  8
WALL
  6
CONTINUOUS
100
AcDbPolyline
 90
4
 70
1
 10
699.9115304545544
 20
23.74226101767208
 10
720.9115304545544
 20
23.74226101767208
 10
720.9115304545544
 20
23.89226101767208
 10
699.9115304545544
 20
23.89226101767208
1001
JETIS
1000
R02 LOD100
1000
SOURCE-ALIGNED ENVELOPE
1000

  0
LWPOLYLINE
  5
2C000
330
1F
100
AcDbEntity
  8
WALL
  6
CONTINUOUS
100
AcDbPolyline
 90
4
 70
1
 10
723.9115304545544
 20
23.74226101767208
 10
726.9115304545544
 20
23.74226101767208
 10
726.9115304545544
 20
23.89226101767208
 10
723.9115304545544
 20
23.89226101767208
1001
JETIS
1000
R02 LOD100
1000
SOURCE-ALIGNED ENVELOPE
1000

  0
LWPOLYLINE
  5
2C200
330
1F
100
AcDbEntity
  8
WALL
  6
CONTINUOUS
100
AcDbPolyline
 90
4
 70
1
 10
729.9115304545544
 20
23.74226101767208
 10
732.9115304545544
 20
23.74226101767208
 10
732.9115304545544
 20
23.89226101767208
 10
729.9115304545544
 20
23.89226101767208
1001
JETIS
1000
R02 LOD100
1000
SOURCE-ALIGNED ENVELOPE
1000

  0
LWPOLYLINE
  5
2C400
330
1F
100
AcDbEntity
  8
WALL
  6
CONTINUOUS
100
AcDbPolyline
 90
4
 70
1
 10
735.9115304545544
 20
23.74226101767208
 10
738.9115304545544
 20
23.74226101767208
 10
738.9115304545544
 20
23.89226101767208
 10
735.9115304545544
 20
23.89226101767208
1001
JETIS
1000
R02 LOD100
1000
SOURCE-ALIGNED ENVELOPE
1000

  0
LWPOLYLINE
  5
2C600
330
1F
100
AcDbEntity
  8
WALL
  6
CONTINUOUS
100
AcDbPolyline
 90
4
 70
1
 10
741.9115304545544
 20
23.74226101767208
 10
749.4115304548031
 20
23.74226101767208
 10
749.4115304548031
 20
23.89226101767208
 10
741.9115304545544
 20
23.89226101767208
1001
JETIS
1000
R02 LOD100
1000
SOURCE-ALIGNED ENVELOPE
1000

  0
LWPOLYLINE
  5
2C800
330
1F
100
AcDbEntity
  8
WALL
  6
CONTINUOUS
100
AcDbPolyline
 90
4
 70
1
 10
629.4115304548031
 20
83.74226101767208
 10
672.9115304550542
 20
83.74226101767208
 10
672.9115304550542
 20
83.89226101767208
 10
629.4115304548031
 20
83.89226101767208
1001
JETIS
1000
R02 LOD100
1000
SOURCE-ALIGNED ENVELOPE
1000

  0
LWPOLYLINE
  5
2CA00
330
1F
100
AcDbEntity
  8
WALL
  6
CONTINUOUS
100
AcDbPolyline
 90
4
 70
1
 10
675.9115304550542
 20
83.74226101767208
 10
684.9115304550505
 20
83.74226101767208
 10
684.9115304550505
 20
83.89226101767208
 10
675.9115304550542
 20
83.89226101767208
1001
JETIS
1000
R02 LOD100
1000
SOURCE-ALIGNED ENVELOPE
1000

  0
LWPOLYLINE
  5
2CC00
330
1F
100
AcDbEntity
  8
WALL
  6
CONTINUOUS
100
AcDbPolyline
 90
4
 70
1
 10
687.9115304550505
 20
83.74226101767208
 10
696.9115304550505
 20
83.74226101767208
 10
696.9115304550505
 20
83.89226101767208
 10
687.9115304550505
 20
83.89226101767208
1001
JETIS
1000
R02 LOD100
1000
SOURCE-ALIGNED ENVELOPE
1000

  0
LWPOLYLINE
  5
2CE00
330
1F
100
AcDbEntity
  8
WALL
  6
CONTINUOUS
100
AcDbPolyline
 90
4
 70
1
 10
699.9115304550505
 20
83.74226101767208
 10
708.9115304550505
 20
83.74226101767208
 10
708.9115304550505
 20
83.89226101767208
 10
699.9115304550505
 20
83.89226101767208
1001
JETIS
1000
R02 LOD100
1000
SOURCE-ALIGNED ENVELOPE
1000

  0
LWPOLYLINE
  5
2D000
330
1F
100
AcDbEntity
  8
WALL
  6
CONTINUOUS
100
AcDbPolyline
 90
4
 70
1
 10
711.9115304550505
 20
83.74226101767208
 10
720.9115304550505
 20
83.74226101767208
 10
720.9115304550505
 20
83.89226101767208
 10
711.9115304550505
 20
83.89226101767208
1001
JETIS
1000
R02 LOD100
1000
SOURCE-ALIGNED ENVELOPE
1000

  0
LWPOLYLINE
  5
2D200
330
1F
100
AcDbEntity
  8
WALL
  6
CONTINUOUS
100
AcDbPolyline
 90
4
 70
1
 10
723.9115304550505
 20
83.74226101767208
 10
732.9115304550505
 20
83.74226101767208
 10
732.9115304550505
 20
83.89226101767208
 10
723.9115304550505
 20
83.89226101767208
1001
JETIS
1000
R02 LOD100
1000
SOURCE-ALIGNED ENVELOPE
1000

  0
LWPOLYLINE
  5
2D400
330
1F
100
AcDbEntity
  8
WALL
  6
CONTINUOUS
100
AcDbPolyline
 90
4
 70
1
 10
735.9115304550505
 20
83.74226101767208
 10
743.4115304548031
 20
83.74226101767208
 10
743.4115304548031
 20
83.89226101767208
 10
735.9115304550505
 20
83.89226101767208
1001
JETIS
1000
R02 LOD100
1000
SOURCE-ALIGNED ENVELOPE
1000

  0
LWPOLYLINE
  5
2D600
330
1F
100
AcDbEntity
  8
WALL
  6
CONTINUOUS
100
AcDbPolyline
 90
4
 70
1
 10
629.3365304548031
 20
23.81726101767208
 10
629.4865304548032
 20
23.81726101767208
 10
629.4865304548032
 20
24.267260511762288
 10
629.3365304548031
 20
24.267260511762288
1001
JETIS
1000
R02 LOD100
1000
SOURCE-ALIGNED ENVELOPE
1000

  0
LWPOLYLINE
  5
2D800
330
1F
100
AcDbEntity
  8
WALL
  6
CONTINUOUS
100
AcDbPolyline
 90
4
 70
1
 10
629.3365304548031
 20
26.067260511762015
 10
629.4865304548032
 20
26.067260511762015
 10
629.4865304548032
 20
26.517260511745008
 10
629.3365304548031
 20
26.517260511745008
1001
JETIS
1000
R02 LOD100
1000
SOURCE-ALIGNED ENVELOPE
1000

  0
LWPOLYLINE
  5
2DA00
330
1F
100
AcDbEntity
  8
WALL
  6
CONTINUOUS
100
AcDbPolyline
 90
4
 70
1
 10
629.3365304548031
 20
26.517260511745008
 10
629.4865304548032
 20
26.517260511745008
 10
629.4865304548032
 20
27.11726051174719
 10
629.3365304548031
 20
27.11726051174719
1001
JETIS
1000
R02 LOD100
1000
SOURCE-ALIGNED ENVELOPE
1000

  0
LWPOLYLINE
  5
2DC00
330
1F
100
AcDbEntity
  8
WALL
  6
CONTINUOUS
100
AcDbPolyline
 90
4
 70
1
 10
629.3365304548031
 20
27.11726051174719
 10
629.4865304548032
 20
27.11726051174719
 10
629.4865304548032
 20
27.8172605117461
 10
629.3365304548031
 20
27.8172605117461
1001
JETIS
1000
R02 LOD100
1000
SOURCE-ALIGNED ENVELOPE
1000

  0
LWPOLYLINE
  5
2DE00
330
1F
100
AcDbEntity
  8
WALL
  6
CONTINUOUS
100
AcDbPolyline
 90
4
 70
1
 10
629.3365304548031
 20
27.8172605117461
 10
629.4865304548032
 20
27.8172605117461
 10
629.4865304548032
 20
28.517260511745008
 10
629.3365304548031
 20
28.517260511745008
1001
JETIS
1000
R02 LOD100
1000
SOURCE-ALIGNED ENVELOPE
1000

  0
LWPOLYLINE
  5
2E000
330
1F
100
AcDbEntity
  8
WALL
  6
CONTINUOUS
100
AcDbPolyline
 90
4
 70
1
 10
629.3365304548031
 20
28.517260511745008
 10
629.4865304548032
 20
28.517260511745008
 10
629.4865304548032
 20
31.11726051174719
 10
629.3365304548031
 20
31.11726051174719
1001
JETIS
1000
R02 LOD100
1000
SOURCE-ALIGNED ENVELOPE
1000

  0
LWPOLYLINE
  5
2E200
330
1F
100
AcDbEntity
  8
WALL
  6
CONTINUOUS
100
AcDbPolyline
 90
4
 70
1
 10
629.3365304548031
 20
31.11726051174719
 10
629.4865304548032
 20
31.11726051174719
 10
629.4865304548032
 20
31.8172605117461
 10
629.3365304548031
 20
31.8172605117461
1001
JETIS
1000
R02 LOD100
1000
SOURCE-ALIGNED ENVELOPE
1000

  0
LWPOLYLINE
  5
2E400
330
1F
100
AcDbEntity
  8
WALL
  6
CONTINUOUS
100
AcDbPolyline
 90
4
 70
1
 10
629.3365304548031
 20
31.8172605117461
 10
629.4865304548032
 20
31.8172605117461
 10
629.4865304548032
 20
32.51726051174501
 10
629.3365304548031
 20
32.51726051174501
1001
JETIS
1000
R02 LOD100
1000
SOURCE-ALIGNED ENVELOPE
1000

  0
LWPOLYLINE
  5
2E600
330
1F
100
AcDbEntity
  8
WALL
  6
CONTINUOUS
100
AcDbPolyline
 90
4
 70
1
 10
629.3365304548031
 20
32.51726051174501
 10
629.4865304548032
 20
32.51726051174501
 10
629.4865304548032
 20
33.11726051174719
 10
629.3365304548031
 20
33.11726051174719
1001
JETIS
1000
R02 LOD100
1000
SOURCE-ALIGNED ENVELOPE
1000

  0
LWPOLYLINE
  5
2E800
330
1F
100
AcDbEntity
  8
WALL
  6
CONTINUOUS
100
AcDbPolyline
 90
4
 70
1
 10
629.3365304548031
 20
33.11726051174719
 10
629.4865304548032
 20
33.11726051174719
 10
629.4865304548032
 20
33.8172605117461
 10
629.3365304548031
 20
33.8172605117461
1001
JETIS
1000
R02 LOD100
1000
SOURCE-ALIGNED ENVELOPE
1000

  0
LWPOLYLINE
  5
2EA00
330
1F
100
AcDbEntity
  8
WALL
  6
CONTINUOUS
100
AcDbPolyline
 90
4
 70
1
 10
629.3365304548031
 20
33.8172605117461
 10
629.4865304548032
 20
33.8172605117461
 10
629.4865304548032
 20
34.51726051174501
 10
629.3365304548031
 20
34.51726051174501
1001
JETIS
1000
R02 LOD100
1000
SOURCE-ALIGNED ENVELOPE
1000

  0
LWPOLYLINE
  5
2EC00
330
1F
100
AcDbEntity
  8
WALL
  6
CONTINUOUS
100
AcDbPolyline
 90
4
 70
1
 10
629.3365304548031
 20
34.51726051174501
 10
629.4865304548032
 20
34.51726051174501
 10
629.4865304548032
 20
37.11726051174719
 10
629.3365304548031
 20
37.11726051174719
1001
JETIS
1000
R02 LOD100
1000
SOURCE-ALIGNED ENVELOPE
1000

  0
LWPOLYLINE
  5
2EE00
330
1F
100
AcDbEntity
  8
WALL
  6
CONTINUOUS
100
AcDbPolyline
 90
4
 70
1
 10
629.3365304548031
 20
37.11726051174719
 10
629.4865304548032
 20
37.11726051174719
 10
629.4865304548032
 20
37.3172605117461
 10
629.3365304548031
 20
37.3172605117461
1001
JETIS
1000
R02 LOD100
1000
SOURCE-ALIGNED ENVELOPE
1000

  0
LWPOLYLINE
  5
2F000
330
1F
100
AcDbEntity
  8
WALL
  6
CONTINUOUS
100
AcDbPolyline
 90
4
 70
1
 10
629.3365304548031
 20
40.3172605117461
 10
629.4865304548032
 20
40.3172605117461
 10
629.4865304548032
 20
40.51726051174501
 10
629.3365304548031
 20
40.51726051174501
1001
JETIS
1000
R02 LOD100
1000
SOURCE-ALIGNED ENVELOPE
1000

  0
LWPOLYLINE
  5
2F200
330
1F
100
AcDbEntity
  8
WALL
  6
CONTINUOUS
100
AcDbPolyline
 90
4
 70
1
 10
629.3365304548031
 20
40.51726051174501
 10
629.4865304548032
 20
40.51726051174501
 10
629.4865304548032
 20
43.11726051174719
 10
629.3365304548031
 20
43.11726051174719
1001
JETIS
1000
R02 LOD100
1000
SOURCE-ALIGNED ENVELOPE
1000

  0
LWPOLYLINE
  5
2F400
330
1F
100
AcDbEntity
  8
WALL
  6
CONTINUOUS
100
AcDbPolyline
 90
4
 70
1
 10
629.3365304548031
 20
43.11726051174719
 10
629.4865304548032
 20
43.11726051174719
 10
629.4865304548032
 20
43.8172605117461
 10
629.3365304548031
 20
43.8172605117461
1001
JETIS
1000
R02 LOD100
1000
SOURCE-ALIGNED ENVELOPE
1000

  0
LWPOLYLINE
  5
2F600
330
1F
100
AcDbEntity
  8
WALL
  6
CONTINUOUS
100
AcDbPolyline
 90
4
 70
1
 10
629.3365304548031
 20
43.8172605117461
 10
629.4865304548032
 20
43.8172605117461
 10
629.4865304548032
 20
44.51726051174501
 10
629.3365304548031
 20
44.51726051174501
1001
JETIS
1000
R02 LOD100
1000
SOURCE-ALIGNED ENVELOPE
1000

  0
LWPOLYLINE
  5
2F800
330
1F
100
AcDbEntity
  8
WALL
  6
CONTINUOUS
100
AcDbPolyline
 90
4
 70
1
 10
629.3365304548031
 20
44.51726051174501
 10
629.4865304548032
 20
44.51726051174501
 10
629.4865304548032
 20
45.11726051174719
 10
629.3365304548031
 20
45.11726051174719
1001
JETIS
1000
R02 LOD100
1000
SOURCE-ALIGNED ENVELOPE
1000

  0
LWPOLYLINE
  5
2FA00
330
1F
100
AcDbEntity
  8
WALL
  6
CONTINUOUS
100
AcDbPolyline
 90
4
 70
1
 10
629.3365304548031
 20
45.11726051174719
 10
629.4865304548032
 20
45.11726051174719
 10
629.4865304548032
 20
45.8172605117461
 10
629.3365304548031
 20
45.8172605117461
1001
JETIS
1000
R02 LOD100
1000
SOURCE-ALIGNED ENVELOPE
1000

  0
LWPOLYLINE
  5
2FC00
330
1F
100
AcDbEntity
  8
WALL
  6
CONTINUOUS
100
AcDbPolyline
 90
4
 70
1
 10
629.3365304548031
 20
45.8172605117461
 10
629.4865304548032
 20
45.8172605117461
 10
629.4865304548032
 20
46.51726051174501
 10
629.3365304548031
 20
46.51726051174501
1001
JETIS
1000
R02 LOD100
1000
SOURCE-ALIGNED ENVELOPE
1000

  0
LWPOLYLINE
  5
2FE00
330
1F
100
AcDbEntity
  8
WALL
  6
CONTINUOUS
100
AcDbPolyline
 90
4
 70
1
 10
629.3365304548031
 20
46.51726051174501
 10
629.4865304548032
 20
46.51726051174501
 10
629.4865304548032
 20
49.11726051174719
 10
629.3365304548031
 20
49.11726051174719
1001
JETIS
1000
R02 LOD100
1000
SOURCE-ALIGNED ENVELOPE
1000

  0
LWPOLYLINE
  5
30000
330
1F
100
AcDbEntity
  8
WALL
  6
CONTINUOUS
100
AcDbPolyline
 90
4
 70
1
 10
629.3365304548031
 20
49.11726051174719
 10
629.4865304548032
 20
49.11726051174719
 10
629.4865304548032
 20
49.3172605117461
 10
629.3365304548031
 20
49.3172605117461
1001
JETIS
1000
R02 LOD100
1000
SOURCE-ALIGNED ENVELOPE
1000

  0
LWPOLYLINE
  5
30200
330
1F
100
AcDbEntity
  8
WALL
  6
CONTINUOUS
100
AcDbPolyline
 90
4
 70
1
 10
629.3365304548031
 20
52.3172605117461
 10
629.4865304548032
 20
52.3172605117461
 10
629.4865304548032
 20
52.51726051174501
 10
629.3365304548031
 20
52.51726051174501
1001
JETIS
1000
R02 LOD100
1000
SOURCE-ALIGNED ENVELOPE
1000

  0
LWPOLYLINE
  5
30400
330
1F
100
AcDbEntity
  8
WALL
  6
CONTINUOUS
100
AcDbPolyline
 90
4
 70
1
 10
629.3365304548031
 20
52.51726051174501
 10
629.4865304548032
 20
52.51726051174501
 10
629.4865304548032
 20
53.81726101767208
 10
629.3365304548031
 20
53.81726101767208
1001
JETIS
1000
R02 LOD100
1000
SOURCE-ALIGNED ENVELOPE
1000

  0
LWPOLYLINE
  5
30600
330
1F
100
AcDbEntity
  8
WALL
  6
CONTINUOUS
100
AcDbPolyline
 90
4
 70
1
 10
749.3365304548031
 20
23.81726101767208
 10
749.4865304548032
 20
23.81726101767208
 10
749.4865304548032
 20
53.81726101767208
 10
749.3365304548031
 20
53.81726101767208
1001
JETIS
1000
R02 LOD100
1000
SOURCE-ALIGNED ENVELOPE
1000

  0
LWPOLYLINE
  5
30800
330
1F
100
AcDbEntity
  8
WALL
  6
CONTINUOUS
100
AcDbPolyline
 90
4
 70
1
 10
629.3365304548031
 20
53.81726101767208
 10
629.4865304548032
 20
53.81726101767208
 10
629.4865304548032
 20
55.117260511754466
 10
629.3365304548031
 20
55.117260511754466
1001
JETIS
1000
R02 LOD100
1000
SOURCE-ALIGNED ENVELOPE
1000

  0
LWPOLYLINE
  5
30A00
330
1F
100
AcDbEntity
  8
WALL
  6
CONTINUOUS
100
AcDbPolyline
 90
4
 70
1
 10
629.3365304548031
 20
55.117260511754466
 10
629.4865304548032
 20
55.117260511754466
 10
629.4865304548032
 20
55.817260511753375
 10
629.3365304548031
 20
55.817260511753375
1001
JETIS
1000
R02 LOD100
1000
SOURCE-ALIGNED ENVELOPE
1000

  0
LWPOLYLINE
  5
30C00
330
1F
100
AcDbEntity
  8
WALL
  6
CONTINUOUS
100
AcDbPolyline
 90
4
 70
1
 10
629.3365304548031
 20
55.817260511753375
 10
629.4865304548032
 20
55.817260511753375
 10
629.4865304548032
 20
56.51726051175228
 10
629.3365304548031
 20
56.51726051175228
1001
JETIS
1000
R02 LOD100
1000
SOURCE-ALIGNED ENVELOPE
1000

  0
LWPOLYLINE
  5
30E00
330
1F
100
AcDbEntity
  8
WALL
  6
CONTINUOUS
100
AcDbPolyline
 90
4
 70
1
 10
629.3365304548031
 20
56.51726051175228
 10
629.4865304548032
 20
56.51726051175228
 10
629.4865304548032
 20
57.117260511754466
 10
629.3365304548031
 20
57.117260511754466
1001
JETIS
1000
R02 LOD100
1000
SOURCE-ALIGNED ENVELOPE
1000

  0
LWPOLYLINE
  5
31000
330
1F
100
AcDbEntity
  8
WALL
  6
CONTINUOUS
100
AcDbPolyline
 90
4
 70
1
 10
629.3365304548031
 20
57.117260511754466
 10
629.4865304548032
 20
57.117260511754466
 10
629.4865304548032
 20
57.817260511753375
 10
629.3365304548031
 20
57.817260511753375
1001
JETIS
1000
R02 LOD100
1000
SOURCE-ALIGNED ENVELOPE
1000

  0
LWPOLYLINE
  5
31200
330
1F
100
AcDbEntity
  8
WALL
  6
CONTINUOUS
100
AcDbPolyline
 90
4
 70
1
 10
629.3365304548031
 20
57.817260511753375
 10
629.4865304548032
 20
57.817260511753375
 10
629.4865304548032
 20
58.51726051175228
 10
629.3365304548031
 20
58.51726051175228
1001
JETIS
1000
R02 LOD100
1000
SOURCE-ALIGNED ENVELOPE
1000

  0
LWPOLYLINE
  5
31400
330
1F
100
AcDbEntity
  8
WALL
  6
CONTINUOUS
100
AcDbPolyline
 90
4
 70
1
 10
629.3365304548031
 20
58.51726051175228
 10
629.4865304548032
 20
58.51726051175228
 10
629.4865304548032
 20
61.117260511754466
 10
629.3365304548031
 20
61.117260511754466
1001
JETIS
1000
R02 LOD100
1000
SOURCE-ALIGNED ENVELOPE
1000

  0
LWPOLYLINE
  5
31600
330
1F
100
AcDbEntity
  8
WALL
  6
CONTINUOUS
100
AcDbPolyline
 90
4
 70
1
 10
629.3365304548031
 20
61.117260511754466
 10
629.4865304548032
 20
61.117260511754466
 10
629.4865304548032
 20
61.317260511753375
 10
629.3365304548031
 20
61.317260511753375
1001
JETIS
1000
R02 LOD100
1000
SOURCE-ALIGNED ENVELOPE
1000

  0
LWPOLYLINE
  5
31800
330
1F
100
AcDbEntity
  8
WALL
  6
CONTINUOUS
100
AcDbPolyline
 90
4
 70
1
 10
629.3365304548031
 20
64.31726051175337
 10
629.4865304548032
 20
64.31726051175337
 10
629.4865304548032
 20
64.51726051175228
 10
629.3365304548031
 20
64.51726051175228
1001
JETIS
1000
R02 LOD100
1000
SOURCE-ALIGNED ENVELOPE
1000

  0
LWPOLYLINE
  5
31A00
330
1F
100
AcDbEntity
  8
WALL
  6
CONTINUOUS
100
AcDbPolyline
 90
4
 70
1
 10
629.3365304548031
 20
64.51726051175228
 10
629.4865304548032
 20
64.51726051175228
 10
629.4865304548032
 20
67.11726051175447
 10
629.3365304548031
 20
67.11726051175447
1001
JETIS
1000
R02 LOD100
1000
SOURCE-ALIGNED ENVELOPE
1000

  0
LWPOLYLINE
  5
31C00
330
1F
100
AcDbEntity
  8
WALL
  6
CONTINUOUS
100
AcDbPolyline
 90
4
 70
1
 10
629.3365304548031
 20
67.11726051175447
 10
629.4865304548032
 20
67.11726051175447
 10
629.4865304548032
 20
67.81726051175337
 10
629.3365304548031
 20
67.81726051175337
1001
JETIS
1000
R02 LOD100
1000
SOURCE-ALIGNED ENVELOPE
1000

  0
LWPOLYLINE
  5
31E00
330
1F
100
AcDbEntity
  8
WALL
  6
CONTINUOUS
100
AcDbPolyline
 90
4
 70
1
 10
629.3365304548031
 20
67.81726051175337
 10
629.4865304548032
 20
67.81726051175337
 10
629.4865304548032
 20
68.51726051175228
 10
629.3365304548031
 20
68.51726051175228
1001
JETIS
1000
R02 LOD100
1000
SOURCE-ALIGNED ENVELOPE
1000

  0
LWPOLYLINE
  5
32000
330
1F
100
AcDbEntity
  8
WALL
  6
CONTINUOUS
100
AcDbPolyline
 90
4
 70
1
 10
629.3365304548031
 20
68.51726051175228
 10
629.4865304548032
 20
68.51726051175228
 10
629.4865304548032
 20
69.11726051175447
 10
629.3365304548031
 20
69.11726051175447
1001
JETIS
1000
R02 LOD100
1000
SOURCE-ALIGNED ENVELOPE
1000

  0
LWPOLYLINE
  5
32200
330
1F
100
AcDbEntity
  8
WALL
  6
CONTINUOUS
100
AcDbPolyline
 90
4
 70
1
 10
629.3365304548031
 20
69.11726051175447
 10
629.4865304548032
 20
69.11726051175447
 10
629.4865304548032
 20
69.81726051175337
 10
629.3365304548031
 20
69.81726051175337
1001
JETIS
1000
R02 LOD100
1000
SOURCE-ALIGNED ENVELOPE
1000

  0
LWPOLYLINE
  5
32400
330
1F
100
AcDbEntity
  8
WALL
  6
CONTINUOUS
100
AcDbPolyline
 90
4
 70
1
 10
629.3365304548031
 20
69.81726051175337
 10
629.4865304548032
 20
69.81726051175337
 10
629.4865304548032
 20
70.51726051175228
 10
629.3365304548031
 20
70.51726051175228
1001
JETIS
1000
R02 LOD100
1000
SOURCE-ALIGNED ENVELOPE
1000

  0
LWPOLYLINE
  5
32600
330
1F
100
AcDbEntity
  8
WALL
  6
CONTINUOUS
100
AcDbPolyline
 90
4
 70
1
 10
629.3365304548031
 20
70.51726051175228
 10
629.4865304548032
 20
70.51726051175228
 10
629.4865304548032
 20
73.11726051175447
 10
629.3365304548031
 20
73.11726051175447
1001
JETIS
1000
R02 LOD100
1000
SOURCE-ALIGNED ENVELOPE
1000

  0
LWPOLYLINE
  5
32800
330
1F
100
AcDbEntity
  8
WALL
  6
CONTINUOUS
100
AcDbPolyline
 90
4
 70
1
 10
629.3365304548031
 20
73.11726051175447
 10
629.4865304548032
 20
73.11726051175447
 10
629.4865304548032
 20
73.31726051175337
 10
629.3365304548031
 20
73.31726051175337
1001
JETIS
1000
R02 LOD100
1000
SOURCE-ALIGNED ENVELOPE
1000

  0
LWPOLYLINE
  5
32A00
330
1F
100
AcDbEntity
  8
WALL
  6
CONTINUOUS
100
AcDbPolyline
 90
4
 70
1
 10
629.3365304548031
 20
76.31726051175337
 10
629.4865304548032
 20
76.31726051175337
 10
629.4865304548032
 20
76.51726051175228
 10
629.3365304548031
 20
76.51726051175228
1001
JETIS
1000
R02 LOD100
1000
SOURCE-ALIGNED ENVELOPE
1000

  0
LWPOLYLINE
  5
32C00
330
1F
100
AcDbEntity
  8
WALL
  6
CONTINUOUS
100
AcDbPolyline
 90
4
 70
1
 10
629.3365304548031
 20
76.51726051175228
 10
629.4865304548032
 20
76.51726051175228
 10
629.4865304548032
 20
83.81726101767208
 10
629.3365304548031
 20
83.81726101767208
1001
JETIS
1000
R02 LOD100
1000
SOURCE-ALIGNED ENVELOPE
1000

  0
LWPOLYLINE
  5
32E00
330
1F
100
AcDbEntity
  8
WALL
  6
CONTINUOUS
100
AcDbPolyline
 90
4
 70
1
 10
743.3365304548031
 20
53.81726101767208
 10
743.4865304548032
 20
53.81726101767208
 10
743.4865304548032
 20
83.81726101767208
 10
743.3365304548031
 20
83.81726101767208
1001
JETIS
1000
R02 LOD100
1000
SOURCE-ALIGNED ENVELOPE
1000

  0
LWPOLYLINE
  5
33000
330
1F
100
AcDbEntity
  8
WALL
  6
CONTINUOUS
100
AcDbPolyline
 90
4
 70
1
 10
743.4115304548031
 20
53.74226101767208
 10
749.4115304548031
 20
53.74226101767208
 10
749.4115304548031
 20
53.89226101767208
 10
743.4115304548031
 20
53.89226101767208
1001
JETIS
1000
R02 LOD100
1000
SOURCE-ALIGNED ENVELOPE
1000

  0
LWPOLYLINE
  5
33200
330
1F
100
AcDbEntity
  8
STRUCTURE
  6
CONTINUOUS
100
AcDbPolyline
 90
4
 70
1
 10
629.2315304548032
 20
23.63726101767208
 10
629.5915304548031
 20
23.63726101767208
 10
629.5915304548031
 20
23.99726101767208
 10
629.2315304548032
 20
23.99726101767208
1001
JETIS
1000
R02 LOD100
1000
NOMINAL PROFILE / VISUAL SECTION
1000

  0
LWPOLYLINE
  5
33400
330
1F
100
AcDbEntity
  8
STRUCTURE
  6
CONTINUOUS
100
AcDbPolyline
 90
4
 70
1
 10
629.2315304548032
 20
53.63726101767208
 10
629.5915304548031
 20
53.63726101767208
 10
629.5915304548031
 20
53.99726101767208
 10
629.2315304548032
 20
53.99726101767208
1001
JETIS
1000
R02 LOD100
1000
NOMINAL PROFILE / VISUAL SECTION
1000

  0
LWPOLYLINE
  5
33600
330
1F
100
AcDbEntity
  8
STRUCTURE
  6
CONTINUOUS
100
AcDbPolyline
 90
4
 70
1
 10
635.2315304548032
 20
23.63726101767208
 10
635.5915304548031
 20
23.63726101767208
 10
635.5915304548031
 20
23.99726101767208
 10
635.2315304548032
 20
23.99726101767208
1001
JETIS
1000
R02 LOD100
1000
NOMINAL PROFILE / VISUAL SECTION
1000

  0
LWPOLYLINE
  5
33800
330
1F
100
AcDbEntity
  8
STRUCTURE
  6
CONTINUOUS
100
AcDbPolyline
 90
4
 70
1
 10
635.2315304548032
 20
53.63726101767208
 10
635.5915304548031
 20
53.63726101767208
 10
635.5915304548031
 20
53.99726101767208
 10
635.2315304548032
 20
53.99726101767208
1001
JETIS
1000
R02 LOD100
1000
NOMINAL PROFILE / VISUAL SECTION
1000

  0
LWPOLYLINE
  5
33A00
330
1F
100
AcDbEntity
  8
STRUCTURE
  6
CONTINUOUS
100
AcDbPolyline
 90
4
 70
1
 10
641.2315304548032
 20
23.63726101767208
 10
641.5915304548031
 20
23.63726101767208
 10
641.5915304548031
 20
23.99726101767208
 10
641.2315304548032
 20
23.99726101767208
1001
JETIS
1000
R02 LOD100
1000
NOMINAL PROFILE / VISUAL SECTION
1000

  0
LWPOLYLINE
  5
33C00
330
1F
100
AcDbEntity
  8
STRUCTURE
  6
CONTINUOUS
100
AcDbPolyline
 90
4
 70
1
 10
641.2315304548032
 20
53.63726101767208
 10
641.5915304548031
 20
53.63726101767208
 10
641.5915304548031
 20
53.99726101767208
 10
641.2315304548032
 20
53.99726101767208
1001
JETIS
1000
R02 LOD100
1000
NOMINAL PROFILE / VISUAL SECTION
1000

  0
LWPOLYLINE
  5
33E00
330
1F
100
AcDbEntity
  8
STRUCTURE
  6
CONTINUOUS
100
AcDbPolyline
 90
4
 70
1
 10
647.2315304548032
 20
23.63726101767208
 10
647.5915304548031
 20
23.63726101767208
 10
647.5915304548031
 20
23.99726101767208
 10
647.2315304548032
 20
23.99726101767208
1001
JETIS
1000
R02 LOD100
1000
NOMINAL PROFILE / VISUAL SECTION
1000

  0
LWPOLYLINE
  5
34000
330
1F
100
AcDbEntity
  8
STRUCTURE
  6
CONTINUOUS
100
AcDbPolyline
 90
4
 70
1
 10
647.2315304548032
 20
53.63726101767208
 10
647.5915304548031
 20
53.63726101767208
 10
647.5915304548031
 20
53.99726101767208
 10
647.2315304548032
 20
53.99726101767208
1001
JETIS
1000
R02 LOD100
1000
NOMINAL PROFILE / VISUAL SECTION
1000

  0
LWPOLYLINE
  5
34200
330
1F
100
AcDbEntity
  8
STRUCTURE
  6
CONTINUOUS
100
AcDbPolyline
 90
4
 70
1
 10
653.2315304548032
 20
23.63726101767208
 10
653.5915304548031
 20
23.63726101767208
 10
653.5915304548031
 20
23.99726101767208
 10
653.2315304548032
 20
23.99726101767208
1001
JETIS
1000
R02 LOD100
1000
NOMINAL PROFILE / VISUAL SECTION
1000

  0
LWPOLYLINE
  5
34400
330
1F
100
AcDbEntity
  8
STRUCTURE
  6
CONTINUOUS
100
AcDbPolyline
 90
4
 70
1
 10
653.2315304548032
 20
53.63726101767208
 10
653.5915304548031
 20
53.63726101767208
 10
653.5915304548031
 20
53.99726101767208
 10
653.2315304548032
 20
53.99726101767208
1001
JETIS
1000
R02 LOD100
1000
NOMINAL PROFILE / VISUAL SECTION
1000

  0
LWPOLYLINE
  5
34600
330
1F
100
AcDbEntity
  8
STRUCTURE
  6
CONTINUOUS
100
AcDbPolyline
 90
4
 70
1
 10
659.2315304548032
 20
23.63726101767208
 10
659.5915304548031
 20
23.63726101767208
 10
659.5915304548031
 20
23.99726101767208
 10
659.2315304548032
 20
23.99726101767208
1001
JETIS
1000
R02 LOD100
1000
NOMINAL PROFILE / VISUAL SECTION
1000

  0
LWPOLYLINE
  5
34800
330
1F
100
AcDbEntity
  8
STRUCTURE
  6
CONTINUOUS
100
AcDbPolyline
 90
4
 70
1
 10
659.2315304548032
 20
53.63726101767208
 10
659.5915304548031
 20
53.63726101767208
 10
659.5915304548031
 20
53.99726101767208
 10
659.2315304548032
 20
53.99726101767208
1001
JETIS
1000
R02 LOD100
1000
NOMINAL PROFILE / VISUAL SECTION
1000

  0
LWPOLYLINE
  5
34A00
330
1F
100
AcDbEntity
  8
STRUCTURE
  6
CONTINUOUS
100
AcDbPolyline
 90
4
 70
1
 10
665.2315304548031
 20
23.63726101767208
 10
665.5915304548031
 20
23.63726101767208
 10
665.5915304548031
 20
23.99726101767208
 10
665.2315304548031
 20
23.99726101767208
1001
JETIS
1000
R02 LOD100
1000
NOMINAL PROFILE / VISUAL SECTION
1000

  0
LWPOLYLINE
  5
34C00
330
1F
100
AcDbEntity
  8
STRUCTURE
  6
CONTINUOUS
100
AcDbPolyline
 90
4
 70
1
 10
665.2315304548031
 20
53.63726101767208
 10
665.5915304548031
 20
53.63726101767208
 10
665.5915304548031
 20
53.99726101767208
 10
665.2315304548031
 20
53.99726101767208
1001
JETIS
1000
R02 LOD100
1000
NOMINAL PROFILE / VISUAL SECTION
1000

  0
LWPOLYLINE
  5
34E00
330
1F
100
AcDbEntity
  8
STRUCTURE
  6
CONTINUOUS
100
AcDbPolyline
 90
4
 70
1
 10
671.2315304548031
 20
23.63726101767208
 10
671.5915304548031
 20
23.63726101767208
 10
671.5915304548031
 20
23.99726101767208
 10
671.2315304548031
 20
23.99726101767208
1001
JETIS
1000
R02 LOD100
1000
NOMINAL PROFILE / VISUAL SECTION
1000

  0
LWPOLYLINE
  5
35000
330
1F
100
AcDbEntity
  8
STRUCTURE
  6
CONTINUOUS
100
AcDbPolyline
 90
4
 70
1
 10
671.2315304548031
 20
53.63726101767208
 10
671.5915304548031
 20
53.63726101767208
 10
671.5915304548031
 20
53.99726101767208
 10
671.2315304548031
 20
53.99726101767208
1001
JETIS
1000
R02 LOD100
1000
NOMINAL PROFILE / VISUAL SECTION
1000

  0
LWPOLYLINE
  5
35200
330
1F
100
AcDbEntity
  8
STRUCTURE
  6
CONTINUOUS
100
AcDbPolyline
 90
4
 70
1
 10
677.2315304548031
 20
23.63726101767208
 10
677.5915304548031
 20
23.63726101767208
 10
677.5915304548031
 20
23.99726101767208
 10
677.2315304548031
 20
23.99726101767208
1001
JETIS
1000
R02 LOD100
1000
NOMINAL PROFILE / VISUAL SECTION
1000

  0
LWPOLYLINE
  5
35400
330
1F
100
AcDbEntity
  8
STRUCTURE
  6
CONTINUOUS
100
AcDbPolyline
 90
4
 70
1
 10
677.2315304548031
 20
53.63726101767208
 10
677.5915304548031
 20
53.63726101767208
 10
677.5915304548031
 20
53.99726101767208
 10
677.2315304548031
 20
53.99726101767208
1001
JETIS
1000
R02 LOD100
1000
NOMINAL PROFILE / VISUAL SECTION
1000

  0
LWPOLYLINE
  5
35600
330
1F
100
AcDbEntity
  8
STRUCTURE
  6
CONTINUOUS
100
AcDbPolyline
 90
4
 70
1
 10
683.2315304548031
 20
23.63726101767208
 10
683.5915304548031
 20
23.63726101767208
 10
683.5915304548031
 20
23.99726101767208
 10
683.2315304548031
 20
23.99726101767208
1001
JETIS
1000
R02 LOD100
1000
NOMINAL PROFILE / VISUAL SECTION
1000

  0
LWPOLYLINE
  5
35800
330
1F
100
AcDbEntity
  8
STRUCTURE
  6
CONTINUOUS
100
AcDbPolyline
 90
4
 70
1
 10
683.2315304548031
 20
53.63726101767208
 10
683.5915304548031
 20
53.63726101767208
 10
683.5915304548031
 20
53.99726101767208
 10
683.2315304548031
 20
53.99726101767208
1001
JETIS
1000
R02 LOD100
1000
NOMINAL PROFILE / VISUAL SECTION
1000

  0
LWPOLYLINE
  5
35A00
330
1F
100
AcDbEntity
  8
STRUCTURE
  6
CONTINUOUS
100
AcDbPolyline
 90
4
 70
1
 10
689.2315304548031
 20
23.63726101767208
 10
689.5915304548031
 20
23.63726101767208
 10
689.5915304548031
 20
23.99726101767208
 10
689.2315304548031
 20
23.99726101767208
1001
JETIS
1000
R02 LOD100
1000
NOMINAL PROFILE / VISUAL SECTION
1000

  0
LWPOLYLINE
  5
35C00
330
1F
100
AcDbEntity
  8
STRUCTURE
  6
CONTINUOUS
100
AcDbPolyline
 90
4
 70
1
 10
689.2315304548031
 20
53.63726101767208
 10
689.5915304548031
 20
53.63726101767208
 10
689.5915304548031
 20
53.99726101767208
 10
689.2315304548031
 20
53.99726101767208
1001
JETIS
1000
R02 LOD100
1000
NOMINAL PROFILE / VISUAL SECTION
1000

  0
LWPOLYLINE
  5
35E00
330
1F
100
AcDbEntity
  8
STRUCTURE
  6
CONTINUOUS
100
AcDbPolyline
 90
4
 70
1
 10
695.2315304548031
 20
23.63726101767208
 10
695.5915304548031
 20
23.63726101767208
 10
695.5915304548031
 20
23.99726101767208
 10
695.2315304548031
 20
23.99726101767208
1001
JETIS
1000
R02 LOD100
1000
NOMINAL PROFILE / VISUAL SECTION
1000

  0
LWPOLYLINE
  5
36000
330
1F
100
AcDbEntity
  8
STRUCTURE
  6
CONTINUOUS
100
AcDbPolyline
 90
4
 70
1
 10
695.2315304548031
 20
53.63726101767208
 10
695.5915304548031
 20
53.63726101767208
 10
695.5915304548031
 20
53.99726101767208
 10
695.2315304548031
 20
53.99726101767208
1001
JETIS
1000
R02 LOD100
1000
NOMINAL PROFILE / VISUAL SECTION
1000

  0
LWPOLYLINE
  5
36200
330
1F
100
AcDbEntity
  8
STRUCTURE
  6
CONTINUOUS
100
AcDbPolyline
 90
4
 70
1
 10
701.2315304548031
 20
23.63726101767208
 10
701.5915304548031
 20
23.63726101767208
 10
701.5915304548031
 20
23.99726101767208
 10
701.2315304548031
 20
23.99726101767208
1001
JETIS
1000
R02 LOD100
1000
NOMINAL PROFILE / VISUAL SECTION
1000

  0
LWPOLYLINE
  5
36400
330
1F
100
AcDbEntity
  8
STRUCTURE
  6
CONTINUOUS
100
AcDbPolyline
 90
4
 70
1
 10
701.2315304548031
 20
53.63726101767208
 10
701.5915304548031
 20
53.63726101767208
 10
701.5915304548031
 20
53.99726101767208
 10
701.2315304548031
 20
53.99726101767208
1001
JETIS
1000
R02 LOD100
1000
NOMINAL PROFILE / VISUAL SECTION
1000

  0
LWPOLYLINE
  5
36600
330
1F
100
AcDbEntity
  8
STRUCTURE
  6
CONTINUOUS
100
AcDbPolyline
 90
4
 70
1
 10
707.2315304548031
 20
23.63726101767208
 10
707.5915304548031
 20
23.63726101767208
 10
707.5915304548031
 20
23.99726101767208
 10
707.2315304548031
 20
23.99726101767208
1001
JETIS
1000
R02 LOD100
1000
NOMINAL PROFILE / VISUAL SECTION
1000

  0
LWPOLYLINE
  5
36800
330
1F
100
AcDbEntity
  8
STRUCTURE
  6
CONTINUOUS
100
AcDbPolyline
 90
4
 70
1
 10
707.2315304548031
 20
53.63726101767208
 10
707.5915304548031
 20
53.63726101767208
 10
707.5915304548031
 20
53.99726101767208
 10
707.2315304548031
 20
53.99726101767208
1001
JETIS
1000
R02 LOD100
1000
NOMINAL PROFILE / VISUAL SECTION
1000

  0
LWPOLYLINE
  5
36A00
330
1F
100
AcDbEntity
  8
STRUCTURE
  6
CONTINUOUS
100
AcDbPolyline
 90
4
 70
1
 10
713.2315304548031
 20
23.63726101767208
 10
713.5915304548031
 20
23.63726101767208
 10
713.5915304548031
 20
23.99726101767208
 10
713.2315304548031
 20
23.99726101767208
1001
JETIS
1000
R02 LOD100
1000
NOMINAL PROFILE / VISUAL SECTION
1000

  0
LWPOLYLINE
  5
36C00
330
1F
100
AcDbEntity
  8
STRUCTURE
  6
CONTINUOUS
100
AcDbPolyline
 90
4
 70
1
 10
713.2315304548031
 20
53.63726101767208
 10
713.5915304548031
 20
53.63726101767208
 10
713.5915304548031
 20
53.99726101767208
 10
713.2315304548031
 20
53.99726101767208
1001
JETIS
1000
R02 LOD100
1000
NOMINAL PROFILE / VISUAL SECTION
1000

  0
LWPOLYLINE
  5
36E00
330
1F
100
AcDbEntity
  8
STRUCTURE
  6
CONTINUOUS
100
AcDbPolyline
 90
4
 70
1
 10
719.2315304548031
 20
23.63726101767208
 10
719.5915304548031
 20
23.63726101767208
 10
719.5915304548031
 20
23.99726101767208
 10
719.2315304548031
 20
23.99726101767208
1001
JETIS
1000
R02 LOD100
1000
NOMINAL PROFILE / VISUAL SECTION
1000

  0
LWPOLYLINE
  5
37000
330
1F
100
AcDbEntity
  8
STRUCTURE
  6
CONTINUOUS
100
AcDbPolyline
 90
4
 70
1
 10
719.2315304548031
 20
53.63726101767208
 10
719.5915304548031
 20
53.63726101767208
 10
719.5915304548031
 20
53.99726101767208
 10
719.2315304548031
 20
53.99726101767208
1001
JETIS
1000
R02 LOD100
1000
NOMINAL PROFILE / VISUAL SECTION
1000

  0
LWPOLYLINE
  5
37200
330
1F
100
AcDbEntity
  8
STRUCTURE
  6
CONTINUOUS
100
AcDbPolyline
 90
4
 70
1
 10
725.2315304548031
 20
23.63726101767208
 10
725.5915304548031
 20
23.63726101767208
 10
725.5915304548031
 20
23.99726101767208
 10
725.2315304548031
 20
23.99726101767208
1001
JETIS
1000
R02 LOD100
1000
NOMINAL PROFILE / VISUAL SECTION
1000

  0
LWPOLYLINE
  5
37400
330
1F
100
AcDbEntity
  8
STRUCTURE
  6
CONTINUOUS
100
AcDbPolyline
 90
4
 70
1
 10
725.2315304548031
 20
53.63726101767208
 10
725.5915304548031
 20
53.63726101767208
 10
725.5915304548031
 20
53.99726101767208
 10
725.2315304548031
 20
53.99726101767208
1001
JETIS
1000
R02 LOD100
1000
NOMINAL PROFILE / VISUAL SECTION
1000

  0
LWPOLYLINE
  5
37600
330
1F
100
AcDbEntity
  8
STRUCTURE
  6
CONTINUOUS
100
AcDbPolyline
 90
4
 70
1
 10
731.2315304548031
 20
23.63726101767208
 10
731.5915304548032
 20
23.63726101767208
 10
731.5915304548032
 20
23.99726101767208
 10
731.2315304548031
 20
23.99726101767208
1001
JETIS
1000
R02 LOD100
1000
NOMINAL PROFILE / VISUAL SECTION
1000

  0
LWPOLYLINE
  5
37800
330
1F
100
AcDbEntity
  8
STRUCTURE
  6
CONTINUOUS
100
AcDbPolyline
 90
4
 70
1
 10
731.2315304548031
 20
53.63726101767208
 10
731.5915304548032
 20
53.63726101767208
 10
731.5915304548032
 20
53.99726101767208
 10
731.2315304548031
 20
53.99726101767208
1001
JETIS
1000
R02 LOD100
1000
NOMINAL PROFILE / VISUAL SECTION
1000

  0
LWPOLYLINE
  5
37A00
330
1F
100
AcDbEntity
  8
STRUCTURE
  6
CONTINUOUS
100
AcDbPolyline
 90
4
 70
1
 10
737.2315304548031
 20
23.63726101767208
 10
737.5915304548032
 20
23.63726101767208
 10
737.5915304548032
 20
23.99726101767208
 10
737.2315304548031
 20
23.99726101767208
1001
JETIS
1000
R02 LOD100
1000
NOMINAL PROFILE / VISUAL SECTION
1000

  0
LWPOLYLINE
  5
37C00
330
1F
100
AcDbEntity
  8
STRUCTURE
  6
CONTINUOUS
100
AcDbPolyline
 90
4
 70
1
 10
737.2315304548031
 20
53.63726101767208
 10
737.5915304548032
 20
53.63726101767208
 10
737.5915304548032
 20
53.99726101767208
 10
737.2315304548031
 20
53.99726101767208
1001
JETIS
1000
R02 LOD100
1000
NOMINAL PROFILE / VISUAL SECTION
1000

  0
LWPOLYLINE
  5
37E00
330
1F
100
AcDbEntity
  8
STRUCTURE
  6
CONTINUOUS
100
AcDbPolyline
 90
4
 70
1
 10
743.2315304548031
 20
23.63726101767208
 10
743.5915304548032
 20
23.63726101767208
 10
743.5915304548032
 20
23.99726101767208
 10
743.2315304548031
 20
23.99726101767208
1001
JETIS
1000
R02 LOD100
1000
NOMINAL PROFILE / VISUAL SECTION
1000

  0
LWPOLYLINE
  5
38000
330
1F
100
AcDbEntity
  8
STRUCTURE
  6
CONTINUOUS
100
AcDbPolyline
 90
4
 70
1
 10
743.2315304548031
 20
53.63726101767208
 10
743.5915304548032
 20
53.63726101767208
 10
743.5915304548032
 20
53.99726101767208
 10
743.2315304548031
 20
53.99726101767208
1001
JETIS
1000
R02 LOD100
1000
NOMINAL PROFILE / VISUAL SECTION
1000

  0
LWPOLYLINE
  5
38200
330
1F
100
AcDbEntity
  8
STRUCTURE
  6
CONTINUOUS
100
AcDbPolyline
 90
4
 70
1
 10
749.2315304548031
 20
23.63726101767208
 10
749.5915304548032
 20
23.63726101767208
 10
749.5915304548032
 20
23.99726101767208
 10
749.2315304548031
 20
23.99726101767208
1001
JETIS
1000
R02 LOD100
1000
NOMINAL PROFILE / VISUAL SECTION
1000

  0
LWPOLYLINE
  5
38400
330
1F
100
AcDbEntity
  8
STRUCTURE
  6
CONTINUOUS
100
AcDbPolyline
 90
4
 70
1
 10
749.2315304548031
 20
53.63726101767208
 10
749.5915304548032
 20
53.63726101767208
 10
749.5915304548032
 20
53.99726101767208
 10
749.2315304548031
 20
53.99726101767208
1001
JETIS
1000
R02 LOD100
1000
NOMINAL PROFILE / VISUAL SECTION
1000

  0
LWPOLYLINE
  5
38600
330
1F
100
AcDbEntity
  8
STRUCTURE
  6
CONTINUOUS
100
AcDbPolyline
 90
4
 70
1
 10
629.2315304548032
 20
83.63726101767207
 10
629.5915304548031
 20
83.63726101767207
 10
629.5915304548031
 20
83.99726101767207
 10
629.2315304548032
 20
83.99726101767207
1001
JETIS
1000
R02 LOD100
1000
NOMINAL PROFILE / VISUAL SECTION
1000

  0
LWPOLYLINE
  5
38800
330
1F
100
AcDbEntity
  8
STRUCTURE
  6
CONTINUOUS
100
AcDbPolyline
 90
4
 70
1
 10
635.2315304548032
 20
83.63726101767207
 10
635.5915304548031
 20
83.63726101767207
 10
635.5915304548031
 20
83.99726101767207
 10
635.2315304548032
 20
83.99726101767207
1001
JETIS
1000
R02 LOD100
1000
NOMINAL PROFILE / VISUAL SECTION
1000

  0
LWPOLYLINE
  5
38A00
330
1F
100
AcDbEntity
  8
STRUCTURE
  6
CONTINUOUS
100
AcDbPolyline
 90
4
 70
1
 10
641.2315304548032
 20
83.63726101767207
 10
641.5915304548031
 20
83.63726101767207
 10
641.5915304548031
 20
83.99726101767207
 10
641.2315304548032
 20
83.99726101767207
1001
JETIS
1000
R02 LOD100
1000
NOMINAL PROFILE / VISUAL SECTION
1000

  0
LWPOLYLINE
  5
38C00
330
1F
100
AcDbEntity
  8
STRUCTURE
  6
CONTINUOUS
100
AcDbPolyline
 90
4
 70
1
 10
647.2315304548032
 20
83.63726101767207
 10
647.5915304548031
 20
83.63726101767207
 10
647.5915304548031
 20
83.99726101767207
 10
647.2315304548032
 20
83.99726101767207
1001
JETIS
1000
R02 LOD100
1000
NOMINAL PROFILE / VISUAL SECTION
1000

  0
LWPOLYLINE
  5
38E00
330
1F
100
AcDbEntity
  8
STRUCTURE
  6
CONTINUOUS
100
AcDbPolyline
 90
4
 70
1
 10
653.2315304548032
 20
83.63726101767207
 10
653.5915304548031
 20
83.63726101767207
 10
653.5915304548031
 20
83.99726101767207
 10
653.2315304548032
 20
83.99726101767207
1001
JETIS
1000
R02 LOD100
1000
NOMINAL PROFILE / VISUAL SECTION
1000

  0
LWPOLYLINE
  5
39000
330
1F
100
AcDbEntity
  8
STRUCTURE
  6
CONTINUOUS
100
AcDbPolyline
 90
4
 70
1
 10
659.2315304548032
 20
83.63726101767207
 10
659.5915304548031
 20
83.63726101767207
 10
659.5915304548031
 20
83.99726101767207
 10
659.2315304548032
 20
83.99726101767207
1001
JETIS
1000
R02 LOD100
1000
NOMINAL PROFILE / VISUAL SECTION
1000

  0
LWPOLYLINE
  5
39200
330
1F
100
AcDbEntity
  8
STRUCTURE
  6
CONTINUOUS
100
AcDbPolyline
 90
4
 70
1
 10
665.2315304548031
 20
83.63726101767207
 10
665.5915304548031
 20
83.63726101767207
 10
665.5915304548031
 20
83.99726101767207
 10
665.2315304548031
 20
83.99726101767207
1001
JETIS
1000
R02 LOD100
1000
NOMINAL PROFILE / VISUAL SECTION
1000

  0
LWPOLYLINE
  5
39400
330
1F
100
AcDbEntity
  8
STRUCTURE
  6
CONTINUOUS
100
AcDbPolyline
 90
4
 70
1
 10
671.2315304548031
 20
83.63726101767207
 10
671.5915304548031
 20
83.63726101767207
 10
671.5915304548031
 20
83.99726101767207
 10
671.2315304548031
 20
83.99726101767207
1001
JETIS
1000
R02 LOD100
1000
NOMINAL PROFILE / VISUAL SECTION
1000

  0
LWPOLYLINE
  5
39600
330
1F
100
AcDbEntity
  8
STRUCTURE
  6
CONTINUOUS
100
AcDbPolyline
 90
4
 70
1
 10
677.2315304548031
 20
83.63726101767207
 10
677.5915304548031
 20
83.63726101767207
 10
677.5915304548031
 20
83.99726101767207
 10
677.2315304548031
 20
83.99726101767207
1001
JETIS
1000
R02 LOD100
1000
NOMINAL PROFILE / VISUAL SECTION
1000

  0
LWPOLYLINE
  5
39800
330
1F
100
AcDbEntity
  8
STRUCTURE
  6
CONTINUOUS
100
AcDbPolyline
 90
4
 70
1
 10
683.2315304548031
 20
83.63726101767207
 10
683.5915304548031
 20
83.63726101767207
 10
683.5915304548031
 20
83.99726101767207
 10
683.2315304548031
 20
83.99726101767207
1001
JETIS
1000
R02 LOD100
1000
NOMINAL PROFILE / VISUAL SECTION
1000

  0
LWPOLYLINE
  5
39A00
330
1F
100
AcDbEntity
  8
STRUCTURE
  6
CONTINUOUS
100
AcDbPolyline
 90
4
 70
1
 10
689.2315304548031
 20
83.63726101767207
 10
689.5915304548031
 20
83.63726101767207
 10
689.5915304548031
 20
83.99726101767207
 10
689.2315304548031
 20
83.99726101767207
1001
JETIS
1000
R02 LOD100
1000
NOMINAL PROFILE / VISUAL SECTION
1000

  0
LWPOLYLINE
  5
39C00
330
1F
100
AcDbEntity
  8
STRUCTURE
  6
CONTINUOUS
100
AcDbPolyline
 90
4
 70
1
 10
695.2315304548031
 20
83.63726101767207
 10
695.5915304548031
 20
83.63726101767207
 10
695.5915304548031
 20
83.99726101767207
 10
695.2315304548031
 20
83.99726101767207
1001
JETIS
1000
R02 LOD100
1000
NOMINAL PROFILE / VISUAL SECTION
1000

  0
LWPOLYLINE
  5
39E00
330
1F
100
AcDbEntity
  8
STRUCTURE
  6
CONTINUOUS
100
AcDbPolyline
 90
4
 70
1
 10
701.2315304548031
 20
83.63726101767207
 10
701.5915304548031
 20
83.63726101767207
 10
701.5915304548031
 20
83.99726101767207
 10
701.2315304548031
 20
83.99726101767207
1001
JETIS
1000
R02 LOD100
1000
NOMINAL PROFILE / VISUAL SECTION
1000

  0
LWPOLYLINE
  5
3A000
330
1F
100
AcDbEntity
  8
STRUCTURE
  6
CONTINUOUS
100
AcDbPolyline
 90
4
 70
1
 10
707.2315304548031
 20
83.63726101767207
 10
707.5915304548031
 20
83.63726101767207
 10
707.5915304548031
 20
83.99726101767207
 10
707.2315304548031
 20
83.99726101767207
1001
JETIS
1000
R02 LOD100
1000
NOMINAL PROFILE / VISUAL SECTION
1000

  0
LWPOLYLINE
  5
3A200
330
1F
100
AcDbEntity
  8
STRUCTURE
  6
CONTINUOUS
100
AcDbPolyline
 90
4
 70
1
 10
713.2315304548031
 20
83.63726101767207
 10
713.5915304548031
 20
83.63726101767207
 10
713.5915304548031
 20
83.99726101767207
 10
713.2315304548031
 20
83.99726101767207
1001
JETIS
1000
R02 LOD100
1000
NOMINAL PROFILE / VISUAL SECTION
1000

  0
LWPOLYLINE
  5
3A400
330
1F
100
AcDbEntity
  8
STRUCTURE
  6
CONTINUOUS
100
AcDbPolyline
 90
4
 70
1
 10
719.2315304548031
 20
83.63726101767207
 10
719.5915304548031
 20
83.63726101767207
 10
719.5915304548031
 20
83.99726101767207
 10
719.2315304548031
 20
83.99726101767207
1001
JETIS
1000
R02 LOD100
1000
NOMINAL PROFILE / VISUAL SECTION
1000

  0
LWPOLYLINE
  5
3A600
330
1F
100
AcDbEntity
  8
STRUCTURE
  6
CONTINUOUS
100
AcDbPolyline
 90
4
 70
1
 10
725.2315304548031
 20
83.63726101767207
 10
725.5915304548031
 20
83.63726101767207
 10
725.5915304548031
 20
83.99726101767207
 10
725.2315304548031
 20
83.99726101767207
1001
JETIS
1000
R02 LOD100
1000
NOMINAL PROFILE / VISUAL SECTION
1000

  0
LWPOLYLINE
  5
3A800
330
1F
100
AcDbEntity
  8
STRUCTURE
  6
CONTINUOUS
100
AcDbPolyline
 90
4
 70
1
 10
731.2315304548031
 20
83.63726101767207
 10
731.5915304548032
 20
83.63726101767207
 10
731.5915304548032
 20
83.99726101767207
 10
731.2315304548031
 20
83.99726101767207
1001
JETIS
1000
R02 LOD100
1000
NOMINAL PROFILE / VISUAL SECTION
1000

  0
LWPOLYLINE
  5
3AA00
330
1F
100
AcDbEntity
  8
STRUCTURE
  6
CONTINUOUS
100
AcDbPolyline
 90
4
 70
1
 10
737.2315304548031
 20
83.63726101767207
 10
737.5915304548032
 20
83.63726101767207
 10
737.5915304548032
 20
83.99726101767207
 10
737.2315304548031
 20
83.99726101767207
1001
JETIS
1000
R02 LOD100
1000
NOMINAL PROFILE / VISUAL SECTION
1000

  0
LWPOLYLINE
  5
3AC00
330
1F
100
AcDbEntity
  8
STRUCTURE
  6
CONTINUOUS
100
AcDbPolyline
 90
4
 70
1
 10
743.2315304548031
 20
83.63726101767207
 10
743.5915304548032
 20
83.63726101767207
 10
743.5915304548032
 20
83.99726101767207
 10
743.2315304548031
 20
83.99726101767207
1001
JETIS
1000
R02 LOD100
1000
NOMINAL PROFILE / VISUAL SECTION
1000

  0
LWPOLYLINE
  5
3AE00
330
1F
100
AcDbEntity
  8
WALL
  6
CONTINUOUS
100
AcDbPolyline
 90
4
 70
1
 10
653.4115304465213
 20
103.74226101792128
 10
654.9115304465213
 20
103.74226101792128
 10
654.9115304465213
 20
103.89226101792129
 10
653.4115304465213
 20
103.89226101792129
1001
JETIS
1000
R02 LOD100
1000
SOURCE-ALIGNED ENVELOPE
1000

  0
LWPOLYLINE
  5
3B000
330
1F
100
AcDbEntity
  8
WALL
  6
CONTINUOUS
100
AcDbPolyline
 90
4
 70
1
 10
657.9115304465213
 20
103.74226101792128
 10
666.9115304465213
 20
103.74226101792128
 10
666.9115304465213
 20
103.89226101792129
 10
657.9115304465213
 20
103.89226101792129
1001
JETIS
1000
R02 LOD100
1000
SOURCE-ALIGNED ENVELOPE
1000

  0
LWPOLYLINE
  5
3B200
330
1F
100
AcDbEntity
  8
WALL
  6
CONTINUOUS
100
AcDbPolyline
 90
4
 70
1
 10
669.9115304465213
 20
103.74226101792128
 10
678.9115304465213
 20
103.74226101792128
 10
678.9115304465213
 20
103.89226101792129
 10
669.9115304465213
 20
103.89226101792129
1001
JETIS
1000
R02 LOD100
1000
SOURCE-ALIGNED ENVELOPE
1000

  0
LWPOLYLINE
  5
3B400
330
1F
100
AcDbEntity
  8
WALL
  6
CONTINUOUS
100
AcDbPolyline
 90
4
 70
1
 10
681.9115304465213
 20
103.74226101792128
 10
690.9115304465213
 20
103.74226101792128
 10
690.9115304465213
 20
103.89226101792129
 10
681.9115304465213
 20
103.89226101792129
1001
JETIS
1000
R02 LOD100
1000
SOURCE-ALIGNED ENVELOPE
1000

  0
LWPOLYLINE
  5
3B600
330
1F
100
AcDbEntity
  8
WALL
  6
CONTINUOUS
100
AcDbPolyline
 90
4
 70
1
 10
693.9115304465213
 20
103.74226101792128
 10
702.9115304465213
 20
103.74226101792128
 10
702.9115304465213
 20
103.89226101792129
 10
693.9115304465213
 20
103.89226101792129
1001
JETIS
1000
R02 LOD100
1000
SOURCE-ALIGNED ENVELOPE
1000

  0
LWPOLYLINE
  5
3B800
330
1F
100
AcDbEntity
  8
WALL
  6
CONTINUOUS
100
AcDbPolyline
 90
4
 70
1
 10
705.9115304465213
 20
103.74226101792128
 10
714.9115304465213
 20
103.74226101792128
 10
714.9115304465213
 20
103.89226101792129
 10
705.9115304465213
 20
103.89226101792129
1001
JETIS
1000
R02 LOD100
1000
SOURCE-ALIGNED ENVELOPE
1000

  0
LWPOLYLINE
  5
3BA00
330
1F
100
AcDbEntity
  8
WALL
  6
CONTINUOUS
100
AcDbPolyline
 90
4
 70
1
 10
717.9115304465213
 20
103.74226101792128
 10
726.9115304465213
 20
103.74226101792128
 10
726.9115304465213
 20
103.89226101792129
 10
717.9115304465213
 20
103.89226101792129
1001
JETIS
1000
R02 LOD100
1000
SOURCE-ALIGNED ENVELOPE
1000

  0
LWPOLYLINE
  5
3BC00
330
1F
100
AcDbEntity
  8
WALL
  6
CONTINUOUS
100
AcDbPolyline
 90
4
 70
1
 10
729.9115304465213
 20
103.74226101792128
 10
737.4115304465213
 20
103.74226101792128
 10
737.4115304465213
 20
103.89226101792129
 10
729.9115304465213
 20
103.89226101792129
1001
JETIS
1000
R02 LOD100
1000
SOURCE-ALIGNED ENVELOPE
1000

  0
LWPOLYLINE
  5
3BE00
330
1F
100
AcDbEntity
  8
WALL
  6
CONTINUOUS
100
AcDbPolyline
 90
4
 70
1
 10
653.3365304465212
 20
103.81726101792128
 10
653.4865304465213
 20
103.81726101792128
 10
653.4865304465213
 20
139.81726101792128
 10
653.3365304465212
 20
139.81726101792128
1001
JETIS
1000
R02 LOD100
1000
SOURCE-ALIGNED ENVELOPE
1000

  0
LWPOLYLINE
  5
3C000
330
1F
100
AcDbEntity
  8
WALL
  6
CONTINUOUS
100
AcDbPolyline
 90
4
 70
1
 10
737.3365304465212
 20
103.81726101792128
 10
737.4865304465213
 20
103.81726101792128
 10
737.4865304465213
 20
133.81726101792128
 10
737.3365304465212
 20
133.81726101792128
1001
JETIS
1000
R02 LOD100
1000
SOURCE-ALIGNED ENVELOPE
1000

  0
LWPOLYLINE
  5
3C200
330
1F
100
AcDbEntity
  8
STRUCTURE
  6
CONTINUOUS
100
AcDbPolyline
 90
4
 70
1
 10
653.2315304465213
 20
103.63726101792128
 10
653.5915304465212
 20
103.63726101792128
 10
653.5915304465212
 20
103.99726101792128
 10
653.2315304465213
 20
103.99726101792128
1001
JETIS
1000
R02 LOD100
1000
NOMINAL PROFILE / VISUAL SECTION
1000

  0
LWPOLYLINE
  5
3C400
330
1F
100
AcDbEntity
  8
STRUCTURE
  6
CONTINUOUS
100
AcDbPolyline
 90
4
 70
1
 10
653.2315304465213
 20
133.63726101792128
 10
653.5915304465212
 20
133.63726101792128
 10
653.5915304465212
 20
133.9972610179213
 10
653.2315304465213
 20
133.9972610179213
1001
JETIS
1000
R02 LOD100
1000
NOMINAL PROFILE / VISUAL SECTION
1000

  0
LWPOLYLINE
  5
3C600
330
1F
100
AcDbEntity
  8
STRUCTURE
  6
CONTINUOUS
100
AcDbPolyline
 90
4
 70
1
 10
653.2315304465213
 20
139.63726101792128
 10
653.5915304465212
 20
139.63726101792128
 10
653.5915304465212
 20
139.9972610179213
 10
653.2315304465213
 20
139.9972610179213
1001
JETIS
1000
R02 LOD100
1000
NOMINAL PROFILE / VISUAL SECTION
1000

  0
LWPOLYLINE
  5
3C800
330
1F
100
AcDbEntity
  8
STRUCTURE
  6
CONTINUOUS
100
AcDbPolyline
 90
4
 70
1
 10
659.2315304465213
 20
103.63726101792128
 10
659.5915304465212
 20
103.63726101792128
 10
659.5915304465212
 20
103.99726101792128
 10
659.2315304465213
 20
103.99726101792128
1001
JETIS
1000
R02 LOD100
1000
NOMINAL PROFILE / VISUAL SECTION
1000

  0
LWPOLYLINE
  5
3CA00
330
1F
100
AcDbEntity
  8
STRUCTURE
  6
CONTINUOUS
100
AcDbPolyline
 90
4
 70
1
 10
659.2315304465213
 20
133.63726101792128
 10
659.5915304465212
 20
133.63726101792128
 10
659.5915304465212
 20
133.9972610179213
 10
659.2315304465213
 20
133.9972610179213
1001
JETIS
1000
R02 LOD100
1000
NOMINAL PROFILE / VISUAL SECTION
1000

  0
LWPOLYLINE
  5
3CC00
330
1F
100
AcDbEntity
  8
STRUCTURE
  6
CONTINUOUS
100
AcDbPolyline
 90
4
 70
1
 10
659.2315304465213
 20
139.20868958934983
 10
659.5915304465212
 20
139.20868958934983
 10
659.5915304465212
 20
139.56868958934984
 10
659.2315304465213
 20
139.56868958934984
1001
JETIS
1000
R02 LOD100
1000
NOMINAL PROFILE / VISUAL SECTION
1000

  0
LWPOLYLINE
  5
3CE00
330
1F
100
AcDbEntity
  8
STRUCTURE
  6
CONTINUOUS
100
AcDbPolyline
 90
4
 70
1
 10
665.2315304465212
 20
103.63726101792128
 10
665.5915304465212
 20
103.63726101792128
 10
665.5915304465212
 20
103.99726101792128
 10
665.2315304465212
 20
103.99726101792128
1001
JETIS
1000
R02 LOD100
1000
NOMINAL PROFILE / VISUAL SECTION
1000

  0
LWPOLYLINE
  5
3D000
330
1F
100
AcDbEntity
  8
STRUCTURE
  6
CONTINUOUS
100
AcDbPolyline
 90
4
 70
1
 10
665.2315304465212
 20
133.63726101792128
 10
665.5915304465212
 20
133.63726101792128
 10
665.5915304465212
 20
133.9972610179213
 10
665.2315304465212
 20
133.9972610179213
1001
JETIS
1000
R02 LOD100
1000
NOMINAL PROFILE / VISUAL SECTION
1000

  0
LWPOLYLINE
  5
3D200
330
1F
100
AcDbEntity
  8
STRUCTURE
  6
CONTINUOUS
100
AcDbPolyline
 90
4
 70
1
 10
665.2315304465212
 20
138.78011816077841
 10
665.5915304465212
 20
138.78011816077841
 10
665.5915304465212
 20
139.14011816077843
 10
665.2315304465212
 20
139.14011816077843
1001
JETIS
1000
R02 LOD100
1000
NOMINAL PROFILE / VISUAL SECTION
1000

  0
LWPOLYLINE
  5
3D400
330
1F
100
AcDbEntity
  8
STRUCTURE
  6
CONTINUOUS
100
AcDbPolyline
 90
4
 70
1
 10
671.2315304465212
 20
103.63726101792128
 10
671.5915304465212
 20
103.63726101792128
 10
671.5915304465212
 20
103.99726101792128
 10
671.2315304465212
 20
103.99726101792128
1001
JETIS
1000
R02 LOD100
1000
NOMINAL PROFILE / VISUAL SECTION
1000

  0
LWPOLYLINE
  5
3D600
330
1F
100
AcDbEntity
  8
STRUCTURE
  6
CONTINUOUS
100
AcDbPolyline
 90
4
 70
1
 10
671.2315304465212
 20
133.63726101792128
 10
671.5915304465212
 20
133.63726101792128
 10
671.5915304465212
 20
133.9972610179213
 10
671.2315304465212
 20
133.9972610179213
1001
JETIS
1000
R02 LOD100
1000
NOMINAL PROFILE / VISUAL SECTION
1000

  0
LWPOLYLINE
  5
3D800
330
1F
100
AcDbEntity
  8
STRUCTURE
  6
CONTINUOUS
100
AcDbPolyline
 90
4
 70
1
 10
671.2315304465212
 20
138.351546732207
 10
671.5915304465212
 20
138.351546732207
 10
671.5915304465212
 20
138.711546732207
 10
671.2315304465212
 20
138.711546732207
1001
JETIS
1000
R02 LOD100
1000
NOMINAL PROFILE / VISUAL SECTION
1000

  0
LWPOLYLINE
  5
3DA00
330
1F
100
AcDbEntity
  8
STRUCTURE
  6
CONTINUOUS
100
AcDbPolyline
 90
4
 70
1
 10
677.2315304465212
 20
103.63726101792128
 10
677.5915304465212
 20
103.63726101792128
 10
677.5915304465212
 20
103.99726101792128
 10
677.2315304465212
 20
103.99726101792128
1001
JETIS
1000
R02 LOD100
1000
NOMINAL PROFILE / VISUAL SECTION
1000

  0
LWPOLYLINE
  5
3DC00
330
1F
100
AcDbEntity
  8
STRUCTURE
  6
CONTINUOUS
100
AcDbPolyline
 90
4
 70
1
 10
677.2315304465212
 20
133.63726101792128
 10
677.5915304465212
 20
133.63726101792128
 10
677.5915304465212
 20
133.9972610179213
 10
677.2315304465212
 20
133.9972610179213
1001
JETIS
1000
R02 LOD100
1000
NOMINAL PROFILE / VISUAL SECTION
1000

  0
LWPOLYLINE
  5
3DE00
330
1F
100
AcDbEntity
  8
STRUCTURE
  6
CONTINUOUS
100
AcDbPolyline
 90
4
 70
1
 10
677.2315304465212
 20
137.92297530363555
 10
677.5915304465212
 20
137.92297530363555
 10
677.5915304465212
 20
138.28297530363557
 10
677.2315304465212
 20
138.28297530363557
1001
JETIS
1000
R02 LOD100
1000
NOMINAL PROFILE / VISUAL SECTION
1000

  0
LWPOLYLINE
  5
3E000
330
1F
100
AcDbEntity
  8
STRUCTURE
  6
CONTINUOUS
100
AcDbPolyline
 90
4
 70
1
 10
683.2315304465212
 20
103.63726101792128
 10
683.5915304465212
 20
103.63726101792128
 10
683.5915304465212
 20
103.99726101792128
 10
683.2315304465212
 20
103.99726101792128
1001
JETIS
1000
R02 LOD100
1000
NOMINAL PROFILE / VISUAL SECTION
1000

  0
LWPOLYLINE
  5
3E200
330
1F
100
AcDbEntity
  8
STRUCTURE
  6
CONTINUOUS
100
AcDbPolyline
 90
4
 70
1
 10
683.2315304465212
 20
133.63726101792128
 10
683.5915304465212
 20
133.63726101792128
 10
683.5915304465212
 20
133.9972610179213
 10
683.2315304465212
 20
133.9972610179213
1001
JETIS
1000
R02 LOD100
1000
NOMINAL PROFILE / VISUAL SECTION
1000

  0
LWPOLYLINE
  5
3E400
330
1F
100
AcDbEntity
  8
STRUCTURE
  6
CONTINUOUS
100
AcDbPolyline
 90
4
 70
1
 10
683.2315304465212
 20
137.49440387506414
 10
683.5915304465212
 20
137.49440387506414
 10
683.5915304465212
 20
137.85440387506415
 10
683.2315304465212
 20
137.85440387506415
1001
JETIS
1000
R02 LOD100
1000
NOMINAL PROFILE / VISUAL SECTION
1000

  0
LWPOLYLINE
  5
3E600
330
1F
100
AcDbEntity
  8
STRUCTURE
  6
CONTINUOUS
100
AcDbPolyline
 90
4
 70
1
 10
689.2315304465212
 20
103.63726101792128
 10
689.5915304465212
 20
103.63726101792128
 10
689.5915304465212
 20
103.99726101792128
 10
689.2315304465212
 20
103.99726101792128
1001
JETIS
1000
R02 LOD100
1000
NOMINAL PROFILE / VISUAL SECTION
1000

  0
LWPOLYLINE
  5
3E800
330
1F
100
AcDbEntity
  8
STRUCTURE
  6
CONTINUOUS
100
AcDbPolyline
 90
4
 70
1
 10
689.2315304465212
 20
133.63726101792128
 10
689.5915304465212
 20
133.63726101792128
 10
689.5915304465212
 20
133.9972610179213
 10
689.2315304465212
 20
133.9972610179213
1001
JETIS
1000
R02 LOD100
1000
NOMINAL PROFILE / VISUAL SECTION
1000

  0
LWPOLYLINE
  5
3EA00
330
1F
100
AcDbEntity
  8
STRUCTURE
  6
CONTINUOUS
100
AcDbPolyline
 90
4
 70
1
 10
689.2315304465212
 20
137.06583244649272
 10
689.5915304465212
 20
137.06583244649272
 10
689.5915304465212
 20
137.42583244649273
 10
689.2315304465212
 20
137.42583244649273
1001
JETIS
1000
R02 LOD100
1000
NOMINAL PROFILE / VISUAL SECTION
1000

  0
LWPOLYLINE
  5
3EC00
330
1F
100
AcDbEntity
  8
STRUCTURE
  6
CONTINUOUS
100
AcDbPolyline
 90
4
 70
1
 10
695.2315304465212
 20
103.63726101792128
 10
695.5915304465212
 20
103.63726101792128
 10
695.5915304465212
 20
103.99726101792128
 10
695.2315304465212
 20
103.99726101792128
1001
JETIS
1000
R02 LOD100
1000
NOMINAL PROFILE / VISUAL SECTION
1000

  0
LWPOLYLINE
  5
3EE00
330
1F
100
AcDbEntity
  8
STRUCTURE
  6
CONTINUOUS
100
AcDbPolyline
 90
4
 70
1
 10
695.2315304465212
 20
133.63726101792128
 10
695.5915304465212
 20
133.63726101792128
 10
695.5915304465212
 20
133.9972610179213
 10
695.2315304465212
 20
133.9972610179213
1001
JETIS
1000
R02 LOD100
1000
NOMINAL PROFILE / VISUAL SECTION
1000

  0
LWPOLYLINE
  5
3F000
330
1F
100
AcDbEntity
  8
STRUCTURE
  6
CONTINUOUS
100
AcDbPolyline
 90
4
 70
1
 10
695.2315304465212
 20
136.63726101792128
 10
695.5915304465212
 20
136.63726101792128
 10
695.5915304465212
 20
136.9972610179213
 10
695.2315304465212
 20
136.9972610179213
1001
JETIS
1000
R02 LOD100
1000
NOMINAL PROFILE / VISUAL SECTION
1000

  0
LWPOLYLINE
  5
3F200
330
1F
100
AcDbEntity
  8
STRUCTURE
  6
CONTINUOUS
100
AcDbPolyline
 90
4
 70
1
 10
701.2315304465212
 20
103.63726101792128
 10
701.5915304465212
 20
103.63726101792128
 10
701.5915304465212
 20
103.99726101792128
 10
701.2315304465212
 20
103.99726101792128
1001
JETIS
1000
R02 LOD100
1000
NOMINAL PROFILE / VISUAL SECTION
1000

  0
LWPOLYLINE
  5
3F400
330
1F
100
AcDbEntity
  8
STRUCTURE
  6
CONTINUOUS
100
AcDbPolyline
 90
4
 70
1
 10
701.2315304465212
 20
133.63726101792128
 10
701.5915304465212
 20
133.63726101792128
 10
701.5915304465212
 20
133.9972610179213
 10
701.2315304465212
 20
133.9972610179213
1001
JETIS
1000
R02 LOD100
1000
NOMINAL PROFILE / VISUAL SECTION
1000

  0
LWPOLYLINE
  5
3F600
330
1F
100
AcDbEntity
  8
STRUCTURE
  6
CONTINUOUS
100
AcDbPolyline
 90
4
 70
1
 10
701.2315304465212
 20
136.20868958934983
 10
701.5915304465212
 20
136.20868958934983
 10
701.5915304465212
 20
136.56868958934984
 10
701.2315304465212
 20
136.56868958934984
1001
JETIS
1000
R02 LOD100
1000
NOMINAL PROFILE / VISUAL SECTION
1000

  0
LWPOLYLINE
  5
3F800
330
1F
100
AcDbEntity
  8
STRUCTURE
  6
CONTINUOUS
100
AcDbPolyline
 90
4
 70
1
 10
707.2315304465212
 20
103.63726101792128
 10
707.5915304465212
 20
103.63726101792128
 10
707.5915304465212
 20
103.99726101792128
 10
707.2315304465212
 20
103.99726101792128
1001
JETIS
1000
R02 LOD100
1000
NOMINAL PROFILE / VISUAL SECTION
1000

  0
LWPOLYLINE
  5
3FA00
330
1F
100
AcDbEntity
  8
STRUCTURE
  6
CONTINUOUS
100
AcDbPolyline
 90
4
 70
1
 10
707.2315304465212
 20
133.63726101792128
 10
707.5915304465212
 20
133.63726101792128
 10
707.5915304465212
 20
133.9972610179213
 10
707.2315304465212
 20
133.9972610179213
1001
JETIS
1000
R02 LOD100
1000
NOMINAL PROFILE / VISUAL SECTION
1000

  0
LWPOLYLINE
  5
3FC00
330
1F
100
AcDbEntity
  8
STRUCTURE
  6
CONTINUOUS
100
AcDbPolyline
 90
4
 70
1
 10
707.2315304465212
 20
135.78011816077841
 10
707.5915304465212
 20
135.78011816077841
 10
707.5915304465212
 20
136.14011816077843
 10
707.2315304465212
 20
136.14011816077843
1001
JETIS
1000
R02 LOD100
1000
NOMINAL PROFILE / VISUAL SECTION
1000

  0
LWPOLYLINE
  5
3FE00
330
1F
100
AcDbEntity
  8
STRUCTURE
  6
CONTINUOUS
100
AcDbPolyline
 90
4
 70
1
 10
713.2315304465212
 20
103.63726101792128
 10
713.5915304465212
 20
103.63726101792128
 10
713.5915304465212
 20
103.99726101792128
 10
713.2315304465212
 20
103.99726101792128
1001
JETIS
1000
R02 LOD100
1000
NOMINAL PROFILE / VISUAL SECTION
1000

  0
LWPOLYLINE
  5
40000
330
1F
100
AcDbEntity
  8
STRUCTURE
  6
CONTINUOUS
100
AcDbPolyline
 90
4
 70
1
 10
713.2315304465212
 20
133.63726101792128
 10
713.5915304465212
 20
133.63726101792128
 10
713.5915304465212
 20
133.9972610179213
 10
713.2315304465212
 20
133.9972610179213
1001
JETIS
1000
R02 LOD100
1000
NOMINAL PROFILE / VISUAL SECTION
1000

  0
LWPOLYLINE
  5
40200
330
1F
100
AcDbEntity
  8
STRUCTURE
  6
CONTINUOUS
100
AcDbPolyline
 90
4
 70
1
 10
713.2315304465212
 20
135.351546732207
 10
713.5915304465212
 20
135.351546732207
 10
713.5915304465212
 20
135.711546732207
 10
713.2315304465212
 20
135.711546732207
1001
JETIS
1000
R02 LOD100
1000
NOMINAL PROFILE / VISUAL SECTION
1000

  0
LWPOLYLINE
  5
40400
330
1F
100
AcDbEntity
  8
STRUCTURE
  6
CONTINUOUS
100
AcDbPolyline
 90
4
 70
1
 10
719.2315304465212
 20
103.63726101792128
 10
719.5915304465212
 20
103.63726101792128
 10
719.5915304465212
 20
103.99726101792128
 10
719.2315304465212
 20
103.99726101792128
1001
JETIS
1000
R02 LOD100
1000
NOMINAL PROFILE / VISUAL SECTION
1000

  0
LWPOLYLINE
  5
40600
330
1F
100
AcDbEntity
  8
STRUCTURE
  6
CONTINUOUS
100
AcDbPolyline
 90
4
 70
1
 10
719.2315304465212
 20
133.63726101792128
 10
719.5915304465212
 20
133.63726101792128
 10
719.5915304465212
 20
133.9972610179213
 10
719.2315304465212
 20
133.9972610179213
1001
JETIS
1000
R02 LOD100
1000
NOMINAL PROFILE / VISUAL SECTION
1000

  0
LWPOLYLINE
  5
40800
330
1F
100
AcDbEntity
  8
STRUCTURE
  6
CONTINUOUS
100
AcDbPolyline
 90
4
 70
1
 10
719.2315304465212
 20
134.92297530363555
 10
719.5915304465212
 20
134.92297530363555
 10
719.5915304465212
 20
135.28297530363557
 10
719.2315304465212
 20
135.28297530363557
1001
JETIS
1000
R02 LOD100
1000
NOMINAL PROFILE / VISUAL SECTION
1000

  0
LWPOLYLINE
  5
40A00
330
1F
100
AcDbEntity
  8
STRUCTURE
  6
CONTINUOUS
100
AcDbPolyline
 90
4
 70
1
 10
725.2315304465212
 20
103.63726101792128
 10
725.5915304465212
 20
103.63726101792128
 10
725.5915304465212
 20
103.99726101792128
 10
725.2315304465212
 20
103.99726101792128
1001
JETIS
1000
R02 LOD100
1000
NOMINAL PROFILE / VISUAL SECTION
1000

  0
LWPOLYLINE
  5
40C00
330
1F
100
AcDbEntity
  8
STRUCTURE
  6
CONTINUOUS
100
AcDbPolyline
 90
4
 70
1
 10
725.2315304465212
 20
133.63726101792128
 10
725.5915304465212
 20
133.63726101792128
 10
725.5915304465212
 20
133.9972610179213
 10
725.2315304465212
 20
133.9972610179213
1001
JETIS
1000
R02 LOD100
1000
NOMINAL PROFILE / VISUAL SECTION
1000

  0
LWPOLYLINE
  5
40E00
330
1F
100
AcDbEntity
  8
STRUCTURE
  6
CONTINUOUS
100
AcDbPolyline
 90
4
 70
1
 10
725.2315304465212
 20
134.49440387506414
 10
725.5915304465212
 20
134.49440387506414
 10
725.5915304465212
 20
134.85440387506415
 10
725.2315304465212
 20
134.85440387506415
1001
JETIS
1000
R02 LOD100
1000
NOMINAL PROFILE / VISUAL SECTION
1000

  0
LWPOLYLINE
  5
41000
330
1F
100
AcDbEntity
  8
STRUCTURE
  6
CONTINUOUS
100
AcDbPolyline
 90
4
 70
1
 10
731.2315304465212
 20
103.63726101792128
 10
731.5915304465213
 20
103.63726101792128
 10
731.5915304465213
 20
103.99726101792128
 10
731.2315304465212
 20
103.99726101792128
1001
JETIS
1000
R02 LOD100
1000
NOMINAL PROFILE / VISUAL SECTION
1000

  0
LWPOLYLINE
  5
41200
330
1F
100
AcDbEntity
  8
STRUCTURE
  6
CONTINUOUS
100
AcDbPolyline
 90
4
 70
1
 10
731.2315304465212
 20
133.63726101792128
 10
731.5915304465213
 20
133.63726101792128
 10
731.5915304465213
 20
133.9972610179213
 10
731.2315304465212
 20
133.9972610179213
1001
JETIS
1000
R02 LOD100
1000
NOMINAL PROFILE / VISUAL SECTION
1000

  0
LWPOLYLINE
  5
41400
330
1F
100
AcDbEntity
  8
STRUCTURE
  6
CONTINUOUS
100
AcDbPolyline
 90
4
 70
1
 10
731.2315304465212
 20
134.06583244649272
 10
731.5915304465213
 20
134.06583244649272
 10
731.5915304465213
 20
134.42583244649273
 10
731.2315304465212
 20
134.42583244649273
1001
JETIS
1000
R02 LOD100
1000
NOMINAL PROFILE / VISUAL SECTION
1000

  0
LWPOLYLINE
  5
41600
330
1F
100
AcDbEntity
  8
STRUCTURE
  6
CONTINUOUS
100
AcDbPolyline
 90
4
 70
1
 10
737.2315304465212
 20
103.63726101792128
 10
737.5915304465213
 20
103.63726101792128
 10
737.5915304465213
 20
103.99726101792128
 10
737.2315304465212
 20
103.99726101792128
1001
JETIS
1000
R02 LOD100
1000
NOMINAL PROFILE / VISUAL SECTION
1000

  0
LWPOLYLINE
  5
41800
330
1F
100
AcDbEntity
  8
STRUCTURE
  6
CONTINUOUS
100
AcDbPolyline
 90
4
 70
1
 10
737.2315304465212
 20
133.63726101792128
 10
737.5915304465213
 20
133.63726101792128
 10
737.5915304465213
 20
133.9972610179213
 10
737.2315304465212
 20
133.9972610179213
1001
JETIS
1000
R02 LOD100
1000
NOMINAL PROFILE / VISUAL SECTION
1000

  0
LWPOLYLINE
  5
41A00
330
1F
100
AcDbEntity
  8
WALL
  6
CONTINUOUS
100
AcDbPolyline
 90
4
 70
1
 10
641.3365304548031
 20
23.81726101767208
 10
641.4865304548032
 20
23.81726101767208
 10
641.4865304548032
 20
30.81726101767208
 10
641.3365304548031
 20
30.81726101767208
1001
JETIS
1000
R02 LOD100
1000
SOURCE-ALIGNED ENVELOPE
1000

  0
LWPOLYLINE
  5
41C00
330
1F
100
AcDbEntity
  8
WALL
  6
CONTINUOUS
100
AcDbPolyline
 90
4
 70
1
 10
641.3365304548031
 20
32.017261017672084
 10
641.4865304548032
 20
32.017261017672084
 10
641.4865304548032
 20
35.81726101767208
 10
641.3365304548031
 20
35.81726101767208
1001
JETIS
1000
R02 LOD100
1000
SOURCE-ALIGNED ENVELOPE
1000

  0
LWPOLYLINE
  5
41E00
330
1F
100
AcDbEntity
  8
WALL
  6
CONTINUOUS
100
AcDbPolyline
 90
4
 70
1
 10
629.4115304548031
 20
35.74226101767208
 10
634.4115304548031
 20
35.74226101767208
 10
634.4115304548031
 20
35.89226101767208
 10
629.4115304548031
 20
35.89226101767208
1001
JETIS
1000
R02 LOD100
1000
SOURCE-ALIGNED ENVELOPE
1000

  0
LWPOLYLINE
  5
42000
330
1F
100
AcDbEntity
  8
WALL
  6
CONTINUOUS
100
AcDbPolyline
 90
4
 70
1
 10
635.6115304548032
 20
35.74226101767208
 10
641.4115304548031
 20
35.74226101767208
 10
641.4115304548031
 20
35.89226101767208
 10
635.6115304548032
 20
35.89226101767208
1001
JETIS
1000
R02 LOD100
1000
SOURCE-ALIGNED ENVELOPE
1000

  0
LWPOLYLINE
  5
42200
330
1F
100
AcDbEntity
  8
OPENING
  6
CONTINUOUS
100
AcDbPolyline
 90
4
 70
1
 10
732.9115304550505
 20
83.69726101767208
 10
735.9115304550505
 20
83.69726101767208
 10
735.9115304550505
 20
83.93726101767207
 10
732.9115304550505
 20
83.93726101767207
1001
JETIS
1000
R02 LOD100
1000
SOURCE
1000
1651A
  0
LINE
  5
42400
330
1F
100
AcDbEntity
  8
OPENING
  6
CONTINUOUS
100
AcDbLine
 10
734.4115304550505
 20
83.69726101767208
 30
0.0
 11
734.4115304550505
 21
83.93726101767209
 31
0.0
1001
JETIS
1000
R02 LOD100
1000
SOURCE
1000

  0
LWPOLYLINE
  5
42500
330
1F
100
AcDbEntity
  8
OPENING
  6
CONTINUOUS
100
AcDbPolyline
 90
4
 70
1
 10
720.9115304550505
 20
83.69726101767208
 10
723.9115304550505
 20
83.69726101767208
 10
723.9115304550505
 20
83.93726101767207
 10
720.9115304550505
 20
83.93726101767207
1001
JETIS
1000
R02 LOD100
1000
SOURCE
1000
1653E
  0
LINE
  5
42700
330
1F
100
AcDbEntity
  8
OPENING
  6
CONTINUOUS
100
AcDbLine
 10
722.4115304550505
 20
83.69726101767208
 30
0.0
 11
722.4115304550505
 21
83.93726101767209
 31
0.0
1001
JETIS
1000
R02 LOD100
1000
SOURCE
1000

  0
LWPOLYLINE
  5
42800
330
1F
100
AcDbEntity
  8
OPENING
  6
CONTINUOUS
100
AcDbPolyline
 90
4
 70
1
 10
708.9115304550505
 20
83.69726101767208
 10
711.9115304550505
 20
83.69726101767208
 10
711.9115304550505
 20
83.93726101767207
 10
708.9115304550505
 20
83.93726101767207
1001
JETIS
1000
R02 LOD100
1000
SOURCE
1000
16544
  0
LINE
  5
42A00
330
1F
100
AcDbEntity
  8
OPENING
  6
CONTINUOUS
100
AcDbLine
 10
710.4115304550505
 20
83.69726101767208
 30
0.0
 11
710.4115304550505
 21
83.93726101767209
 31
0.0
1001
JETIS
1000
R02 LOD100
1000
SOURCE
1000

  0
LWPOLYLINE
  5
42B00
330
1F
100
AcDbEntity
  8
OPENING
  6
CONTINUOUS
100
AcDbPolyline
 90
4
 70
1
 10
696.9115304550505
 20
83.69726101767208
 10
699.9115304550505
 20
83.69726101767208
 10
699.9115304550505
 20
83.93726101767207
 10
696.9115304550505
 20
83.93726101767207
1001
JETIS
1000
R02 LOD100
1000
SOURCE
1000
1654A
  0
LINE
  5
42D00
330
1F
100
AcDbEntity
  8
OPENING
  6
CONTINUOUS
100
AcDbLine
 10
698.4115304550505
 20
83.69726101767208
 30
0.0
 11
698.4115304550505
 21
83.93726101767209
 31
0.0
1001
JETIS
1000
R02 LOD100
1000
SOURCE
1000

  0
LWPOLYLINE
  5
42E00
330
1F
100
AcDbEntity
  8
OPENING
  6
CONTINUOUS
100
AcDbPolyline
 90
4
 70
1
 10
684.9115304550505
 20
83.69726101767208
 10
687.9115304550505
 20
83.69726101767208
 10
687.9115304550505
 20
83.93726101767207
 10
684.9115304550505
 20
83.93726101767207
1001
JETIS
1000
R02 LOD100
1000
SOURCE
1000
2165F
  0
LINE
  5
43000
330
1F
100
AcDbEntity
  8
OPENING
  6
CONTINUOUS
100
AcDbLine
 10
686.4115304550505
 20
83.69726101767208
 30
0.0
 11
686.4115304550505
 21
83.93726101767209
 31
0.0
1001
JETIS
1000
R02 LOD100
1000
SOURCE
1000

  0
LWPOLYLINE
  5
43100
330
1F
100
AcDbEntity
  8
OPENING
  6
CONTINUOUS
100
AcDbPolyline
 90
4
 70
1
 10
672.9115304550542
 20
83.69726101767208
 10
675.9115304550542
 20
83.69726101767208
 10
675.9115304550542
 20
83.93726101767207
 10
672.9115304550542
 20
83.93726101767207
1001
JETIS
1000
R02 LOD100
1000
SOURCE
1000
21665
  0
LINE
  5
43300
330
1F
100
AcDbEntity
  8
OPENING
  6
CONTINUOUS
100
AcDbLine
 10
674.4115304550542
 20
83.69726101767208
 30
0.0
 11
674.4115304550542
 21
83.93726101767209
 31
0.0
1001
JETIS
1000
R02 LOD100
1000
SOURCE
1000

  0
LWPOLYLINE
  5
43400
330
1F
100
AcDbEntity
  8
OPENING
  6
CONTINUOUS
100
AcDbPolyline
 90
4
 70
1
 10
666.9115304545544
 20
23.69726101767208
 10
669.9115304545544
 20
23.69726101767208
 10
669.9115304545544
 20
23.93726101767208
 10
666.9115304545544
 20
23.93726101767208
1001
JETIS
1000
R02 LOD100
1000
SOURCE
1000
21700
  0
LINE
  5
43600
330
1F
100
AcDbEntity
  8
OPENING
  6
CONTINUOUS
100
AcDbLine
 10
668.4115304545544
 20
23.69726101767208
 30
0.0
 11
668.4115304545544
 21
23.937261017672082
 31
0.0
1001
JETIS
1000
R02 LOD100
1000
SOURCE
1000

  0
LWPOLYLINE
  5
43700
330
1F
100
AcDbEntity
  8
OPENING
  6
CONTINUOUS
100
AcDbPolyline
 90
4
 70
1
 10
672.9115304545544
 20
23.69726101767208
 10
675.9115304545544
 20
23.69726101767208
 10
675.9115304545544
 20
23.93726101767208
 10
672.9115304545544
 20
23.93726101767208
1001
JETIS
1000
R02 LOD100
1000
SOURCE
1000
21706
  0
LINE
  5
43900
330
1F
100
AcDbEntity
  8
OPENING
  6
CONTINUOUS
100
AcDbLine
 10
674.4115304545544
 20
23.69726101767208
 30
0.0
 11
674.4115304545544
 21
23.937261017672082
 31
0.0
1001
JETIS
1000
R02 LOD100
1000
SOURCE
1000

  0
LWPOLYLINE
  5
43A00
330
1F
100
AcDbEntity
  8
OPENING
  6
CONTINUOUS
100
AcDbPolyline
 90
4
 70
1
 10
678.9115304545544
 20
23.69726101767208
 10
681.9115304545544
 20
23.69726101767208
 10
681.9115304545544
 20
23.93726101767208
 10
678.9115304545544
 20
23.93726101767208
1001
JETIS
1000
R02 LOD100
1000
SOURCE
1000
2170C
  0
LINE
  5
43C00
330
1F
100
AcDbEntity
  8
OPENING
  6
CONTINUOUS
100
AcDbLine
 10
680.4115304545544
 20
23.69726101767208
 30
0.0
 11
680.4115304545544
 21
23.937261017672082
 31
0.0
1001
JETIS
1000
R02 LOD100
1000
SOURCE
1000

  0
LWPOLYLINE
  5
43D00
330
1F
100
AcDbEntity
  8
OPENING
  6
CONTINUOUS
100
AcDbPolyline
 90
4
 70
1
 10
684.9115304545544
 20
23.69726101767208
 10
687.9115304545544
 20
23.69726101767208
 10
687.9115304545544
 20
23.93726101767208
 10
684.9115304545544
 20
23.93726101767208
1001
JETIS
1000
R02 LOD100
1000
SOURCE
1000
2174D
  0
LINE
  5
43F00
330
1F
100
AcDbEntity
  8
OPENING
  6
CONTINUOUS
100
AcDbLine
 10
686.4115304545544
 20
23.69726101767208
 30
0.0
 11
686.4115304545544
 21
23.937261017672082
 31
0.0
1001
JETIS
1000
R02 LOD100
1000
SOURCE
1000

  0
LWPOLYLINE
  5
44000
330
1F
100
AcDbEntity
  8
OPENING
  6
CONTINUOUS
100
AcDbPolyline
 90
4
 70
1
 10
690.9115304545544
 20
23.69726101767208
 10
693.9115304545544
 20
23.69726101767208
 10
693.9115304545544
 20
23.93726101767208
 10
690.9115304545544
 20
23.93726101767208
1001
JETIS
1000
R02 LOD100
1000
SOURCE
1000
21753
  0
LINE
  5
44200
330
1F
100
AcDbEntity
  8
OPENING
  6
CONTINUOUS
100
AcDbLine
 10
692.4115304545544
 20
23.69726101767208
 30
0.0
 11
692.4115304545544
 21
23.937261017672082
 31
0.0
1001
JETIS
1000
R02 LOD100
1000
SOURCE
1000

  0
LWPOLYLINE
  5
44300
330
1F
100
AcDbEntity
  8
OPENING
  6
CONTINUOUS
100
AcDbPolyline
 90
4
 70
1
 10
696.9115304545544
 20
23.69726101767208
 10
699.9115304545544
 20
23.69726101767208
 10
699.9115304545544
 20
23.93726101767208
 10
696.9115304545544
 20
23.93726101767208
1001
JETIS
1000
R02 LOD100
1000
SOURCE
1000
21759
  0
LINE
  5
44500
330
1F
100
AcDbEntity
  8
OPENING
  6
CONTINUOUS
100
AcDbLine
 10
698.4115304545544
 20
23.69726101767208
 30
0.0
 11
698.4115304545544
 21
23.937261017672082
 31
0.0
1001
JETIS
1000
R02 LOD100
1000
SOURCE
1000

  0
LWPOLYLINE
  5
44600
330
1F
100
AcDbEntity
  8
OPENING
  6
CONTINUOUS
100
AcDbPolyline
 90
4
 70
1
 10
720.9115304545544
 20
23.69726101767208
 10
723.9115304545544
 20
23.69726101767208
 10
723.9115304545544
 20
23.93726101767208
 10
720.9115304545544
 20
23.93726101767208
1001
JETIS
1000
R02 LOD100
1000
SOURCE
1000
2179E
  0
LINE
  5
44800
330
1F
100
AcDbEntity
  8
OPENING
  6
CONTINUOUS
100
AcDbLine
 10
722.4115304545544
 20
23.69726101767208
 30
0.0
 11
722.4115304545544
 21
23.937261017672082
 31
0.0
1001
JETIS
1000
R02 LOD100
1000
SOURCE
1000

  0
LWPOLYLINE
  5
44900
330
1F
100
AcDbEntity
  8
OPENING
  6
CONTINUOUS
100
AcDbPolyline
 90
4
 70
1
 10
726.9115304545544
 20
23.69726101767208
 10
729.9115304545544
 20
23.69726101767208
 10
729.9115304545544
 20
23.93726101767208
 10
726.9115304545544
 20
23.93726101767208
1001
JETIS
1000
R02 LOD100
1000
SOURCE
1000
217A4
  0
LINE
  5
44B00
330
1F
100
AcDbEntity
  8
OPENING
  6
CONTINUOUS
100
AcDbLine
 10
728.4115304545544
 20
23.69726101767208
 30
0.0
 11
728.4115304545544
 21
23.937261017672082
 31
0.0
1001
JETIS
1000
R02 LOD100
1000
SOURCE
1000

  0
LWPOLYLINE
  5
44C00
330
1F
100
AcDbEntity
  8
OPENING
  6
CONTINUOUS
100
AcDbPolyline
 90
4
 70
1
 10
732.9115304545544
 20
23.69726101767208
 10
735.9115304545544
 20
23.69726101767208
 10
735.9115304545544
 20
23.93726101767208
 10
732.9115304545544
 20
23.93726101767208
1001
JETIS
1000
R02 LOD100
1000
SOURCE
1000
217AA
  0
LINE
  5
44E00
330
1F
100
AcDbEntity
  8
OPENING
  6
CONTINUOUS
100
AcDbLine
 10
734.4115304545544
 20
23.69726101767208
 30
0.0
 11
734.4115304545544
 21
23.937261017672082
 31
0.0
1001
JETIS
1000
R02 LOD100
1000
SOURCE
1000

  0
LWPOLYLINE
  5
44F00
330
1F
100
AcDbEntity
  8
OPENING
  6
CONTINUOUS
100
AcDbPolyline
 90
4
 70
1
 10
738.9115304545544
 20
23.69726101767208
 10
741.9115304545544
 20
23.69726101767208
 10
741.9115304545544
 20
23.93726101767208
 10
738.9115304545544
 20
23.93726101767208
1001
JETIS
1000
R02 LOD100
1000
SOURCE
1000
217B0
  0
LINE
  5
45100
330
1F
100
AcDbEntity
  8
OPENING
  6
CONTINUOUS
100
AcDbLine
 10
740.4115304545544
 20
23.69726101767208
 30
0.0
 11
740.4115304545544
 21
23.937261017672082
 31
0.0
1001
JETIS
1000
R02 LOD100
1000
SOURCE
1000

  0
LWPOLYLINE
  5
45200
330
1F
100
AcDbEntity
  8
OPENING
  6
CONTINUOUS
100
AcDbPolyline
 90
4
 70
1
 10
629.2915304548031
 20
73.31726051175337
 10
629.5315304548031
 20
73.31726051175337
 10
629.5315304548031
 20
76.31726051175337
 10
629.2915304548031
 20
76.31726051175337
1001
JETIS
1000
R02 LOD100
1000
SOURCE
1000
1BA1E
  0
LINE
  5
45400
330
1F
100
AcDbEntity
  8
OPENING
  6
CONTINUOUS
100
AcDbLine
 10
629.2915304548031
 20
74.81726051175337
 30
0.0
 11
629.5315304548031
 21
74.81726051175337
 31
0.0
1001
JETIS
1000
R02 LOD100
1000
SOURCE
1000

  0
LWPOLYLINE
  5
45500
330
1F
100
AcDbEntity
  8
OPENING
  6
CONTINUOUS
100
AcDbPolyline
 90
4
 70
1
 10
629.2915304548031
 20
61.317260511753375
 10
629.5315304548031
 20
61.317260511753375
 10
629.5315304548031
 20
64.31726051175337
 10
629.2915304548031
 20
64.31726051175337
1001
JETIS
1000
R02 LOD100
1000
SOURCE
1000
1BA3C
  0
LINE
  5
45700
330
1F
100
AcDbEntity
  8
OPENING
  6
CONTINUOUS
100
AcDbLine
 10
629.2915304548031
 20
62.817260511753375
 30
0.0
 11
629.5315304548031
 21
62.817260511753375
 31
0.0
1001
JETIS
1000
R02 LOD100
1000
SOURCE
1000

  0
LWPOLYLINE
  5
45800
330
1F
100
AcDbEntity
  8
OPENING
  6
CONTINUOUS
100
AcDbPolyline
 90
4
 70
1
 10
629.2915304548031
 20
49.3172605117461
 10
629.5315304548031
 20
49.3172605117461
 10
629.5315304548031
 20
52.3172605117461
 10
629.2915304548031
 20
52.3172605117461
1001
JETIS
1000
R02 LOD100
1000
SOURCE
1000
1BACB
  0
LINE
  5
45A00
330
1F
100
AcDbEntity
  8
OPENING
  6
CONTINUOUS
100
AcDbLine
 10
629.2915304548031
 20
50.8172605117461
 30
0.0
 11
629.5315304548031
 21
50.8172605117461
 31
0.0
1001
JETIS
1000
R02 LOD100
1000
SOURCE
1000

  0
LWPOLYLINE
  5
45B00
330
1F
100
AcDbEntity
  8
OPENING
  6
CONTINUOUS
100
AcDbPolyline
 90
4
 70
1
 10
629.2915304548031
 20
37.3172605117461
 10
629.5315304548031
 20
37.3172605117461
 10
629.5315304548031
 20
40.3172605117461
 10
629.2915304548031
 20
40.3172605117461
1001
JETIS
1000
R02 LOD100
1000
SOURCE
1000
1BAED
  0
LINE
  5
45D00
330
1F
100
AcDbEntity
  8
OPENING
  6
CONTINUOUS
100
AcDbLine
 10
629.2915304548031
 20
38.8172605117461
 30
0.0
 11
629.5315304548031
 21
38.8172605117461
 31
0.0
1001
JETIS
1000
R02 LOD100
1000
SOURCE
1000

  0
LWPOLYLINE
  5
45E00
330
1F
100
AcDbEntity
  8
OPENING
  6
CONTINUOUS
100
AcDbPolyline
 90
4
 70
1
 10
629.2915304548031
 20
24.267260511762288
 10
629.5315304548031
 20
24.267260511762288
 10
629.5315304548031
 20
26.067260511762015
 10
629.2915304548031
 20
26.067260511762015
1001
JETIS
1000
R02 LOD100
1000
SOURCE
1000
1BB25
  0
LINE
  5
46000
330
1F
100
AcDbEntity
  8
OPENING
  6
CONTINUOUS
100
AcDbLine
 10
629.2915304548031
 20
25.16726051176215
 30
0.0
 11
629.5315304548031
 21
25.16726051176215
 31
0.0
1001
JETIS
1000
R02 LOD100
1000
SOURCE
1000

  0
LWPOLYLINE
  5
46100
330
1F
100
AcDbEntity
  8
OPENING
  6
CONTINUOUS
100
AcDbPolyline
 90
4
 70
1
 10
654.9115304465213
 20
103.69726101792128
 10
657.9115304465213
 20
103.69726101792128
 10
657.9115304465213
 20
103.93726101792127
 10
654.9115304465213
 20
103.93726101792127
1001
JETIS
1000
R02 LOD100
1000
SOURCE
1000
265F3
  0
LINE
  5
46300
330
1F
100
AcDbEntity
  8
OPENING
  6
CONTINUOUS
100
AcDbLine
 10
656.4115304465213
 20
103.69726101792128
 30
0.0
 11
656.4115304465213
 21
103.93726101792129
 31
0.0
1001
JETIS
1000
R02 LOD100
1000
SOURCE
1000

  0
LWPOLYLINE
  5
46400
330
1F
100
AcDbEntity
  8
OPENING
  6
CONTINUOUS
100
AcDbPolyline
 90
4
 70
1
 10
666.9115304465213
 20
103.69726101792128
 10
669.9115304465213
 20
103.69726101792128
 10
669.9115304465213
 20
103.93726101792127
 10
666.9115304465213
 20
103.93726101792127
1001
JETIS
1000
R02 LOD100
1000
SOURCE
1000
26622
  0
LINE
  5
46600
330
1F
100
AcDbEntity
  8
OPENING
  6
CONTINUOUS
100
AcDbLine
 10
668.4115304465213
 20
103.69726101792128
 30
0.0
 11
668.4115304465213
 21
103.93726101792129
 31
0.0
1001
JETIS
1000
R02 LOD100
1000
SOURCE
1000

  0
LWPOLYLINE
  5
46700
330
1F
100
AcDbEntity
  8
OPENING
  6
CONTINUOUS
100
AcDbPolyline
 90
4
 70
1
 10
678.9115304465213
 20
103.69726101792128
 10
681.9115304465213
 20
103.69726101792128
 10
681.9115304465213
 20
103.93726101792127
 10
678.9115304465213
 20
103.93726101792127
1001
JETIS
1000
R02 LOD100
1000
SOURCE
1000
26628
  0
LINE
  5
46900
330
1F
100
AcDbEntity
  8
OPENING
  6
CONTINUOUS
100
AcDbLine
 10
680.4115304465213
 20
103.69726101792128
 30
0.0
 11
680.4115304465213
 21
103.93726101792129
 31
0.0
1001
JETIS
1000
R02 LOD100
1000
SOURCE
1000

  0
LWPOLYLINE
  5
46A00
330
1F
100
AcDbEntity
  8
OPENING
  6
CONTINUOUS
100
AcDbPolyline
 90
4
 70
1
 10
690.9115304465213
 20
103.69726101792128
 10
693.9115304465213
 20
103.69726101792128
 10
693.9115304465213
 20
103.93726101792127
 10
690.9115304465213
 20
103.93726101792127
1001
JETIS
1000
R02 LOD100
1000
SOURCE
1000
2662E
  0
LINE
  5
46C00
330
1F
100
AcDbEntity
  8
OPENING
  6
CONTINUOUS
100
AcDbLine
 10
692.4115304465213
 20
103.69726101792128
 30
0.0
 11
692.4115304465213
 21
103.93726101792129
 31
0.0
1001
JETIS
1000
R02 LOD100
1000
SOURCE
1000

  0
LWPOLYLINE
  5
46D00
330
1F
100
AcDbEntity
  8
OPENING
  6
CONTINUOUS
100
AcDbPolyline
 90
4
 70
1
 10
702.9115304465213
 20
103.69726101792128
 10
705.9115304465213
 20
103.69726101792128
 10
705.9115304465213
 20
103.93726101792127
 10
702.9115304465213
 20
103.93726101792127
1001
JETIS
1000
R02 LOD100
1000
SOURCE
1000
26634
  0
LINE
  5
46F00
330
1F
100
AcDbEntity
  8
OPENING
  6
CONTINUOUS
100
AcDbLine
 10
704.4115304465213
 20
103.69726101792128
 30
0.0
 11
704.4115304465213
 21
103.93726101792129
 31
0.0
1001
JETIS
1000
R02 LOD100
1000
SOURCE
1000

  0
LWPOLYLINE
  5
47000
330
1F
100
AcDbEntity
  8
OPENING
  6
CONTINUOUS
100
AcDbPolyline
 90
4
 70
1
 10
714.9115304465213
 20
103.69726101792128
 10
717.9115304465213
 20
103.69726101792128
 10
717.9115304465213
 20
103.93726101792127
 10
714.9115304465213
 20
103.93726101792127
1001
JETIS
1000
R02 LOD100
1000
SOURCE
1000
2663A
  0
LINE
  5
47200
330
1F
100
AcDbEntity
  8
OPENING
  6
CONTINUOUS
100
AcDbLine
 10
716.4115304465213
 20
103.69726101792128
 30
0.0
 11
716.4115304465213
 21
103.93726101792129
 31
0.0
1001
JETIS
1000
R02 LOD100
1000
SOURCE
1000

  0
LWPOLYLINE
  5
47300
330
1F
100
AcDbEntity
  8
OPENING
  6
CONTINUOUS
100
AcDbPolyline
 90
4
 70
1
 10
726.9115304465213
 20
103.69726101792128
 10
729.9115304465213
 20
103.69726101792128
 10
729.9115304465213
 20
103.93726101792127
 10
726.9115304465213
 20
103.93726101792127
1001
JETIS
1000
R02 LOD100
1000
SOURCE
1000
26640
  0
LINE
  5
47500
330
1F
100
AcDbEntity
  8
OPENING
  6
CONTINUOUS
100
AcDbLine
 10
728.4115304465213
 20
103.69726101792128
 30
0.0
 11
728.4115304465213
 21
103.93726101792129
 31
0.0
1001
JETIS
1000
R02 LOD100
1000
SOURCE
1000

  0
LWPOLYLINE
  5
47600
330
1F
100
AcDbEntity
  8
STAIR
  6
CONTINUOUS
100
AcDbPolyline
 90
4
 70
1
 10
636.2365304548111
 20
23.8922610176719
 10
636.5365304548104
 20
23.8922610176719
 10
636.5365304548104
 20
24.792261017671535
 10
636.2365304548111
 20
24.792261017671535
1001
JETIS
1000
R02 LOD100
1000
SOURCE
1000
2A451
  0
LWPOLYLINE
  5
47700
330
1F
100
AcDbEntity
  8
STAIR
  6
CONTINUOUS
100
AcDbPolyline
 90
4
 70
1
 10
636.5365304548104
 20
23.8922610176719
 10
636.8365304548097
 20
23.8922610176719
 10
636.8365304548097
 20
24.792261017671535
 10
636.5365304548104
 20
24.792261017671535
1001
JETIS
1000
R02 LOD100
1000
SOURCE
1000
2A44F
  0
LWPOLYLINE
  5
47800
330
1F
100
AcDbEntity
  8
STAIR
  6
CONTINUOUS
100
AcDbPolyline
 90
4
 70
1
 10
636.8365304548097
 20
23.8922610176719
 10
637.136530454809
 20
23.8922610176719
 10
637.136530454809
 20
24.792261017671535
 10
636.8365304548097
 20
24.792261017671535
1001
JETIS
1000
R02 LOD100
1000
SOURCE
1000
2A450
  0
LWPOLYLINE
  5
47900
330
1F
100
AcDbEntity
  8
STAIR
  6
CONTINUOUS
100
AcDbPolyline
 90
4
 70
1
 10
637.136530454809
 20
23.8922610176719
 10
637.4365304548082
 20
23.8922610176719
 10
637.4365304548082
 20
24.792261017671535
 10
637.136530454809
 20
24.792261017671535
1001
JETIS
1000
R02 LOD100
1000
SOURCE
1000
2A44E
  0
LWPOLYLINE
  5
47A00
330
1F
100
AcDbEntity
  8
STAIR
  6
CONTINUOUS
100
AcDbPolyline
 90
4
 70
1
 10
637.4365304548082
 20
23.8922610176719
 10
637.7365304548075
 20
23.8922610176719
 10
637.7365304548075
 20
24.792261017671535
 10
637.4365304548082
 20
24.792261017671535
1001
JETIS
1000
R02 LOD100
1000
SOURCE
1000
2A446
  0
LWPOLYLINE
  5
47B00
330
1F
100
AcDbEntity
  8
STAIR
  6
CONTINUOUS
100
AcDbPolyline
 90
4
 70
1
 10
637.7365304548075
 20
23.8922610176719
 10
638.0365304548068
 20
23.8922610176719
 10
638.0365304548068
 20
24.792261017671535
 10
637.7365304548075
 20
24.792261017671535
1001
JETIS
1000
R02 LOD100
1000
SOURCE
1000
2A444
  0
LWPOLYLINE
  5
47C00
330
1F
100
AcDbEntity
  8
STAIR
  6
CONTINUOUS
100
AcDbPolyline
 90
4
 70
1
 10
638.0365304548068
 20
23.8922610176719
 10
638.336530454806
 20
23.8922610176719
 10
638.336530454806
 20
24.792261017671535
 10
638.0365304548068
 20
24.792261017671535
1001
JETIS
1000
R02 LOD100
1000
SOURCE
1000
2A445
  0
LWPOLYLINE
  5
47D00
330
1F
100
AcDbEntity
  8
STAIR
  6
CONTINUOUS
100
AcDbPolyline
 90
4
 70
1
 10
638.336530454806
 20
23.8922610176719
 10
638.6365304548053
 20
23.8922610176719
 10
638.6365304548053
 20
24.792261017671535
 10
638.336530454806
 20
24.792261017671535
1001
JETIS
1000
R02 LOD100
1000
SOURCE
1000
2A422
  0
LWPOLYLINE
  5
47E00
330
1F
100
AcDbEntity
  8
STAIR
  6
CONTINUOUS
100
AcDbPolyline
 90
4
 70
1
 10
638.6365304548053
 20
23.8922610176719
 10
638.9365304548046
 20
23.8922610176719
 10
638.9365304548046
 20
24.792261017671535
 10
638.6365304548053
 20
24.792261017671535
1001
JETIS
1000
R02 LOD100
1000
SOURCE
1000
2A419
  0
LWPOLYLINE
  5
47F00
330
1F
100
AcDbEntity
  8
STAIR
  6
CONTINUOUS
100
AcDbPolyline
 90
4
 70
1
 10
638.9365304548046
 20
23.8922610176719
 10
639.2365304548039
 20
23.8922610176719
 10
639.2365304548039
 20
24.792261017671535
 10
638.9365304548046
 20
24.792261017671535
1001
JETIS
1000
R02 LOD100
1000
SOURCE
1000
2A418
  0
LWPOLYLINE
  5
48000
330
1F
100
AcDbEntity
  8
STAIR
  6
CONTINUOUS
100
AcDbPolyline
 90
4
 70
1
 10
639.2365304548039
 20
23.8922610176719
 10
639.5365304548031
 20
23.8922610176719
 10
639.5365304548031
 20
24.792261017671535
 10
639.2365304548039
 20
24.792261017671535
1001
JETIS
1000
R02 LOD100
1000
SOURCE
1000
2A417
  0
LWPOLYLINE
  5
48100
330
1F
100
AcDbEntity
  8
STAIR
  6
CONTINUOUS
100
AcDbPolyline
 90
4
 70
1
 10
639.5365304548031
 20
23.8922610176719
 10
639.8365304548024
 20
23.8922610176719
 10
639.8365304548024
 20
24.792261017671535
 10
639.5365304548031
 20
24.792261017671535
1001
JETIS
1000
R02 LOD100
1000
SOURCE
1000
2A416
  0
LWPOLYLINE
  5
48200
330
1F
100
AcDbEntity
  8
STAIR
  6
CONTINUOUS
100
AcDbPolyline
 90
4
 70
1
 10
639.8365304548024
 20
23.8922610176719
 10
640.1365304548017
 20
23.8922610176719
 10
640.1365304548017
 20
24.792261017671535
 10
639.8365304548024
 20
24.792261017671535
1001
JETIS
1000
R02 LOD100
1000
SOURCE
1000
2A415
  0
LWPOLYLINE
  5
48300
330
1F
100
AcDbEntity
  8
STAIR
  6
CONTINUOUS
100
AcDbPolyline
 90
4
 70
1
 10
640.1365304548017
 20
23.8922610176719
 10
640.436530454801
 20
23.8922610176719
 10
640.436530454801
 20
24.792261017671535
 10
640.1365304548017
 20
24.792261017671535
1001
JETIS
1000
R02 LOD100
1000
SOURCE
1000
2A412
  0
LWPOLYLINE
  5
48400
330
1F
100
AcDbEntity
  8
STAIR
  6
CONTINUOUS
100
AcDbPolyline
 90
4
 70
1
 10
640.436530454801
 20
23.8922610176719
 10
641.3365304548024
 20
23.8922610176719
 10
641.3365304548024
 20
24.792261017671535
 10
640.436530454801
 20
24.792261017671535
1001
JETIS
1000
R02 LOD100
1000
SOURCE
1000
2A411
  0
LWPOLYLINE
  5
48600
330
1F
100
AcDbEntity
  8
STAIR
  6
CONTINUOUS
100
AcDbPolyline
 90
4
 70
1
 10
640.436530454801
 20
24.792261017671535
 10
641.3365304548006
 20
24.792261017671535
 10
641.3365304548006
 20
25.092261017670808
 10
640.436530454801
 20
25.092261017670808
1001
JETIS
1000
R02 LOD100
1000
SOURCE
1000
2A413
  0
LWPOLYLINE
  5
48700
330
1F
100
AcDbEntity
  8
STAIR
  6
CONTINUOUS
100
AcDbPolyline
 90
4
 70
1
 10
640.436530454801
 20
25.092261017670808
 10
641.3365304548006
 20
25.092261017670808
 10
641.3365304548006
 20
25.39226101767008
 10
640.436530454801
 20
25.39226101767008
1001
JETIS
1000
R02 LOD100
1000
SOURCE
1000
2A414
  0
LWPOLYLINE
  5
48800
330
1F
100
AcDbEntity
  8
STAIR
  6
CONTINUOUS
100
AcDbPolyline
 90
4
 70
1
 10
640.436530454801
 20
25.39226101767008
 10
641.3365304548006
 20
25.39226101767008
 10
641.3365304548006
 20
25.692261017669352
 10
640.436530454801
 20
25.692261017669352
1001
JETIS
1000
R02 LOD100
1000
SOURCE
1000
2A41A
  0
LWPOLYLINE
  5
48900
330
1F
100
AcDbEntity
  8
STAIR
  6
CONTINUOUS
100
AcDbPolyline
 90
4
 70
1
 10
640.436530454801
 20
25.692261017669352
 10
641.3365304548006
 20
25.692261017669352
 10
641.3365304548006
 20
25.992261017668625
 10
640.436530454801
 20
25.992261017668625
1001
JETIS
1000
R02 LOD100
1000
SOURCE
1000
2A41B
  0
LWPOLYLINE
  5
48A00
330
1F
100
AcDbEntity
  8
STAIR
  6
CONTINUOUS
100
AcDbPolyline
 90
4
 70
1
 10
640.436530454801
 20
25.992261017668625
 10
641.3365304548006
 20
25.992261017668625
 10
641.3365304548006
 20
26.292261017667897
 10
640.436530454801
 20
26.292261017667897
1001
JETIS
1000
R02 LOD100
1000
SOURCE
1000
2A41C
  0
LWPOLYLINE
  5
48B00
330
1F
100
AcDbEntity
  8
STAIR
  6
CONTINUOUS
100
AcDbPolyline
 90
4
 70
1
 10
640.436530454801
 20
26.292261017667897
 10
641.3365304548006
 20
26.292261017667897
 10
641.3365304548006
 20
26.59226101766717
 10
640.436530454801
 20
26.59226101766717
1001
JETIS
1000
R02 LOD100
1000
SOURCE
1000
2A421
  0
LWPOLYLINE
  5
48C00
330
1F
100
AcDbEntity
  8
STAIR
  6
CONTINUOUS
100
AcDbPolyline
 90
4
 70
1
 10
640.436530454801
 20
26.59226101766717
 10
641.3365304548006
 20
26.59226101766717
 10
641.3365304548006
 20
26.892261017666442
 10
640.436530454801
 20
26.892261017666442
1001
JETIS
1000
R02 LOD100
1000
SOURCE
1000
2A420
  0
LWPOLYLINE
  5
48D00
330
1F
100
AcDbEntity
  8
STAIR
  6
CONTINUOUS
100
AcDbPolyline
 90
4
 70
1
 10
640.436530454801
 20
26.892261017666442
 10
641.3365304548006
 20
26.892261017666442
 10
641.3365304548006
 20
27.192261017665714
 10
640.436530454801
 20
27.192261017665714
1001
JETIS
1000
R02 LOD100
1000
SOURCE
1000
2A41F
  0
LWPOLYLINE
  5
48E00
330
1F
100
AcDbEntity
  8
STAIR
  6
CONTINUOUS
100
AcDbPolyline
 90
4
 70
1
 10
640.436530454801
 20
27.192261017665714
 10
641.3365304548006
 20
27.192261017665714
 10
641.3365304548006
 20
27.492261017664987
 10
640.436530454801
 20
27.492261017664987
1001
JETIS
1000
R02 LOD100
1000
SOURCE
1000
2A41E
  0
LWPOLYLINE
  5
48F00
330
1F
100
AcDbEntity
  8
STAIR
  6
CONTINUOUS
100
AcDbPolyline
 90
4
 70
1
 10
640.436530454801
 20
27.492261017664987
 10
641.3365304548006
 20
27.492261017664987
 10
641.3365304548006
 20
27.79226101766426
 10
640.436530454801
 20
27.79226101766426
1001
JETIS
1000
R02 LOD100
1000
SOURCE
1000
2A41D
  0
LWPOLYLINE
  5
49000
330
1F
100
AcDbEntity
  8
STAIR
  6
CONTINUOUS
100
AcDbPolyline
 90
4
 70
1
 10
640.436530454801
 20
27.79226101766426
 10
641.3365304548024
 20
27.79226101766426
 10
641.3365304548024
 20
28.692261017663895
 10
640.436530454801
 20
28.692261017663895
1001
JETIS
1000
R02 LOD100
1000
SOURCE
1000
2A44A
  0
LWPOLYLINE
  5
49200
330
1F
100
AcDbEntity
  8
STAIR
  6
CONTINUOUS
100
AcDbPolyline
 90
4
 70
1
 10
640.436530454801
 20
28.692261017663895
 10
641.3365304548006
 20
28.692261017663895
 10
641.3365304548006
 20
28.992261017663168
 10
640.436530454801
 20
28.992261017663168
1001
JETIS
1000
R02 LOD100
1000
SOURCE
1000
2A44B
  0
LWPOLYLINE
  5
49300
330
1F
100
AcDbEntity
  8
STAIR
  6
CONTINUOUS
100
AcDbPolyline
 90
4
 70
1
 10
640.436530454801
 20
28.992261017663168
 10
641.3365304548006
 20
28.992261017663168
 10
641.3365304548006
 20
29.29226101766244
 10
640.436530454801
 20
29.29226101766244
1001
JETIS
1000
R02 LOD100
1000
SOURCE
1000
2A44C
  0
LWPOLYLINE
  5
49400
330
1F
100
AcDbEntity
  8
STAIR
  6
CONTINUOUS
100
AcDbPolyline
 90
4
 70
1
 10
640.436530454801
 20
29.29226101766244
 10
641.3365304548006
 20
29.29226101766244
 10
641.3365304548006
 20
29.592261017661713
 10
640.436530454801
 20
29.592261017661713
1001
JETIS
1000
R02 LOD100
1000
SOURCE
1000
2A44D
  0
LWPOLYLINE
  5
49500
330
1F
100
AcDbEntity
  8
STAIR
  6
CONTINUOUS
100
AcDbPolyline
 90
4
 70
1
 10
640.436530454801
 20
29.592261017661713
 10
641.3365304548006
 20
29.592261017661713
 10
641.3365304548006
 20
29.892261017660985
 10
640.436530454801
 20
29.892261017660985
1001
JETIS
1000
R02 LOD100
1000
SOURCE
1000
2A452
  0
LWPOLYLINE
  5
49600
330
1F
100
AcDbEntity
  8
VOID
  6
DASHED
100
AcDbPolyline
 90
6
 70
1
 10
629.4865304548032
 20
23.89226101767208
 10
636.0865304548031
 20
23.89226101767208
 10
636.0865304548031
 20
24.792261017672082
 10
640.4365304548031
 20
24.792261017672082
 10
640.4365304548031
 20
29.74226101767208
 10
629.4865304548032
 20
29.74226101767208
1001
JETIS
1000
R02 LOD100
1000
SOURCE
1000
2A453
  0
LWPOLYLINE
  5
49700
330
1F
100
AcDbEntity
  8
STAIR
  6
DASHED
100
AcDbPolyline
 90
32
 70
0
 10
635.9865304548111
 20
24.342261017671717
 10
636.3865304548108
 20
24.342261017671717
 10
636.68653045481
 20
24.342261017671717
 10
636.9865304548093
 20
24.342261017671717
 10
637.2865304548086
 20
24.342261017671717
 10
637.5865304548079
 20
24.342261017671717
 10
637.8865304548071
 20
24.342261017671717
 10
638.1865304548064
 20
24.342261017671717
 10
638.4865304548057
 20
24.342261017671717
 10
638.786530454805
 20
24.342261017671717
 10
639.0865304548042
 20
24.342261017671717
 10
639.3865304548035
 20
24.342261017671717
 10
639.6865304548028
 20
24.342261017671717
 10
639.986530454802
 20
24.342261017671717
 10
640.2865304548013
 20
24.342261017671717
 10
640.8865304548017
 20
24.342261017671717
 10
640.8865304548008
 20
24.94226101767117
 10
640.8865304548008
 20
25.242261017670444
 10
640.8865304548008
 20
25.542261017669716
 10
640.8865304548008
 20
25.84226101766899
 10
640.8865304548008
 20
26.14226101766826
 10
640.8865304548008
 20
26.442261017667533
 10
640.8865304548008
 20
26.742261017666806
 10
640.8865304548008
 20
27.04226101766608
 10
640.8865304548008
 20
27.34226101766535
 10
640.8865304548008
 20
27.642261017664623
 10
640.8865304548017
 20
28.242261017664077
 10
640.8865304548008
 20
28.84226101766353
 10
640.8865304548008
 20
29.142261017662804
 10
640.8865304548008
 20
29.442261017662076
 10
640.8865304548008
 20
29.74226101766135
 10
640.8865304548032
 20
30.11726101767208
1001
JETIS
1000
R02 LOD100
1000
ASSUMPTION
1000

  0
LINE
  5
49800
330
1F
100
AcDbEntity
  8
STAIR
  6
CONTINUOUS
100
AcDbLine
 10
640.8865304548008
 20
29.442261017662076
 30
0.0
 11
640.8865304548032
 21
30.11726101767208
 31
0.0
1001
JETIS
1000
R02 LOD100
1000
SOURCE
1000

  0
LWPOLYLINE
  5
49900
330
1F
100
AcDbEntity
  8
STAIR
  6
CONTINUOUS
100
AcDbPolyline
 90
3
 70
1
 10
640.8865304548032
 20
30.11726101767208
 10
640.5749957809536
 20
29.380412222470866
 10
641.1980651286475
 20
29.38041222246868
1001
JETIS
1000
R02 LOD100
1000
SOURCE
1000

  0
LWPOLYLINE
  5
49B00
330
1F
100
AcDbEntity
  8
AUXILIARY
  6
CONTINUOUS
100
AcDbPolyline
 90
4
 70
1
 10
639.9115301099228
 20
18.81726101767208
 10
639.9115301099228
 20
14.817261017672081
 10
654.9115301099228
 20
14.817261017672081
 10
654.9115301099228
 20
18.81726101767208
1001
JETIS
1000
R02 LOD100
1000
SOURCE
1000
2A318
  0
LWPOLYLINE
  5
49D00
330
1F
100
AcDbEntity
  8
AUXILIARY
  6
CONTINUOUS
100
AcDbPolyline
 90
4
 70
1
 10
645.836530109922
 20
20.742261017672263
 10
648.9865301099235
 20
20.742261017672263
 10
648.9865301099235
 20
23.8922610176719
 10
645.836530109922
 20
23.8922610176719
1001
JETIS
1000
R02 LOD100
1000
SOURCE
1000
2A425
  0
LWPOLYLINE
  5
49F00
330
1F
100
AcDbEntity
  8
AUXILIARY
  6
DASHED
100
AcDbPolyline
 90
4
 70
1
 10
629.4115304548031
 20
23.81726101767208
 10
641.4115304548031
 20
23.81726101767208
 10
641.4115304548031
 20
35.81726101767208
 10
629.4115304548031
 20
35.81726101767208
1001
JETIS
1000
R02 LOD100
1000
SOURCE
1000
2A302
  0
TEXT
  5
4A000
330
1F
100
AcDbEntity
  8
AUXILIARY
100
AcDbText
 10
635.4115304548031
 20
33.81726101767208
 30
0.0
 40
1.04
  1
MODUL 12 × 12
 72
1
 11
635.4115304548031
 21
33.81726101767208
 31
0.0
100
AcDbText
 73
2
  0
TEXT
  5
4A100
330
1F
100
AcDbEntity
  8
TITLE
100
AcDbText
 10
684.4115304548031
 20
48.81726101767208
 30
0.0
 40
1.2
  1
LANTAI UTAMA ±0.00
 72
1
 11
684.4115304548031
 21
48.81726101767208
 31
0.0
100
AcDbText
 73
2
  0
TEXT
  5
4A200
330
1F
100
AcDbEntity
  8
UPPER_FLOOR
100
AcDbText
 10
684.4115304548031
 20
43.81726101767208
 30
0.0
 40
1.04
  1
L2 +4.50 di atas baris ini
 72
1
 11
684.4115304548031
 21
43.81726101767208
 31
0.0
100
AcDbText
 73
2
  0
LINE
  5
4A300
330
1F
100
AcDbEntity
  8
DIMENSION
  6
CONTINUOUS
100
AcDbLine
 10
629.4115304548031
 20
23.81726101767208
 30
0.0
 11
629.4115304548031
 21
20.81726101767208
 31
0.0
1001
JETIS
1000
R02 LOD100
1000
SOURCE
1000

  0
LINE
  5
4A400
330
1F
100
AcDbEntity
  8
DIMENSION
  6
CONTINUOUS
100
AcDbLine
 10
665.4115304548031
 20
23.81726101767208
 30
0.0
 11
665.4115304548031
 21
20.81726101767208
 31
0.0
1001
JETIS
1000
R02 LOD100
1000
SOURCE
1000

  0
LINE
  5
4A500
330
1F
100
AcDbEntity
  8
DIMENSION
  6
CONTINUOUS
100
AcDbLine
 10
629.4115304548031
 20
20.81726101767208
 30
0.0
 11
665.4115304548031
 21
20.81726101767208
 31
0.0
1001
JETIS
1000
R02 LOD100
1000
SOURCE
1000

  0
LINE
  5
4A600
330
1F
100
AcDbEntity
  8
DIMENSION
  6
CONTINUOUS
100
AcDbLine
 10
629.1315304548032
 20
20.53726101767208
 30
0.0
 11
629.6915304548031
 21
21.097261017672082
 31
0.0
1001
JETIS
1000
R02 LOD100
1000
SOURCE
1000

  0
LINE
  5
4A700
330
1F
100
AcDbEntity
  8
DIMENSION
  6
CONTINUOUS
100
AcDbLine
 10
665.1315304548032
 20
20.53726101767208
 30
0.0
 11
665.6915304548031
 21
21.097261017672082
 31
0.0
1001
JETIS
1000
R02 LOD100
1000
SOURCE
1000

  0
TEXT
  5
4A800
330
1F
100
AcDbEntity
  8
DIMENSION
100
AcDbText
 10
647.4115304548031
 20
19.937261017672082
 30
0.0
 40
1.04
  1
36.00
 72
1
 11
647.4115304548031
 21
19.937261017672082
 31
0.0
100
AcDbText
 73
2
  0
DIMENSION
  5
4A900
330
1F
100
AcDbEntity
  8
DIMENSION
100
AcDbDimension
  2
*D3
  3
EZDXF
 10
629.4115304548031
 20
20.81726101767208
 30
0.0
 11
647.4115304548031
 21
21.437261017672082
 31
0.0
 70
32
 71
5
 41
1.0
 42
36.0
  1
<>
100
AcDbAlignedDimension
 13
629.4115304548031
 23
23.81726101767208
 33
0.0
 14
665.4115304548031
 24
23.81726101767208
 34
0.0
 50
0.0
100
AcDbRotatedDimension
1001
ACAD
1000
DSTYLE
1002
{
1070
140
1040
1.04
1070
41
1040
0.32
1070
42
1040
0.24
1070
44
1040
0.32
1070
271
1070
2
1070
77
1070
1
1070
176
1070
8
1070
177
1070
8
1070
178
1070
8
1002
}
  0
LINE
  5
4B800
330
1F
100
AcDbEntity
  8
DIMENSION
  6
CONTINUOUS
100
AcDbLine
 10
665.4115304548031
 20
23.81726101767208
 30
0.0
 11
665.4115304548031
 21
20.81726101767208
 31
0.0
1001
JETIS
1000
R02 LOD100
1000
SOURCE
1000

  0
LINE
  5
4B900
330
1F
100
AcDbEntity
  8
DIMENSION
  6
CONTINUOUS
100
AcDbLine
 10
749.4115304548031
 20
23.81726101767208
 30
0.0
 11
749.4115304548031
 21
20.81726101767208
 31
0.0
1001
JETIS
1000
R02 LOD100
1000
SOURCE
1000

  0
LINE
  5
4BA00
330
1F
100
AcDbEntity
  8
DIMENSION
  6
CONTINUOUS
100
AcDbLine
 10
665.4115304548031
 20
20.81726101767208
 30
0.0
 11
749.4115304548031
 21
20.81726101767208
 31
0.0
1001
JETIS
1000
R02 LOD100
1000
SOURCE
1000

  0
LINE
  5
4BB00
330
1F
100
AcDbEntity
  8
DIMENSION
  6
CONTINUOUS
100
AcDbLine
 10
665.1315304548032
 20
20.53726101767208
 30
0.0
 11
665.6915304548031
 21
21.097261017672082
 31
0.0
1001
JETIS
1000
R02 LOD100
1000
SOURCE
1000

  0
LINE
  5
4BC00
330
1F
100
AcDbEntity
  8
DIMENSION
  6
CONTINUOUS
100
AcDbLine
 10
749.1315304548032
 20
20.53726101767208
 30
0.0
 11
749.6915304548031
 21
21.097261017672082
 31
0.0
1001
JETIS
1000
R02 LOD100
1000
SOURCE
1000

  0
TEXT
  5
4BD00
330
1F
100
AcDbEntity
  8
DIMENSION
100
AcDbText
 10
707.4115304548031
 20
19.937261017672082
 30
0.0
 40
1.04
  1
84.00
 72
1
 11
707.4115304548031
 21
19.937261017672082
 31
0.0
100
AcDbText
 73
2
  0
DIMENSION
  5
4BE00
330
1F
100
AcDbEntity
  8
DIMENSION
100
AcDbDimension
  2
*D4
  3
EZDXF
 10
665.4115304548031
 20
20.81726101767208
 30
0.0
 11
707.4115304548031
 21
21.437261017672082
 31
0.0
 70
32
 71
5
 41
1.0
 42
84.0
  1
<>
100
AcDbAlignedDimension
 13
665.4115304548031
 23
23.81726101767208
 33
0.0
 14
749.4115304548031
 24
23.81726101767208
 34
0.0
 50
0.0
100
AcDbRotatedDimension
1001
ACAD
1000
DSTYLE
1002
{
1070
140
1040
1.04
1070
41
1040
0.32
1070
42
1040
0.24
1070
44
1040
0.32
1070
271
1070
2
1070
77
1070
1
1070
176
1070
8
1070
177
1070
8
1070
178
1070
8
1002
}
  0
LINE
  5
4CD00
330
1F
100
AcDbEntity
  8
DIMENSION
  6
CONTINUOUS
100
AcDbLine
 10
629.4115304548031
 20
23.81726101767208
 30
0.0
 11
629.4115304548031
 21
16.81726101767208
 31
0.0
1001
JETIS
1000
R02 LOD100
1000
SOURCE
1000

  0
LINE
  5
4CE00
330
1F
100
AcDbEntity
  8
DIMENSION
  6
CONTINUOUS
100
AcDbLine
 10
749.4115304548031
 20
23.81726101767208
 30
0.0
 11
749.4115304548031
 21
16.81726101767208
 31
0.0
1001
JETIS
1000
R02 LOD100
1000
SOURCE
1000

  0
LINE
  5
4CF00
330
1F
100
AcDbEntity
  8
DIMENSION
  6
CONTINUOUS
100
AcDbLine
 10
629.4115304548031
 20
16.81726101767208
 30
0.0
 11
749.4115304548031
 21
16.81726101767208
 31
0.0
1001
JETIS
1000
R02 LOD100
1000
SOURCE
1000

  0
LINE
  5
4D000
330
1F
100
AcDbEntity
  8
DIMENSION
  6
CONTINUOUS
100
AcDbLine
 10
629.1315304548032
 20
16.53726101767208
 30
0.0
 11
629.6915304548031
 21
17.097261017672082
 31
0.0
1001
JETIS
1000
R02 LOD100
1000
SOURCE
1000

  0
LINE
  5
4D100
330
1F
100
AcDbEntity
  8
DIMENSION
  6
CONTINUOUS
100
AcDbLine
 10
749.1315304548032
 20
16.53726101767208
 30
0.0
 11
749.6915304548031
 21
17.097261017672082
 31
0.0
1001
JETIS
1000
R02 LOD100
1000
SOURCE
1000

  0
TEXT
  5
4D200
330
1F
100
AcDbEntity
  8
DIMENSION
100
AcDbText
 10
689.4115304548031
 20
15.93726101767208
 30
0.0
 40
1.04
  1
120.00
 72
1
 11
689.4115304548031
 21
15.93726101767208
 31
0.0
100
AcDbText
 73
2
  0
DIMENSION
  5
4D300
330
1F
100
AcDbEntity
  8
DIMENSION
100
AcDbDimension
  2
*D5
  3
EZDXF
 10
629.4115304548031
 20
16.81726101767208
 30
0.0
 11
689.4115304548031
 21
17.437261017672082
 31
0.0
 70
32
 71
5
 41
1.0
 42
120.0
  1
<>
100
AcDbAlignedDimension
 13
629.4115304548031
 23
23.81726101767208
 33
0.0
 14
749.4115304548031
 24
23.81726101767208
 34
0.0
 50
0.0
100
AcDbRotatedDimension
1001
ACAD
1000
DSTYLE
1002
{
1070
140
1040
1.04
1070
41
1040
0.32
1070
42
1040
0.24
1070
44
1040
0.32
1070
271
1070
2
1070
77
1070
1
1070
176
1070
8
1070
177
1070
8
1070
178
1070
8
1002
}
  0
LINE
  5
4E200
330
1F
100
AcDbEntity
  8
DIMENSION
  6
CONTINUOUS
100
AcDbLine
 10
629.4115304548031
 20
83.81726101767208
 30
0.0
 11
629.4115304548031
 21
86.81726101767208
 31
0.0
1001
JETIS
1000
R02 LOD100
1000
SOURCE
1000

  0
LINE
  5
4E300
330
1F
100
AcDbEntity
  8
DIMENSION
  6
CONTINUOUS
100
AcDbLine
 10
665.4115304548031
 20
83.81726101767208
 30
0.0
 11
665.4115304548031
 21
86.81726101767208
 31
0.0
1001
JETIS
1000
R02 LOD100
1000
SOURCE
1000

  0
LINE
  5
4E400
330
1F
100
AcDbEntity
  8
DIMENSION
  6
CONTINUOUS
100
AcDbLine
 10
629.4115304548031
 20
86.81726101767208
 30
0.0
 11
665.4115304548031
 21
86.81726101767208
 31
0.0
1001
JETIS
1000
R02 LOD100
1000
SOURCE
1000

  0
LINE
  5
4E500
330
1F
100
AcDbEntity
  8
DIMENSION
  6
CONTINUOUS
100
AcDbLine
 10
629.1315304548032
 20
86.53726101767208
 30
0.0
 11
629.6915304548031
 21
87.09726101767208
 31
0.0
1001
JETIS
1000
R02 LOD100
1000
SOURCE
1000

  0
LINE
  5
4E600
330
1F
100
AcDbEntity
  8
DIMENSION
  6
CONTINUOUS
100
AcDbLine
 10
665.1315304548032
 20
86.53726101767208
 30
0.0
 11
665.6915304548031
 21
87.09726101767208
 31
0.0
1001
JETIS
1000
R02 LOD100
1000
SOURCE
1000

  0
TEXT
  5
4E700
330
1F
100
AcDbEntity
  8
DIMENSION
100
AcDbText
 10
647.4115304548031
 20
85.93726101767209
 30
0.0
 40
1.04
  1
36.00
 72
1
 11
647.4115304548031
 21
85.93726101767209
 31
0.0
100
AcDbText
 73
2
  0
DIMENSION
  5
4E800
330
1F
100
AcDbEntity
  8
DIMENSION
100
AcDbDimension
  2
*D6
  3
EZDXF
 10
629.4115304548031
 20
86.81726101767208
 30
0.0
 11
647.4115304548031
 21
87.43726101767209
 31
0.0
 70
32
 71
5
 41
1.0
 42
36.0
  1
<>
100
AcDbAlignedDimension
 13
629.4115304548031
 23
83.81726101767208
 33
0.0
 14
665.4115304548031
 24
83.81726101767208
 34
0.0
 50
0.0
100
AcDbRotatedDimension
1001
ACAD
1000
DSTYLE
1002
{
1070
140
1040
1.04
1070
41
1040
0.32
1070
42
1040
0.24
1070
44
1040
0.32
1070
271
1070
2
1070
77
1070
1
1070
176
1070
8
1070
177
1070
8
1070
178
1070
8
1002
}
  0
LINE
  5
4F700
330
1F
100
AcDbEntity
  8
DIMENSION
  6
CONTINUOUS
100
AcDbLine
 10
665.4115304548031
 20
83.81726101767208
 30
0.0
 11
665.4115304548031
 21
86.81726101767208
 31
0.0
1001
JETIS
1000
R02 LOD100
1000
SOURCE
1000

  0
LINE
  5
4F800
330
1F
100
AcDbEntity
  8
DIMENSION
  6
CONTINUOUS
100
AcDbLine
 10
743.4115304548031
 20
83.81726101767208
 30
0.0
 11
743.4115304548031
 21
86.81726101767208
 31
0.0
1001
JETIS
1000
R02 LOD100
1000
SOURCE
1000

  0
LINE
  5
4F900
330
1F
100
AcDbEntity
  8
DIMENSION
  6
CONTINUOUS
100
AcDbLine
 10
665.4115304548031
 20
86.81726101767208
 30
0.0
 11
743.4115304548031
 21
86.81726101767208
 31
0.0
1001
JETIS
1000
R02 LOD100
1000
SOURCE
1000

  0
LINE
  5
4FA00
330
1F
100
AcDbEntity
  8
DIMENSION
  6
CONTINUOUS
100
AcDbLine
 10
665.1315304548032
 20
86.53726101767208
 30
0.0
 11
665.6915304548031
 21
87.09726101767208
 31
0.0
1001
JETIS
1000
R02 LOD100
1000
SOURCE
1000

  0
LINE
  5
4FB00
330
1F
100
AcDbEntity
  8
DIMENSION
  6
CONTINUOUS
100
AcDbLine
 10
743.1315304548032
 20
86.53726101767208
 30
0.0
 11
743.6915304548031
 21
87.09726101767208
 31
0.0
1001
JETIS
1000
R02 LOD100
1000
SOURCE
1000

  0
TEXT
  5
4FC00
330
1F
100
AcDbEntity
  8
DIMENSION
100
AcDbText
 10
704.4115304548031
 20
85.93726101767209
 30
0.0
 40
1.04
  1
78.00
 72
1
 11
704.4115304548031
 21
85.93726101767209
 31
0.0
100
AcDbText
 73
2
  0
DIMENSION
  5
4FD00
330
1F
100
AcDbEntity
  8
DIMENSION
100
AcDbDimension
  2
*D7
  3
EZDXF
 10
665.4115304548031
 20
86.81726101767208
 30
0.0
 11
704.4115304548031
 21
87.43726101767209
 31
0.0
 70
32
 71
5
 41
1.0
 42
78.0
  1
<>
100
AcDbAlignedDimension
 13
665.4115304548031
 23
83.81726101767208
 33
0.0
 14
743.4115304548031
 24
83.81726101767208
 34
0.0
 50
0.0
100
AcDbRotatedDimension
1001
ACAD
1000
DSTYLE
1002
{
1070
140
1040
1.04
1070
41
1040
0.32
1070
42
1040
0.24
1070
44
1040
0.32
1070
271
1070
2
1070
77
1070
1
1070
176
1070
8
1070
177
1070
8
1070
178
1070
8
1002
}
  0
LINE
  5
50C00
330
1F
100
AcDbEntity
  8
DIMENSION
  6
CONTINUOUS
100
AcDbLine
 10
629.4115304548031
 20
23.81726101767208
 30
0.0
 11
625.4115304548031
 21
23.81726101767208
 31
0.0
1001
JETIS
1000
R02 LOD100
1000
SOURCE
1000

  0
LINE
  5
50D00
330
1F
100
AcDbEntity
  8
DIMENSION
  6
CONTINUOUS
100
AcDbLine
 10
629.4115304548031
 20
53.81726101767208
 30
0.0
 11
625.4115304548031
 21
53.81726101767208
 31
0.0
1001
JETIS
1000
R02 LOD100
1000
SOURCE
1000

  0
LINE
  5
50E00
330
1F
100
AcDbEntity
  8
DIMENSION
  6
CONTINUOUS
100
AcDbLine
 10
625.4115304548031
 20
23.81726101767208
 30
0.0
 11
625.4115304548031
 21
53.81726101767208
 31
0.0
1001
JETIS
1000
R02 LOD100
1000
SOURCE
1000

  0
LINE
  5
50F00
330
1F
100
AcDbEntity
  8
DIMENSION
  6
CONTINUOUS
100
AcDbLine
 10
625.1315304548032
 20
23.53726101767208
 30
0.0
 11
625.6915304548031
 21
24.097261017672082
 31
0.0
1001
JETIS
1000
R02 LOD100
1000
SOURCE
1000

  0
LINE
  5
51000
330
1F
100
AcDbEntity
  8
DIMENSION
  6
CONTINUOUS
100
AcDbLine
 10
625.1315304548032
 20
53.53726101767208
 30
0.0
 11
625.6915304548031
 21
54.09726101767208
 31
0.0
1001
JETIS
1000
R02 LOD100
1000
SOURCE
1000

  0
TEXT
  5
51100
330
1F
100
AcDbEntity
  8
DIMENSION
100
AcDbText
 10
624.4915304548032
 20
38.81726101767208
 30
0.0
 40
1.04
  1
30.00
 50
90.0
 72
1
 11
624.4915304548032
 21
38.81726101767208
 31
0.0
100
AcDbText
 73
2
  0
DIMENSION
  5
51200
330
1F
100
AcDbEntity
  8
DIMENSION
100
AcDbDimension
  2
*D8
  3
EZDXF
 10
625.4115304548031
 20
23.81726101767208
 30
0.0
 11
624.7915304548031
 21
38.81726101767208
 31
0.0
 70
32
 71
5
 41
1.0
 42
29.999999999999996
  1
<>
100
AcDbAlignedDimension
 13
629.4115304548031
 23
23.81726101767208
 33
0.0
 14
629.4115304548031
 24
53.81726101767208
 34
0.0
 50
90.0
100
AcDbRotatedDimension
1001
ACAD
1000
DSTYLE
1002
{
1070
140
1040
1.04
1070
41
1040
0.32
1070
42
1040
0.24
1070
44
1040
0.32
1070
271
1070
2
1070
77
1070
1
1070
176
1070
8
1070
177
1070
8
1070
178
1070
8
1002
}
  0
LINE
  5
52100
330
1F
100
AcDbEntity
  8
DIMENSION
  6
CONTINUOUS
100
AcDbLine
 10
629.4115304548031
 20
53.81726101767208
 30
0.0
 11
625.4115304548031
 21
53.81726101767208
 31
0.0
1001
JETIS
1000
R02 LOD100
1000
SOURCE
1000

  0
LINE
  5
52200
330
1F
100
AcDbEntity
  8
DIMENSION
  6
CONTINUOUS
100
AcDbLine
 10
629.4115304548031
 20
83.81726101767208
 30
0.0
 11
625.4115304548031
 21
83.81726101767208
 31
0.0
1001
JETIS
1000
R02 LOD100
1000
SOURCE
1000

  0
LINE
  5
52300
330
1F
100
AcDbEntity
  8
DIMENSION
  6
CONTINUOUS
100
AcDbLine
 10
625.4115304548031
 20
53.81726101767208
 30
0.0
 11
625.4115304548031
 21
83.81726101767208
 31
0.0
1001
JETIS
1000
R02 LOD100
1000
SOURCE
1000

  0
LINE
  5
52400
330
1F
100
AcDbEntity
  8
DIMENSION
  6
CONTINUOUS
100
AcDbLine
 10
625.1315304548032
 20
53.53726101767208
 30
0.0
 11
625.6915304548031
 21
54.09726101767208
 31
0.0
1001
JETIS
1000
R02 LOD100
1000
SOURCE
1000

  0
LINE
  5
52500
330
1F
100
AcDbEntity
  8
DIMENSION
  6
CONTINUOUS
100
AcDbLine
 10
625.1315304548032
 20
83.53726101767208
 30
0.0
 11
625.6915304548031
 21
84.09726101767208
 31
0.0
1001
JETIS
1000
R02 LOD100
1000
SOURCE
1000

  0
TEXT
  5
52600
330
1F
100
AcDbEntity
  8
DIMENSION
100
AcDbText
 10
624.4915304548032
 20
68.81726101767208
 30
0.0
 40
1.04
  1
30.00
 50
90.0
 72
1
 11
624.4915304548032
 21
68.81726101767208
 31
0.0
100
AcDbText
 73
2
  0
DIMENSION
  5
52700
330
1F
100
AcDbEntity
  8
DIMENSION
100
AcDbDimension
  2
*D9
  3
EZDXF
 10
625.4115304548031
 20
53.81726101767208
 30
0.0
 11
624.7915304548031
 21
68.81726101767208
 31
0.0
 70
32
 71
5
 41
1.0
 42
30.000000000000007
  1
<>
100
AcDbAlignedDimension
 13
629.4115304548031
 23
53.81726101767208
 33
0.0
 14
629.4115304548031
 24
83.81726101767208
 34
0.0
 50
90.0
100
AcDbRotatedDimension
1001
ACAD
1000
DSTYLE
1002
{
1070
140
1040
1.04
1070
41
1040
0.32
1070
42
1040
0.24
1070
44
1040
0.32
1070
271
1070
2
1070
77
1070
1
1070
176
1070
8
1070
177
1070
8
1070
178
1070
8
1002
}
  0
LINE
  5
53600
330
1F
100
AcDbEntity
  8
DIMENSION
  6
CONTINUOUS
100
AcDbLine
 10
653.4115304465213
 20
103.81726101792128
 30
0.0
 11
653.4115304465213
 21
99.81726101792128
 31
0.0
1001
JETIS
1000
R02 LOD100
1000
SOURCE
1000

  0
LINE
  5
53700
330
1F
100
AcDbEntity
  8
DIMENSION
  6
CONTINUOUS
100
AcDbLine
 10
737.4115304465213
 20
103.81726101792128
 30
0.0
 11
737.4115304465213
 21
99.81726101792128
 31
0.0
1001
JETIS
1000
R02 LOD100
1000
SOURCE
1000

  0
LINE
  5
53800
330
1F
100
AcDbEntity
  8
DIMENSION
  6
CONTINUOUS
100
AcDbLine
 10
653.4115304465213
 20
99.81726101792128
 30
0.0
 11
737.4115304465213
 21
99.81726101792128
 31
0.0
1001
JETIS
1000
R02 LOD100
1000
SOURCE
1000

  0
LINE
  5
53900
330
1F
100
AcDbEntity
  8
DIMENSION
  6
CONTINUOUS
100
AcDbLine
 10
653.1315304465213
 20
99.53726101792128
 30
0.0
 11
653.6915304465213
 21
100.09726101792128
 31
0.0
1001
JETIS
1000
R02 LOD100
1000
SOURCE
1000

  0
LINE
  5
53A00
330
1F
100
AcDbEntity
  8
DIMENSION
  6
CONTINUOUS
100
AcDbLine
 10
737.1315304465213
 20
99.53726101792128
 30
0.0
 11
737.6915304465213
 21
100.09726101792128
 31
0.0
1001
JETIS
1000
R02 LOD100
1000
SOURCE
1000

  0
TEXT
  5
53B00
330
1F
100
AcDbEntity
  8
DIMENSION
100
AcDbText
 10
695.4115304465213
 20
98.93726101792129
 30
0.0
 40
1.04
  1
84.00
 72
1
 11
695.4115304465213
 21
98.93726101792129
 31
0.0
100
AcDbText
 73
2
  0
DIMENSION
  5
53C00
330
1F
100
AcDbEntity
  8
DIMENSION
100
AcDbDimension
  2
*D10
  3
EZDXF
 10
653.4115304465213
 20
99.81726101792128
 30
0.0
 11
695.4115304465213
 21
100.43726101792129
 31
0.0
 70
32
 71
5
 41
1.0
 42
84.0
  1
<>
100
AcDbAlignedDimension
 13
653.4115304465213
 23
103.81726101792128
 33
0.0
 14
737.4115304465213
 24
103.81726101792128
 34
0.0
 50
0.0
100
AcDbRotatedDimension
1001
ACAD
1000
DSTYLE
1002
{
1070
140
1040
1.04
1070
41
1040
0.32
1070
42
1040
0.24
1070
44
1040
0.32
1070
271
1070
2
1070
77
1070
1
1070
176
1070
8
1070
177
1070
8
1070
178
1070
8
1002
}
  0
LINE
  5
54B00
330
1F
100
AcDbEntity
  8
DIMENSION
  6
CONTINUOUS
100
AcDbLine
 10
653.4115304465213
 20
103.81726101792128
 30
0.0
 11
649.4115304465213
 21
103.81726101792128
 31
0.0
1001
JETIS
1000
R02 LOD100
1000
SOURCE
1000

  0
LINE
  5
54C00
330
1F
100
AcDbEntity
  8
DIMENSION
  6
CONTINUOUS
100
AcDbLine
 10
653.4115304465213
 20
139.81726101792128
 30
0.0
 11
649.4115304465213
 21
139.81726101792128
 31
0.0
1001
JETIS
1000
R02 LOD100
1000
SOURCE
1000

  0
LINE
  5
54D00
330
1F
100
AcDbEntity
  8
DIMENSION
  6
CONTINUOUS
100
AcDbLine
 10
649.4115304465213
 20
103.81726101792128
 30
0.0
 11
649.4115304465213
 21
139.81726101792128
 31
0.0
1001
JETIS
1000
R02 LOD100
1000
SOURCE
1000

  0
LINE
  5
54E00
330
1F
100
AcDbEntity
  8
DIMENSION
  6
CONTINUOUS
100
AcDbLine
 10
649.1315304465213
 20
103.53726101792128
 30
0.0
 11
649.6915304465213
 21
104.09726101792128
 31
0.0
1001
JETIS
1000
R02 LOD100
1000
SOURCE
1000

  0
LINE
  5
54F00
330
1F
100
AcDbEntity
  8
DIMENSION
  6
CONTINUOUS
100
AcDbLine
 10
649.1315304465213
 20
139.53726101792128
 30
0.0
 11
649.6915304465213
 21
140.09726101792128
 31
0.0
1001
JETIS
1000
R02 LOD100
1000
SOURCE
1000

  0
TEXT
  5
55000
330
1F
100
AcDbEntity
  8
DIMENSION
100
AcDbText
 10
648.4915304465213
 20
121.81726101792128
 30
0.0
 40
1.04
  1
36.00
 50
90.0
 72
1
 11
648.4915304465213
 21
121.81726101792128
 31
0.0
100
AcDbText
 73
2
  0
DIMENSION
  5
55100
330
1F
100
AcDbEntity
  8
DIMENSION
100
AcDbDimension
  2
*D11
  3
EZDXF
 10
649.4115304465213
 20
103.81726101792128
 30
0.0
 11
648.7915304465213
 21
121.81726101792128
 31
0.0
 70
32
 71
5
 41
1.0
 42
35.999999999999986
  1
<>
100
AcDbAlignedDimension
 13
653.4115304465213
 23
103.81726101792128
 33
0.0
 14
653.4115304465213
 24
139.81726101792128
 34
0.0
 50
90.0
100
AcDbRotatedDimension
1001
ACAD
1000
DSTYLE
1002
{
1070
140
1040
1.04
1070
41
1040
0.32
1070
42
1040
0.24
1070
44
1040
0.32
1070
271
1070
2
1070
77
1070
1
1070
176
1070
8
1070
177
1070
8
1070
178
1070
8
1002
}
  0
LINE
  5
56000
330
1F
100
AcDbEntity
  8
DIMENSION
  6
CONTINUOUS
100
AcDbLine
 10
741.4115304465213
 20
103.81726101792128
 30
0.0
 11
741.4115304465213
 21
103.81726101792128
 31
0.0
1001
JETIS
1000
R02 LOD100
1000
SOURCE
1000

  0
LINE
  5
56100
330
1F
100
AcDbEntity
  8
DIMENSION
  6
CONTINUOUS
100
AcDbLine
 10
741.4115304465213
 20
133.81726101792128
 30
0.0
 11
741.4115304465213
 21
133.81726101792128
 31
0.0
1001
JETIS
1000
R02 LOD100
1000
SOURCE
1000

  0
LINE
  5
56200
330
1F
100
AcDbEntity
  8
DIMENSION
  6
CONTINUOUS
100
AcDbLine
 10
741.4115304465213
 20
103.81726101792128
 30
0.0
 11
741.4115304465213
 21
133.81726101792128
 31
0.0
1001
JETIS
1000
R02 LOD100
1000
SOURCE
1000

  0
LINE
  5
56300
330
1F
100
AcDbEntity
  8
DIMENSION
  6
CONTINUOUS
100
AcDbLine
 10
741.1315304465213
 20
103.53726101792128
 30
0.0
 11
741.6915304465213
 21
104.09726101792128
 31
0.0
1001
JETIS
1000
R02 LOD100
1000
SOURCE
1000

  0
LINE
  5
56400
330
1F
100
AcDbEntity
  8
DIMENSION
  6
CONTINUOUS
100
AcDbLine
 10
741.1315304465213
 20
133.53726101792128
 30
0.0
 11
741.6915304465213
 21
134.09726101792128
 31
0.0
1001
JETIS
1000
R02 LOD100
1000
SOURCE
1000

  0
TEXT
  5
56500
330
1F
100
AcDbEntity
  8
DIMENSION
100
AcDbText
 10
740.4915304465213
 20
118.81726101792128
 30
0.0
 40
1.04
  1
30.00
 50
90.0
 72
1
 11
740.4915304465213
 21
118.81726101792128
 31
0.0
100
AcDbText
 73
2
  0
DIMENSION
  5
56600
330
1F
100
AcDbEntity
  8
DIMENSION
100
AcDbDimension
  2
*D12
  3
EZDXF
 10
741.4115304465213
 20
103.81726101792128
 30
0.0
 11
740.7915304465213
 21
118.81726101792128
 31
0.0
 70
32
 71
5
 41
1.0
 42
30.000000000000014
  1
<>
100
AcDbAlignedDimension
 13
741.4115304465213
 23
103.81726101792128
 33
0.0
 14
741.4115304465213
 24
133.81726101792128
 34
0.0
 50
90.0
100
AcDbRotatedDimension
1001
ACAD
1000
DSTYLE
1002
{
1070
140
1040
1.04
1070
41
1040
0.32
1070
42
1040
0.24
1070
44
1040
0.32
1070
271
1070
2
1070
77
1070
1
1070
176
1070
8
1070
177
1070
8
1070
178
1070
8
1002
}
  0
LINE
  5
57500
330
1F
100
AcDbEntity
  8
SOURCE_SITE
  6
CONTINUOUS
100
AcDbLine
 10
637.4115304548031
 20
150.81726101767208
 30
0.0
 11
648.4115304548031
 21
150.81726101767208
 31
0.0
1001
JETIS
1000
R02 LOD100
1000
SOURCE
1000

  0
LWPOLYLINE
  5
57600
330
1F
100
AcDbEntity
  8
SOURCE_SITE
  6
CONTINUOUS
100
AcDbPolyline
 90
3
 70
1
 10
648.4115304548031
 20
150.81726101767208
 10
647.6746816596009
 20
151.128795691519
 10
647.6746816596009
 20
150.50572634382516
1001
JETIS
1000
R02 LOD100
1000
SOURCE
1000

  0
TEXT
  5
57800
330
1F
100
AcDbEntity
  8
SOURCE_SITE
100
AcDbText
 10
650.4115304548031
 20
150.81726101767208
 30
0.0
 40
1.48
  1
U
 72
1
 11
650.4115304548031
 21
150.81726101767208
 31
0.0
100
AcDbText
 73
2
  0
TEXT
  5
57900
330
1F
100
AcDbEntity
  8
SOURCE_SITE
100
AcDbText
 10
642.4115304548031
 20
148.31726101767208
 30
0.0
 40
1.0
  1
Utara +X
 72
1
 11
642.4115304548031
 21
148.31726101767208
 31
0.0
100
AcDbText
 73
2
  0
LINE
  5
57A00
330
1F
100
AcDbEntity
  8
SECTION
  6
DASHED
100
AcDbLine
 10
689.4115304548031
 20
15.817261017672081
 30
0.0
 11
689.4115304548031
 21
91.81726101767208
 31
0.0
1001
JETIS
1000
R02 LOD100
1000
SOURCE
1000

  0
TEXT
  5
57B00
330
1F
100
AcDbEntity
  8
SECTION
100
AcDbText
 10
689.4115304548031
 20
94.81726101767208
 30
0.0
 40
1.6
  1
A
 72
1
 11
689.4115304548031
 21
94.81726101767208
 31
0.0
100
AcDbText
 73
2
  0
TEXT
  5
57C00
330
1F
100
AcDbEntity
  8
SECTION
100
AcDbText
 10
689.4115304548031
 20
13.817261017672081
 30
0.0
 40
1.6
  1
A
 72
1
 11
689.4115304548031
 21
13.817261017672081
 31
0.0
100
AcDbText
 73
2
  0
LINE
  5
57D00
330
1F
100
AcDbEntity
  8
SECTION
  6
DASHED
100
AcDbLine
 10
622.4115304548031
 20
38.81726101767208
 30
0.0
 11
756.4115304548031
 21
38.81726101767208
 31
0.0
1001
JETIS
1000
R02 LOD100
1000
SOURCE
1000

  0
TEXT
  5
57E00
330
1F
100
AcDbEntity
  8
SECTION
100
AcDbText
 10
620.4115304548031
 20
38.81726101767208
 30
0.0
 40
1.6
  1
C
 72
1
 11
620.4115304548031
 21
38.81726101767208
 31
0.0
100
AcDbText
 73
2
  0
TEXT
  5
57F00
330
1F
100
AcDbEntity
  8
SECTION
100
AcDbText
 10
758.4115304548031
 20
38.81726101767208
 30
0.0
 40
1.6
  1
C
 72
1
 11
758.4115304548031
 21
38.81726101767208
 31
0.0
100
AcDbText
 73
2
  0
LINE
  5
58000
330
1F
100
AcDbEntity
  8
GRID
100
AcDbLine
 10
836.6115304548032
 20
171.01726101767207
 30
0.0
 11
836.6115304548032
 21
-4.182738982327919
 31
0.0
  0
TEXT
  5
58100
330
1F
100
AcDbEntity
  8
TITLE
100
AcDbText
 10
840.6115304548032
 20
167.01726101767207
 30
0.0
 40
1.4
  1
FAKTA / KOORDINAT
 11
840.6115304548032
 21
167.01726101767207
 31
0.0
100
AcDbText
  0
TEXT
  5
58200
330
1F
100
AcDbEntity
  8
TITLE
100
AcDbText
 10
840.6115304548032
 20
163.41726101767208
 30
0.0
 40
1.1199999999999999
  1
Lantai utama ±0.00 m
 11
840.6115304548032
 21
163.41726101767208
 31
0.0
100
AcDbText
  0
TEXT
  5
58300
330
1F
100
AcDbEntity
  8
TITLE
100
AcDbText
 10
840.6115304548032
 20
161.01726101767207
 30
0.0
 40
1.1199999999999999
  1
Lima footprint: poligon DWG asli
 11
840.6115304548032
 21
161.01726101767207
 31
0.0
100
AcDbText
  0
TEXT
  5
58400
330
1F
100
AcDbEntity
  8
TITLE
100
AcDbText
 10
840.6115304548032
 20
158.6172610176721
 30
0.0
 40
1.1199999999999999
  1
Modul 12 × 12: handle 2A302
 11
840.6115304548032
 21
158.6172610176721
 31
0.0
100
AcDbText
  0
TEXT
  5
58500
330
1F
100
AcDbEntity
  8
TITLE
100
AcDbText
 10
840.6115304548032
 20
156.2172610176721
 30
0.0
 40
1.1199999999999999
  1
27 bukaan industri 3 × 3 m
 11
840.6115304548032
 21
156.2172610176721
 31
0.0
100
AcDbText
  0
TEXT
  5
58600
330
1F
100
AcDbEntity
  8
TITLE
100
AcDbText
 10
840.6115304548032
 20
153.81726101767208
 30
0.0
 40
1.1199999999999999
  1
1 akses personel 1,80 × 2,20 m
 11
840.6115304548032
 21
153.81726101767208
 31
0.0
100
AcDbText
  0
TEXT
  5
58700
330
1F
100
AcDbEntity
  8
TITLE
100
AcDbText
 10
840.6115304548032
 20
151.41726101767208
 30
0.0
 40
1.1199999999999999
  1
Pencatatan: pintu P90 ke dalam
 11
840.6115304548032
 21
151.41726101767208
 31
0.0
100
AcDbText
  0
TEXT
  5
58800
330
1F
100
AcDbEntity
  8
TITLE
100
AcDbText
 10
840.6115304548032
 20
145.01726101767207
 30
0.0
 40
1.4
  1
PEMBACAAN DENAH
 11
840.6115304548032
 21
145.01726101767207
 31
0.0
100
AcDbText
  0
TEXT
  5
58900
330
1F
100
AcDbEntity
  8
TITLE
100
AcDbText
 10
840.6115304548032
 20
141.41726101767208
 30
0.0
 40
1.1199999999999999
  1
Bukaan pada irisan konseptual +1,50
 11
840.6115304548032
 21
141.41726101767208
 31
0.0
100
AcDbText
  0
TEXT
  5
58A00
330
1F
100
AcDbEntity
  8
TITLE
100
AcDbText
 10
840.6115304548032
 20
139.01726101767207
 30
0.0
 40
1.1199999999999999
  1
Kolom ditampilkan simbol nominal
 11
840.6115304548032
 21
139.01726101767207
 31
0.0
100
AcDbText
  0
TEXT
  5
58B00
330
1F
100
AcDbEntity
  8
TITLE
100
AcDbText
 10
840.6115304548032
 20
136.6172610176721
 30
0.0
 40
1.1199999999999999
  1
Dimensi utama berdasarkan footprint
 11
840.6115304548032
 21
136.6172610176721
 31
0.0
100
AcDbText
  0
TEXT
  5
58C00
330
1F
100
AcDbEntity
  8
TITLE
100
AcDbText
 10
840.6115304548032
 20
134.2172610176721
 30
0.0
 40
1.1199999999999999
  1
Garis A-A / C-C untuk potongan A107
 11
840.6115304548032
 21
134.2172610176721
 31
0.0
100
AcDbText
  0
TEXT
  5
58D00
330
1F
100
AcDbEntity
  8
TITLE
100
AcDbText
 10
840.6115304548032
 20
127.81726101767208
 30
0.0
 40
1.4
  1
ASUMSI YANG DIPILIH
 11
840.6115304548032
 21
127.81726101767208
 31
0.0
100
AcDbText
  0
TEXT
  5
58E00
330
1F
100
AcDbEntity
  8
TITLE
100
AcDbText
 10
840.6115304548032
 20
124.21726101767209
 30
0.0
 40
1.1199999999999999
  1
Ambang industri +1,20 m
 11
840.6115304548032
 21
124.21726101767209
 31
0.0
100
AcDbText
  0
TEXT
  5
58F00
330
1F
100
AcDbEntity
  8
TITLE
100
AcDbText
 10
840.6115304548032
 20
121.81726101767208
 30
0.0
 40
1.1199999999999999
  1
Platform/akses dalam-luar: asumsi
 11
840.6115304548032
 21
121.81726101767208
 31
0.0
100
AcDbText
  0
TEXT
  5
59000
330
1F
100
AcDbEntity
  8
TITLE
100
AcDbText
 10
840.6115304548032
 20
119.41726101767208
 30
0.0
 40
1.1199999999999999
  1
Mekanisme geser dua daun: asumsi
 11
840.6115304548032
 21
119.41726101767208
 31
0.0
100
AcDbText
  0
TEXT
  5
59100
330
1F
100
AcDbEntity
  8
TITLE
100
AcDbText
 10
840.6115304548032
 20
117.01726101767208
 30
0.0
 40
1.1199999999999999
  1
Partisi modul dan isi ruang: studi
 11
840.6115304548032
 21
117.01726101767208
 31
0.0
100
AcDbText
  0
TEXT
  5
59200
330
1F
100
AcDbEntity
  8
TITLE
100
AcDbText
 10
840.6115304548032
 20
114.61726101767208
 30
0.0
 40
1.1199999999999999
  1
Tidak menetapkan sistem proses
 11
840.6115304548032
 21
114.61726101767208
 31
0.0
100
AcDbText
  0
TEXT
  5
59300
330
1F
100
AcDbEntity
  8
TITLE
100
AcDbText
 10
840.6115304548032
 20
108.21726101767209
 30
0.0
 40
1.4
  1
LEGENDA GARIS
 11
840.6115304548032
 21
108.21726101767209
 31
0.0
100
AcDbText
  0
TEXT
  5
59400
330
1F
100
AcDbEntity
  8
TITLE
100
AcDbText
 10
840.6115304548032
 20
104.61726101767208
 30
0.0
 40
1.1199999999999999
  1
Biru abu: sumber dan selubung
 11
840.6115304548032
 21
104.61726101767208
 31
0.0
100
AcDbText
  0
TEXT
  5
59500
330
1F
100
AcDbEntity
  8
TITLE
100
AcDbText
 10
840.6115304548032
 20
102.21726101767209
 30
0.0
 40
1.1199999999999999
  1
Ungu putus: void sumber
 11
840.6115304548032
 21
102.21726101767209
 31
0.0
100
AcDbText
  0
TEXT
  5
59600
330
1F
100
AcDbEntity
  8
TITLE
100
AcDbText
 10
840.6115304548032
 20
99.81726101767208
 30
0.0
 40
1.1199999999999999
  1
Okre putus: platform asumsi
 11
840.6115304548032
 21
99.81726101767208
 31
0.0
100
AcDbText
  0
TEXT
  5
59700
330
1F
100
AcDbEntity
  8
TITLE
100
AcDbText
 10
840.6115304548032
 20
97.41726101767208
 30
0.0
 40
1.1199999999999999
  1
Abu tipis: profil/sumbu diagram
 11
840.6115304548032
 21
97.41726101767208
 31
0.0
100
AcDbText
  0
TEXT
  5
59800
330
1F
100
AcDbEntity
  8
TITLE
100
AcDbText
 10
607.8115304548031
 20
7.417261017672082
 30
0.0
 40
1.0
  1
0
 11
607.8115304548031
 21
7.417261017672082
 31
0.0
100
AcDbText
  0
TEXT
  5
59900
330
1F
100
AcDbEntity
  8
TITLE
100
AcDbText
 10
612.8115304548031
 20
7.417261017672082
 30
0.0
 40
1.0
  1
5
 11
612.8115304548031
 21
7.417261017672082
 31
0.0
100
AcDbText
  0
TEXT
  5
59A00
330
1F
100
AcDbEntity
  8
TITLE
100
AcDbText
 10
617.8115304548031
 20
7.417261017672082
 30
0.0
 40
1.0
  1
10
 11
617.8115304548031
 21
7.417261017672082
 31
0.0
100
AcDbText
  0
TEXT
  5
59B00
330
1F
100
AcDbEntity
  8
TITLE
100
AcDbText
 10
622.8115304548031
 20
7.417261017672082
 30
0.0
 40
1.0
  1
15
 11
622.8115304548031
 21
7.417261017672082
 31
0.0
100
AcDbText
  0
TEXT
  5
59C00
330
1F
100
AcDbEntity
  8
TITLE
100
AcDbText
 10
627.8115304548031
 20
7.417261017672082
 30
0.0
 40
1.0
  1
20 m
 11
627.8115304548031
 21
7.417261017672082
 31
0.0
100
AcDbText
  0
TEXT
  5
59D00
330
1F
100
AcDbEntity
  8
TITLE
100
AcDbText
 10
607.4115304548031
 20
1.4172610176720823
 30
0.0
 40
1.04
  1
Denah LOD100 menyederhanakan garis detail; posisi bukaan berasal dari R02 opening evidence
 11
607.4115304548031
 21
1.4172610176720823
 31
0.0
100
AcDbText
  0
TEXT
  5
59E00
330
1F
100
AcDbEntity
  8
TITLE
100
AcDbText
 10
607.4115304548031
 20
-0.9827389823279198
 30
0.0
 40
1.04
  1
Partisi, akses dan profil belum ukuran konstruksi; irisan tidak mengubah lantai utama ±0
 11
607.4115304548031
 21
-0.9827389823279198
 31
0.0
100
AcDbText
  0
TEXT
  5
59F00
330
1F
100
AcDbEntity
  8
TITLE
100
AcDbText
 10
607.4115304548031
 20
-3.3827389823279184
 30
0.0
 40
1.04
  1
Header DWG INSUNITS=4 (mm), tetapi ukuran/koordinat berskala meter; CAD baru INSUNITS=6 (m)
 11
607.4115304548031
 21
-3.3827389823279184
 31
0.0
100
AcDbText
  0
LINE
  5
5A600
330
1F
100
AcDbEntity
  8
TITLE
100
AcDbLine
 10
17.41153045480314
 20
-316.6827389823279
 30
0.0
 11
221.66153045480314
 21
-316.6827389823279
 31
0.0
  0
LINE
  5
5A700
330
1F
100
AcDbEntity
  8
TITLE
100
AcDbLine
 10
221.66153045480314
 20
-316.6827389823279
 30
0.0
 11
221.66153045480314
 21
-459.1827389823279
 31
0.0
  0
LINE
  5
5A800
330
1F
100
AcDbEntity
  8
TITLE
100
AcDbLine
 10
221.66153045480314
 20
-459.1827389823279
 30
0.0
 11
17.41153045480314
 21
-459.1827389823279
 31
0.0
  0
LINE
  5
5A900
330
1F
100
AcDbEntity
  8
TITLE
100
AcDbLine
 10
17.41153045480314
 20
-459.1827389823279
 30
0.0
 11
17.41153045480314
 21
-316.6827389823279
 31
0.0
  0
LINE
  5
5AA00
330
1F
100
AcDbEntity
  8
TITLE
100
AcDbLine
 10
17.41153045480314
 20
-329.6827389823279
 30
0.0
 11
221.66153045480314
 21
-329.6827389823279
 31
0.0
  0
LINE
  5
5AB00
330
1F
100
AcDbEntity
  8
TITLE
100
AcDbLine
 10
17.41153045480314
 20
-448.4327389823279
 30
0.0
 11
221.66153045480314
 21
-448.4327389823279
 31
0.0
  0
LINE
  5
5AC00
330
1F
100
AcDbEntity
  8
TITLE
100
AcDbLine
 10
17.41153045480314
 20
-455.9327389823279
 30
0.0
 11
221.66153045480314
 21
-455.9327389823279
 31
0.0
  0
TEXT
  5
5AD00
330
1F
100
AcDbEntity
  8
TITLE
100
AcDbText
 10
20.66153045480314
 20
-321.4327389823279
 30
0.0
 40
2.25
  1
JETIS
 11
20.66153045480314
 21
-321.4327389823279
 31
0.0
100
AcDbText
  0
TEXT
  5
5AE00
330
1F
100
AcDbEntity
  8
TITLE
100
AcDbText
 10
20.66153045480314
 20
-324.4327389823279
 30
0.0
 40
0.9
  1
PENGOLAHAN HASIL LAUT
 11
20.66153045480314
 21
-324.4327389823279
 31
0.0
100
AcDbText
  0
TEXT
  5
5AF00
330
1F
100
AcDbEntity
  8
TITLE
100
AcDbText
 10
69.91153045480314
 20
-321.6827389823279
 30
0.0
 40
1.575
  1
LANTAI DUA & VOID
 11
69.91153045480314
 21
-321.6827389823279
 31
0.0
100
AcDbText
  0
TEXT
  5
5B000
330
1F
100
AcDbEntity
  8
TITLE
100
AcDbText
 10
69.91153045480314
 20
-324.6827389823279
 30
0.0
 40
0.775
  1
Bentang 120 × 30 m pada +4,50; denah tangga sumber diperbesar
 11
69.91153045480314
 21
-324.6827389823279
 31
0.0
100
AcDbText
  0
TEXT
  5
5B100
330
1F
100
AcDbEntity
  8
TITLE
100
AcDbText
 10
198.16153045480314
 20
-320.6827389823279
 30
0.0
 40
1.5
  1
A103
 11
198.16153045480314
 21
-320.6827389823279
 31
0.0
100
AcDbText
  0
TEXT
  5
5B200
330
1F
100
AcDbEntity
  8
TITLE
100
AcDbText
 10
198.16153045480314
 20
-323.9327389823279
 30
0.0
 40
0.8
  1
R02 / LOD100
 11
198.16153045480314
 21
-323.9327389823279
 31
0.0
100
AcDbText
  0
TEXT
  5
5B300
330
1F
100
AcDbEntity
  8
TITLE
100
AcDbText
 10
20.66153045480314
 20
-451.6827389823279
 30
0.0
 40
0.575
  1
SUMBER PENGENDALI
 11
20.66153045480314
 21
-451.6827389823279
 31
0.0
100
AcDbText
  0
TEXT
  5
5B400
330
1F
100
AcDbEntity
  8
TITLE
100
AcDbText
 10
20.66153045480314
 20
-453.6827389823279
 30
0.0
 40
0.675
  1
LAYOUT PLAN ALT.2 · 165A2 · 30 SEPTEMBER 2026
 11
20.66153045480314
 21
-453.6827389823279
 31
0.0
100
AcDbText
  0
TEXT
  5
5B500
330
1F
100
AcDbEntity
  8
TITLE
100
AcDbText
 10
100.66153045480314
 20
-451.6827389823279
 30
0.0
 40
0.575
  1
SATUAN / SKALA CETAK
 11
100.66153045480314
 21
-451.6827389823279
 31
0.0
100
AcDbText
  0
TEXT
  5
5B600
330
1F
100
AcDbEntity
  8
TITLE
100
AcDbText
 10
100.66153045480314
 20
-453.6827389823279
 30
0.0
 40
0.675
  1
meter / 1:250 pada A1; perbesaran layar mengubah skala
 11
100.66153045480314
 21
-453.6827389823279
 31
0.0
100
AcDbText
  0
TEXT
  5
5B700
330
1F
100
AcDbEntity
  8
TITLE
100
AcDbText
 10
174.41153045480314
 20
-451.6827389823279
 30
0.0
 40
0.575
  1
STATUS
 11
174.41153045480314
 21
-451.6827389823279
 31
0.0
100
AcDbText
  0
TEXT
  5
5B800
330
1F
100
AcDbEntity
  8
TITLE
100
AcDbText
 10
174.41153045480314
 20
-453.6827389823279
 30
0.0
 40
0.675
  1
STUDI SUMBER + ASUMSI TERBUKA
 11
174.41153045480314
 21
-453.6827389823279
 31
0.0
100
AcDbText
  0
TEXT
  5
5B900
330
1F
100
AcDbEntity
  8
TITLE
100
AcDbText
 10
20.66153045480314
 20
-458.1827389823279
 30
0.0
 40
0.675
  1
BUKAN DOKUMEN KONSTRUKSI · Tidak georeferensi · Dimensi angka mengendalikan, jangan ukur layar
 11
20.66153045480314
 21
-458.1827389823279
 31
0.0
100
AcDbText
  0
TEXT
  5
5BA00
330
1F
100
AcDbEntity
  8
TITLE
100
AcDbText
 10
183.16153045480314
 20
-458.1827389823279
 30
0.0
 40
0.625
  1
DWG sumber tetap tidak diedit
 11
183.16153045480314
 21
-458.1827389823279
 31
0.0
100
AcDbText
  0
LWPOLYLINE
  5
5BB00
330
1F
100
AcDbEntity
  8
SOURCE_FOOTPRINT
  6
DASHED
100
AcDbPolyline
 90
4
 70
1
 10
29.41153045480314
 20
-376.1827389823279
 10
149.41153045480314
 20
-376.1827389823279
 10
149.41153045480314
 20
-346.1827389823279
 10
29.41153045480314
 20
-346.1827389823279
1001
JETIS
1000
R02 LOD100
1000
SOURCE
1000
17B47
  0
LWPOLYLINE
  5
5BC00
330
1F
100
AcDbEntity
  8
UPPER_FLOOR
  6
CONTINUOUS
100
AcDbPolyline
 90
4
 70
1
 10
29.48653045480314
 20
-370.10773898232793
 10
149.33653045480315
 20
-370.10773898232793
 10
149.33653045480315
 20
-346.2577389823279
 10
29.48653045480314
 20
-346.2577389823279
1001
JETIS
1000
R02 LOD100
1000
ASSUMED CONTINUOUS SLAB
1000

  0
LWPOLYLINE
  5
5BE00
330
1F
100
AcDbEntity
  8
UPPER_FLOOR
  6
CONTINUOUS
100
AcDbPolyline
 90
4
 70
1
 10
41.33653045480314
 20
-376.10773898232793
 10
149.33653045480315
 20
-376.10773898232793
 10
149.33653045480315
 20
-370.10773898232793
 10
41.33653045480314
 20
-370.10773898232793
1001
JETIS
1000
R02 LOD100
1000
ASSUMED CONTINUOUS SLAB
1000

  0
LWPOLYLINE
  5
5C000
330
1F
100
AcDbEntity
  8
STAIR
  6
CONTINUOUS
100
AcDbPolyline
 90
4
 70
1
 10
36.236530454811145
 20
-376.1077389823281
 10
36.53653045481042
 20
-376.1077389823281
 10
36.53653045481042
 20
-375.20773898232846
 10
36.236530454811145
 20
-375.20773898232846
1001
JETIS
1000
R02 LOD100
1000
SOURCE
1000
2A451
  0
LWPOLYLINE
  5
5C100
330
1F
100
AcDbEntity
  8
STAIR
  6
CONTINUOUS
100
AcDbPolyline
 90
4
 70
1
 10
36.53653045481042
 20
-376.1077389823281
 10
36.83653045480969
 20
-376.1077389823281
 10
36.83653045480969
 20
-375.20773898232846
 10
36.53653045481042
 20
-375.20773898232846
1001
JETIS
1000
R02 LOD100
1000
SOURCE
1000
2A44F
  0
LWPOLYLINE
  5
5C200
330
1F
100
AcDbEntity
  8
STAIR
  6
CONTINUOUS
100
AcDbPolyline
 90
4
 70
1
 10
36.83653045480969
 20
-376.1077389823281
 10
37.13653045480896
 20
-376.1077389823281
 10
37.13653045480896
 20
-375.20773898232846
 10
36.83653045480969
 20
-375.20773898232846
1001
JETIS
1000
R02 LOD100
1000
SOURCE
1000
2A450
  0
LWPOLYLINE
  5
5C300
330
1F
100
AcDbEntity
  8
STAIR
  6
CONTINUOUS
100
AcDbPolyline
 90
4
 70
1
 10
37.13653045480896
 20
-376.1077389823281
 10
37.436530454808235
 20
-376.1077389823281
 10
37.436530454808235
 20
-375.20773898232846
 10
37.13653045480896
 20
-375.20773898232846
1001
JETIS
1000
R02 LOD100
1000
SOURCE
1000
2A44E
  0
LWPOLYLINE
  5
5C400
330
1F
100
AcDbEntity
  8
STAIR
  6
CONTINUOUS
100
AcDbPolyline
 90
4
 70
1
 10
37.436530454808235
 20
-376.1077389823281
 10
37.73653045480751
 20
-376.1077389823281
 10
37.73653045480751
 20
-375.20773898232846
 10
37.436530454808235
 20
-375.20773898232846
1001
JETIS
1000
R02 LOD100
1000
SOURCE
1000
2A446
  0
LWPOLYLINE
  5
5C500
330
1F
100
AcDbEntity
  8
STAIR
  6
CONTINUOUS
100
AcDbPolyline
 90
4
 70
1
 10
37.73653045480751
 20
-376.1077389823281
 10
38.03653045480678
 20
-376.1077389823281
 10
38.03653045480678
 20
-375.20773898232846
 10
37.73653045480751
 20
-375.20773898232846
1001
JETIS
1000
R02 LOD100
1000
SOURCE
1000
2A444
  0
LWPOLYLINE
  5
5C600
330
1F
100
AcDbEntity
  8
STAIR
  6
CONTINUOUS
100
AcDbPolyline
 90
4
 70
1
 10
38.03653045480678
 20
-376.1077389823281
 10
38.33653045480605
 20
-376.1077389823281
 10
38.33653045480605
 20
-375.20773898232846
 10
38.03653045480678
 20
-375.20773898232846
1001
JETIS
1000
R02 LOD100
1000
SOURCE
1000
2A445
  0
LWPOLYLINE
  5
5C700
330
1F
100
AcDbEntity
  8
STAIR
  6
CONTINUOUS
100
AcDbPolyline
 90
4
 70
1
 10
38.33653045480605
 20
-376.1077389823281
 10
38.636530454805325
 20
-376.1077389823281
 10
38.636530454805325
 20
-375.20773898232846
 10
38.33653045480605
 20
-375.20773898232846
1001
JETIS
1000
R02 LOD100
1000
SOURCE
1000
2A422
  0
LWPOLYLINE
  5
5C800
330
1F
100
AcDbEntity
  8
STAIR
  6
CONTINUOUS
100
AcDbPolyline
 90
4
 70
1
 10
38.636530454805325
 20
-376.1077389823281
 10
38.9365304548046
 20
-376.1077389823281
 10
38.9365304548046
 20
-375.20773898232846
 10
38.636530454805325
 20
-375.20773898232846
1001
JETIS
1000
R02 LOD100
1000
SOURCE
1000
2A419
  0
LWPOLYLINE
  5
5C900
330
1F
100
AcDbEntity
  8
STAIR
  6
CONTINUOUS
100
AcDbPolyline
 90
4
 70
1
 10
38.9365304548046
 20
-376.1077389823281
 10
39.23653045480387
 20
-376.1077389823281
 10
39.23653045480387
 20
-375.20773898232846
 10
38.9365304548046
 20
-375.20773898232846
1001
JETIS
1000
R02 LOD100
1000
SOURCE
1000
2A418
  0
LWPOLYLINE
  5
5CA00
330
1F
100
AcDbEntity
  8
STAIR
  6
CONTINUOUS
100
AcDbPolyline
 90
4
 70
1
 10
39.23653045480387
 20
-376.1077389823281
 10
39.53653045480314
 20
-376.1077389823281
 10
39.53653045480314
 20
-375.20773898232846
 10
39.23653045480387
 20
-375.20773898232846
1001
JETIS
1000
R02 LOD100
1000
SOURCE
1000
2A417
  0
LWPOLYLINE
  5
5CB00
330
1F
100
AcDbEntity
  8
STAIR
  6
CONTINUOUS
100
AcDbPolyline
 90
4
 70
1
 10
39.53653045480314
 20
-376.1077389823281
 10
39.836530454802414
 20
-376.1077389823281
 10
39.836530454802414
 20
-375.20773898232846
 10
39.53653045480314
 20
-375.20773898232846
1001
JETIS
1000
R02 LOD100
1000
SOURCE
1000
2A416
  0
LWPOLYLINE
  5
5CC00
330
1F
100
AcDbEntity
  8
STAIR
  6
CONTINUOUS
100
AcDbPolyline
 90
4
 70
1
 10
39.836530454802414
 20
-376.1077389823281
 10
40.13653045480169
 20
-376.1077389823281
 10
40.13653045480169
 20
-375.20773898232846
 10
39.836530454802414
 20
-375.20773898232846
1001
JETIS
1000
R02 LOD100
1000
SOURCE
1000
2A415
  0
LWPOLYLINE
  5
5CD00
330
1F
100
AcDbEntity
  8
STAIR
  6
CONTINUOUS
100
AcDbPolyline
 90
4
 70
1
 10
40.13653045480169
 20
-376.1077389823281
 10
40.43653045480096
 20
-376.1077389823281
 10
40.43653045480096
 20
-375.20773898232846
 10
40.13653045480169
 20
-375.20773898232846
1001
JETIS
1000
R02 LOD100
1000
SOURCE
1000
2A412
  0
LWPOLYLINE
  5
5CE00
330
1F
100
AcDbEntity
  8
STAIR
  6
CONTINUOUS
100
AcDbPolyline
 90
4
 70
1
 10
40.43653045480096
 20
-376.1077389823281
 10
41.336530454802414
 20
-376.1077389823281
 10
41.336530454802414
 20
-375.20773898232846
 10
40.43653045480096
 20
-375.20773898232846
1001
JETIS
1000
R02 LOD100
1000
SOURCE
1000
2A411
  0
LWPOLYLINE
  5
5D000
330
1F
100
AcDbEntity
  8
STAIR
  6
CONTINUOUS
100
AcDbPolyline
 90
4
 70
1
 10
40.43653045480096
 20
-375.20773898232846
 10
41.336530454800595
 20
-375.20773898232846
 10
41.336530454800595
 20
-374.9077389823292
 10
40.43653045480096
 20
-374.9077389823292
1001
JETIS
1000
R02 LOD100
1000
SOURCE
1000
2A413
  0
LWPOLYLINE
  5
5D100
330
1F
100
AcDbEntity
  8
STAIR
  6
CONTINUOUS
100
AcDbPolyline
 90
4
 70
1
 10
40.43653045480096
 20
-374.9077389823292
 10
41.336530454800595
 20
-374.9077389823292
 10
41.336530454800595
 20
-374.6077389823299
 10
40.43653045480096
 20
-374.6077389823299
1001
JETIS
1000
R02 LOD100
1000
SOURCE
1000
2A414
  0
LWPOLYLINE
  5
5D200
330
1F
100
AcDbEntity
  8
STAIR
  6
CONTINUOUS
100
AcDbPolyline
 90
4
 70
1
 10
40.43653045480096
 20
-374.6077389823299
 10
41.336530454800595
 20
-374.6077389823299
 10
41.336530454800595
 20
-374.30773898233065
 10
40.43653045480096
 20
-374.30773898233065
1001
JETIS
1000
R02 LOD100
1000
SOURCE
1000
2A41A
  0
LWPOLYLINE
  5
5D300
330
1F
100
AcDbEntity
  8
STAIR
  6
CONTINUOUS
100
AcDbPolyline
 90
4
 70
1
 10
40.43653045480096
 20
-374.30773898233065
 10
41.336530454800595
 20
-374.30773898233065
 10
41.336530454800595
 20
-374.0077389823314
 10
40.43653045480096
 20
-374.0077389823314
1001
JETIS
1000
R02 LOD100
1000
SOURCE
1000
2A41B
  0
LWPOLYLINE
  5
5D400
330
1F
100
AcDbEntity
  8
STAIR
  6
CONTINUOUS
100
AcDbPolyline
 90
4
 70
1
 10
40.43653045480096
 20
-374.0077389823314
 10
41.336530454800595
 20
-374.0077389823314
 10
41.336530454800595
 20
-373.7077389823321
 10
40.43653045480096
 20
-373.7077389823321
1001
JETIS
1000
R02 LOD100
1000
SOURCE
1000
2A41C
  0
LWPOLYLINE
  5
5D500
330
1F
100
AcDbEntity
  8
STAIR
  6
CONTINUOUS
100
AcDbPolyline
 90
4
 70
1
 10
40.43653045480096
 20
-373.7077389823321
 10
41.336530454800595
 20
-373.7077389823321
 10
41.336530454800595
 20
-373.40773898233283
 10
40.43653045480096
 20
-373.40773898233283
1001
JETIS
1000
R02 LOD100
1000
SOURCE
1000
2A421
  0
LWPOLYLINE
  5
5D600
330
1F
100
AcDbEntity
  8
STAIR
  6
CONTINUOUS
100
AcDbPolyline
 90
4
 70
1
 10
40.43653045480096
 20
-373.40773898233283
 10
41.336530454800595
 20
-373.40773898233283
 10
41.336530454800595
 20
-373.10773898233356
 10
40.43653045480096
 20
-373.10773898233356
1001
JETIS
1000
R02 LOD100
1000
SOURCE
1000
2A420
  0
LWPOLYLINE
  5
5D700
330
1F
100
AcDbEntity
  8
STAIR
  6
CONTINUOUS
100
AcDbPolyline
 90
4
 70
1
 10
40.43653045480096
 20
-373.10773898233356
 10
41.336530454800595
 20
-373.10773898233356
 10
41.336530454800595
 20
-372.8077389823343
 10
40.43653045480096
 20
-372.8077389823343
1001
JETIS
1000
R02 LOD100
1000
SOURCE
1000
2A41F
  0
LWPOLYLINE
  5
5D800
330
1F
100
AcDbEntity
  8
STAIR
  6
CONTINUOUS
100
AcDbPolyline
 90
4
 70
1
 10
40.43653045480096
 20
-372.8077389823343
 10
41.336530454800595
 20
-372.8077389823343
 10
41.336530454800595
 20
-372.507738982335
 10
40.43653045480096
 20
-372.507738982335
1001
JETIS
1000
R02 LOD100
1000
SOURCE
1000
2A41E
  0
LWPOLYLINE
  5
5D900
330
1F
100
AcDbEntity
  8
STAIR
  6
CONTINUOUS
100
AcDbPolyline
 90
4
 70
1
 10
40.43653045480096
 20
-372.507738982335
 10
41.336530454800595
 20
-372.507738982335
 10
41.336530454800595
 20
-372.20773898233574
 10
40.43653045480096
 20
-372.20773898233574
1001
JETIS
1000
R02 LOD100
1000
SOURCE
1000
2A41D
  0
LWPOLYLINE
  5
5DA00
330
1F
100
AcDbEntity
  8
STAIR
  6
CONTINUOUS
100
AcDbPolyline
 90
4
 70
1
 10
40.43653045480096
 20
-372.20773898233574
 10
41.336530454802414
 20
-372.20773898233574
 10
41.336530454802414
 20
-371.3077389823361
 10
40.43653045480096
 20
-371.3077389823361
1001
JETIS
1000
R02 LOD100
1000
SOURCE
1000
2A44A
  0
LWPOLYLINE
  5
5DC00
330
1F
100
AcDbEntity
  8
STAIR
  6
CONTINUOUS
100
AcDbPolyline
 90
4
 70
1
 10
40.43653045480096
 20
-371.3077389823361
 10
41.336530454800595
 20
-371.3077389823361
 10
41.336530454800595
 20
-371.00773898233683
 10
40.43653045480096
 20
-371.00773898233683
1001
JETIS
1000
R02 LOD100
1000
SOURCE
1000
2A44B
  0
LWPOLYLINE
  5
5DD00
330
1F
100
AcDbEntity
  8
STAIR
  6
CONTINUOUS
100
AcDbPolyline
 90
4
 70
1
 10
40.43653045480096
 20
-371.00773898233683
 10
41.336530454800595
 20
-371.00773898233683
 10
41.336530454800595
 20
-370.70773898233756
 10
40.43653045480096
 20
-370.70773898233756
1001
JETIS
1000
R02 LOD100
1000
SOURCE
1000
2A44C
  0
LWPOLYLINE
  5
5DE00
330
1F
100
AcDbEntity
  8
STAIR
  6
CONTINUOUS
100
AcDbPolyline
 90
4
 70
1
 10
40.43653045480096
 20
-370.70773898233756
 10
41.336530454800595
 20
-370.70773898233756
 10
41.336530454800595
 20
-370.4077389823383
 10
40.43653045480096
 20
-370.4077389823383
1001
JETIS
1000
R02 LOD100
1000
SOURCE
1000
2A44D
  0
LWPOLYLINE
  5
5DF00
330
1F
100
AcDbEntity
  8
STAIR
  6
CONTINUOUS
100
AcDbPolyline
 90
4
 70
1
 10
40.43653045480096
 20
-370.4077389823383
 10
41.336530454800595
 20
-370.4077389823383
 10
41.336530454800595
 20
-370.107738982339
 10
40.43653045480096
 20
-370.107738982339
1001
JETIS
1000
R02 LOD100
1000
SOURCE
1000
2A452
  0
LWPOLYLINE
  5
5E000
330
1F
100
AcDbEntity
  8
VOID
  6
DASHED
100
AcDbPolyline
 90
6
 70
1
 10
29.48653045480314
 20
-376.10773898232793
 10
36.08653045480314
 20
-376.10773898232793
 10
36.08653045480314
 20
-375.2077389823279
 10
40.43653045480314
 20
-375.2077389823279
 10
40.43653045480314
 20
-370.2577389823279
 10
29.48653045480314
 20
-370.2577389823279
1001
JETIS
1000
R02 LOD100
1000
SOURCE
1000
2A453
  0
LWPOLYLINE
  5
5E100
330
1F
100
AcDbEntity
  8
STAIR
  6
DASHED
100
AcDbPolyline
 90
32
 70
0
 10
35.986530454811145
 20
-375.6577389823283
 10
36.38653045481078
 20
-375.6577389823283
 10
36.686530454810054
 20
-375.6577389823283
 10
36.986530454809326
 20
-375.6577389823283
 10
37.2865304548086
 20
-375.6577389823283
 10
37.58653045480787
 20
-375.6577389823283
 10
37.88653045480714
 20
-375.6577389823283
 10
38.186530454806416
 20
-375.6577389823283
 10
38.48653045480569
 20
-375.6577389823283
 10
38.78653045480496
 20
-375.6577389823283
 10
39.08653045480423
 20
-375.6577389823283
 10
39.386530454803506
 20
-375.6577389823283
 10
39.68653045480278
 20
-375.6577389823283
 10
39.98653045480205
 20
-375.6577389823283
 10
40.28653045480132
 20
-375.6577389823283
 10
40.88653045480169
 20
-375.6577389823283
 10
40.88653045480078
 20
-375.05773898232883
 10
40.88653045480078
 20
-374.75773898232956
 10
40.88653045480078
 20
-374.4577389823303
 10
40.88653045480078
 20
-374.157738982331
 10
40.88653045480078
 20
-373.85773898233174
 10
40.88653045480078
 20
-373.55773898233247
 10
40.88653045480078
 20
-373.2577389823332
 10
40.88653045480078
 20
-372.9577389823339
 10
40.88653045480078
 20
-372.65773898233465
 10
40.88653045480078
 20
-372.3577389823354
 10
40.88653045480169
 20
-371.7577389823359
 10
40.88653045480078
 20
-371.15773898233647
 10
40.88653045480078
 20
-370.8577389823372
 10
40.88653045480078
 20
-370.5577389823379
 10
40.88653045480078
 20
-370.25773898233865
 10
40.88653045480314
 20
-369.8827389823279
1001
JETIS
1000
R02 LOD100
1000
ASSUMPTION
1000

  0
LINE
  5
5E200
330
1F
100
AcDbEntity
  8
STAIR
  6
CONTINUOUS
100
AcDbLine
 10
40.88653045480078
 20
-370.5577389823379
 30
0.0
 11
40.88653045480314
 21
-369.8827389823279
 31
0.0
1001
JETIS
1000
R02 LOD100
1000
SOURCE
1000

  0
LWPOLYLINE
  5
5E300
330
1F
100
AcDbEntity
  8
STAIR
  6
CONTINUOUS
100
AcDbPolyline
 90
3
 70
1
 10
40.88653045480314
 20
-369.8827389823279
 10
40.6918212836472
 20
-370.3432694793287
 10
41.08123962595585
 20
-370.34326947933005
1001
JETIS
1000
R02 LOD100
1000
SOURCE
1000

  0
LINE
  5
5E500
330
1F
100
AcDbEntity
  8
GRID
  6
DASHED
100
AcDbLine
 10
29.41153045480314
 20
-376.1827389823279
 30
0.0
 11
29.41153045480314
 21
-346.1827389823279
 31
0.0
1001
JETIS
1000
R02 LOD100
1000
SOURCE
1000

  0
LINE
  5
5E600
330
1F
100
AcDbEntity
  8
GRID
  6
DASHED
100
AcDbLine
 10
35.41153045480314
 20
-376.1827389823279
 30
0.0
 11
35.41153045480314
 21
-346.1827389823279
 31
0.0
1001
JETIS
1000
R02 LOD100
1000
SOURCE
1000

  0
LINE
  5
5E700
330
1F
100
AcDbEntity
  8
GRID
  6
DASHED
100
AcDbLine
 10
41.41153045480314
 20
-376.1827389823279
 30
0.0
 11
41.41153045480314
 21
-346.1827389823279
 31
0.0
1001
JETIS
1000
R02 LOD100
1000
SOURCE
1000

  0
LINE
  5
5E800
330
1F
100
AcDbEntity
  8
GRID
  6
DASHED
100
AcDbLine
 10
47.41153045480314
 20
-376.1827389823279
 30
0.0
 11
47.41153045480314
 21
-346.1827389823279
 31
0.0
1001
JETIS
1000
R02 LOD100
1000
SOURCE
1000

  0
LINE
  5
5E900
330
1F
100
AcDbEntity
  8
GRID
  6
DASHED
100
AcDbLine
 10
53.41153045480314
 20
-376.1827389823279
 30
0.0
 11
53.41153045480314
 21
-346.1827389823279
 31
0.0
1001
JETIS
1000
R02 LOD100
1000
SOURCE
1000

  0
LINE
  5
5EA00
330
1F
100
AcDbEntity
  8
GRID
  6
DASHED
100
AcDbLine
 10
59.41153045480314
 20
-376.1827389823279
 30
0.0
 11
59.41153045480314
 21
-346.1827389823279
 31
0.0
1001
JETIS
1000
R02 LOD100
1000
SOURCE
1000

  0
LINE
  5
5EB00
330
1F
100
AcDbEntity
  8
GRID
  6
DASHED
100
AcDbLine
 10
65.41153045480314
 20
-376.1827389823279
 30
0.0
 11
65.41153045480314
 21
-346.1827389823279
 31
0.0
1001
JETIS
1000
R02 LOD100
1000
SOURCE
1000

  0
LINE
  5
5EC00
330
1F
100
AcDbEntity
  8
GRID
  6
DASHED
100
AcDbLine
 10
71.41153045480314
 20
-376.1827389823279
 30
0.0
 11
71.41153045480314
 21
-346.1827389823279
 31
0.0
1001
JETIS
1000
R02 LOD100
1000
SOURCE
1000

  0
LINE
  5
5ED00
330
1F
100
AcDbEntity
  8
GRID
  6
DASHED
100
AcDbLine
 10
77.41153045480314
 20
-376.1827389823279
 30
0.0
 11
77.41153045480314
 21
-346.1827389823279
 31
0.0
1001
JETIS
1000
R02 LOD100
1000
SOURCE
1000

  0
LINE
  5
5EE00
330
1F
100
AcDbEntity
  8
GRID
  6
DASHED
100
AcDbLine
 10
83.41153045480314
 20
-376.1827389823279
 30
0.0
 11
83.41153045480314
 21
-346.1827389823279
 31
0.0
1001
JETIS
1000
R02 LOD100
1000
SOURCE
1000

  0
LINE
  5
5EF00
330
1F
100
AcDbEntity
  8
GRID
  6
DASHED
100
AcDbLine
 10
89.41153045480314
 20
-376.1827389823279
 30
0.0
 11
89.41153045480314
 21
-346.1827389823279
 31
0.0
1001
JETIS
1000
R02 LOD100
1000
SOURCE
1000

  0
LINE
  5
5F000
330
1F
100
AcDbEntity
  8
GRID
  6
DASHED
100
AcDbLine
 10
95.41153045480314
 20
-376.1827389823279
 30
0.0
 11
95.41153045480314
 21
-346.1827389823279
 31
0.0
1001
JETIS
1000
R02 LOD100
1000
SOURCE
1000

  0
LINE
  5
5F100
330
1F
100
AcDbEntity
  8
GRID
  6
DASHED
100
AcDbLine
 10
101.41153045480314
 20
-376.1827389823279
 30
0.0
 11
101.41153045480314
 21
-346.1827389823279
 31
0.0
1001
JETIS
1000
R02 LOD100
1000
SOURCE
1000

  0
LINE
  5
5F200
330
1F
100
AcDbEntity
  8
GRID
  6
DASHED
100
AcDbLine
 10
107.41153045480314
 20
-376.1827389823279
 30
0.0
 11
107.41153045480314
 21
-346.1827389823279
 31
0.0
1001
JETIS
1000
R02 LOD100
1000
SOURCE
1000

  0
LINE
  5
5F300
330
1F
100
AcDbEntity
  8
GRID
  6
DASHED
100
AcDbLine
 10
113.41153045480314
 20
-376.1827389823279
 30
0.0
 11
113.41153045480314
 21
-346.1827389823279
 31
0.0
1001
JETIS
1000
R02 LOD100
1000
SOURCE
1000

  0
LINE
  5
5F400
330
1F
100
AcDbEntity
  8
GRID
  6
DASHED
100
AcDbLine
 10
119.41153045480314
 20
-376.1827389823279
 30
0.0
 11
119.41153045480314
 21
-346.1827389823279
 31
0.0
1001
JETIS
1000
R02 LOD100
1000
SOURCE
1000

  0
LINE
  5
5F500
330
1F
100
AcDbEntity
  8
GRID
  6
DASHED
100
AcDbLine
 10
125.41153045480314
 20
-376.1827389823279
 30
0.0
 11
125.41153045480314
 21
-346.1827389823279
 31
0.0
1001
JETIS
1000
R02 LOD100
1000
SOURCE
1000

  0
LINE
  5
5F600
330
1F
100
AcDbEntity
  8
GRID
  6
DASHED
100
AcDbLine
 10
131.41153045480314
 20
-376.1827389823279
 30
0.0
 11
131.41153045480314
 21
-346.1827389823279
 31
0.0
1001
JETIS
1000
R02 LOD100
1000
SOURCE
1000

  0
LINE
  5
5F700
330
1F
100
AcDbEntity
  8
GRID
  6
DASHED
100
AcDbLine
 10
137.41153045480314
 20
-376.1827389823279
 30
0.0
 11
137.41153045480314
 21
-346.1827389823279
 31
0.0
1001
JETIS
1000
R02 LOD100
1000
SOURCE
1000

  0
LINE
  5
5F800
330
1F
100
AcDbEntity
  8
GRID
  6
DASHED
100
AcDbLine
 10
143.41153045480314
 20
-376.1827389823279
 30
0.0
 11
143.41153045480314
 21
-346.1827389823279
 31
0.0
1001
JETIS
1000
R02 LOD100
1000
SOURCE
1000

  0
LINE
  5
5F900
330
1F
100
AcDbEntity
  8
GRID
  6
DASHED
100
AcDbLine
 10
149.41153045480314
 20
-376.1827389823279
 30
0.0
 11
149.41153045480314
 21
-346.1827389823279
 31
0.0
1001
JETIS
1000
R02 LOD100
1000
SOURCE
1000

  0
TEXT
  5
5FA00
330
1F
100
AcDbEntity
  8
TITLE
100
AcDbText
 10
93.41153045480314
 20
-359.1827389823279
 30
0.0
 40
1.125
  1
LANTAI DUA +4.50 m
 72
1
 11
93.41153045480314
 21
-359.1827389823279
 31
0.0
100
AcDbText
 73
2
  0
TEXT
  5
5FB00
330
1F
100
AcDbEntity
  8
NOTE
100
AcDbText
 10
93.41153045480314
 20
-363.1827389823279
 30
0.0
 40
0.7
  1
Bentang nominal 120 × 30 m · tebal pelat 0,15 m asumsi
 72
1
 11
93.41153045480314
 21
-363.1827389823279
 31
0.0
100
AcDbText
 73
2
  0
LINE
  5
5FC00
330
1F
100
AcDbEntity
  8
DIMENSION
  6
CONTINUOUS
100
AcDbLine
 10
29.41153045480314
 20
-376.1827389823279
 30
0.0
 11
29.41153045480314
 21
-380.1827389823279
 31
0.0
1001
JETIS
1000
R02 LOD100
1000
SOURCE
1000

  0
LINE
  5
5FD00
330
1F
100
AcDbEntity
  8
DIMENSION
  6
CONTINUOUS
100
AcDbLine
 10
149.41153045480314
 20
-376.1827389823279
 30
0.0
 11
149.41153045480314
 21
-380.1827389823279
 31
0.0
1001
JETIS
1000
R02 LOD100
1000
SOURCE
1000

  0
LINE
  5
5FE00
330
1F
100
AcDbEntity
  8
DIMENSION
  6
CONTINUOUS
100
AcDbLine
 10
29.41153045480314
 20
-380.1827389823279
 30
0.0
 11
149.41153045480314
 21
-380.1827389823279
 31
0.0
1001
JETIS
1000
R02 LOD100
1000
SOURCE
1000

  0
LINE
  5
5FF00
330
1F
100
AcDbEntity
  8
DIMENSION
  6
CONTINUOUS
100
AcDbLine
 10
29.23653045480314
 20
-380.35773898232793
 30
0.0
 11
29.586530454803142
 21
-380.0077389823279
 31
0.0
1001
JETIS
1000
R02 LOD100
1000
SOURCE
1000

  0
LINE
  5
60000
330
1F
100
AcDbEntity
  8
DIMENSION
  6
CONTINUOUS
100
AcDbLine
 10
149.23653045480313
 20
-380.35773898232793
 30
0.0
 11
149.58653045480315
 21
-380.0077389823279
 31
0.0
1001
JETIS
1000
R02 LOD100
1000
SOURCE
1000

  0
TEXT
  5
60100
330
1F
100
AcDbEntity
  8
DIMENSION
100
AcDbText
 10
89.41153045480314
 20
-380.73273898232793
 30
0.0
 40
0.65
  1
120.00
 72
1
 11
89.41153045480314
 21
-380.73273898232793
 31
0.0
100
AcDbText
 73
2
  0
DIMENSION
  5
60200
330
1F
100
AcDbEntity
  8
DIMENSION
100
AcDbDimension
  2
*D13
  3
EZDXF
 10
29.41153045480314
 20
-380.1827389823279
 30
0.0
 11
89.41153045480314
 21
-379.7577389823279
 31
0.0
 70
32
 71
5
 41
1.0
 42
120.0
  1
<>
100
AcDbAlignedDimension
 13
29.41153045480314
 23
-376.1827389823279
 33
0.0
 14
149.41153045480314
 24
-376.1827389823279
 34
0.0
 50
0.0
100
AcDbRotatedDimension
1001
ACAD
1000
DSTYLE
1002
{
1070
140
1040
0.65
1070
41
1040
0.2
1070
42
1040
0.15
1070
44
1040
0.2
1070
271
1070
2
1070
77
1070
1
1070
176
1070
8
1070
177
1070
8
1070
178
1070
8
1002
}
  0
LINE
  5
61100
330
1F
100
AcDbEntity
  8
DIMENSION
  6
CONTINUOUS
100
AcDbLine
 10
29.41153045480314
 20
-376.1827389823279
 30
0.0
 11
25.41153045480314
 21
-376.1827389823279
 31
0.0
1001
JETIS
1000
R02 LOD100
1000
SOURCE
1000

  0
LINE
  5
61200
330
1F
100
AcDbEntity
  8
DIMENSION
  6
CONTINUOUS
100
AcDbLine
 10
29.41153045480314
 20
-346.1827389823279
 30
0.0
 11
25.41153045480314
 21
-346.1827389823279
 31
0.0
1001
JETIS
1000
R02 LOD100
1000
SOURCE
1000

  0
LINE
  5
61300
330
1F
100
AcDbEntity
  8
DIMENSION
  6
CONTINUOUS
100
AcDbLine
 10
25.41153045480314
 20
-376.1827389823279
 30
0.0
 11
25.41153045480314
 21
-346.1827389823279
 31
0.0
1001
JETIS
1000
R02 LOD100
1000
SOURCE
1000

  0
LINE
  5
61400
330
1F
100
AcDbEntity
  8
DIMENSION
  6
CONTINUOUS
100
AcDbLine
 10
25.23653045480314
 20
-376.35773898232793
 30
0.0
 11
25.586530454803142
 21
-376.0077389823279
 31
0.0
1001
JETIS
1000
R02 LOD100
1000
SOURCE
1000

  0
LINE
  5
61500
330
1F
100
AcDbEntity
  8
DIMENSION
  6
CONTINUOUS
100
AcDbLine
 10
25.23653045480314
 20
-346.35773898232793
 30
0.0
 11
25.586530454803142
 21
-346.0077389823279
 31
0.0
1001
JETIS
1000
R02 LOD100
1000
SOURCE
1000

  0
TEXT
  5
61600
330
1F
100
AcDbEntity
  8
DIMENSION
100
AcDbText
 10
24.836530454803142
 20
-361.1827389823279
 30
0.0
 40
0.65
  1
30.00
 50
90.0
 72
1
 11
24.836530454803142
 21
-361.1827389823279
 31
0.0
100
AcDbText
 73
2
  0
DIMENSION
  5
61700
330
1F
100
AcDbEntity
  8
DIMENSION
100
AcDbDimension
  2
*D14
  3
EZDXF
 10
25.41153045480314
 20
-376.1827389823279
 30
0.0
 11
24.98653045480314
 21
-361.1827389823279
 31
0.0
 70
32
 71
5
 41
1.0
 42
30.0
  1
<>
100
AcDbAlignedDimension
 13
29.41153045480314
 23
-376.1827389823279
 33
0.0
 14
29.41153045480314
 24
-346.1827389823279
 34
0.0
 50
90.0
100
AcDbRotatedDimension
1001
ACAD
1000
DSTYLE
1002
{
1070
140
1040
0.65
1070
41
1040
0.2
1070
42
1040
0.15
1070
44
1040
0.2
1070
271
1070
2
1070
77
1070
1
1070
176
1070
8
1070
177
1070
8
1070
178
1070
8
1002
}
  0
LWPOLYLINE
  5
62600
330
1F
100
AcDbEntity
  8
AUXILIARY
  6
CONTINUOUS
100
AcDbPolyline
 90
4
 70
1
 10
10029.411530454803
 20
9623.817261017672
 10
10041.411530454803
 20
9623.817261017672
 10
10041.411530454803
 20
9635.817261017672
 10
10029.411530454803
 20
9635.817261017672
1001
JETIS
1000
R02 LOD100
1000
SOURCE
1000
2A302
  0
LWPOLYLINE
  5
62700
330
1F
100
AcDbEntity
  8
STAIR
  6
CONTINUOUS
100
AcDbPolyline
 90
4
 70
1
 10
10036.236530454811
 20
9623.892261017672
 10
10036.53653045481
 20
9623.892261017672
 10
10036.53653045481
 20
9624.792261017672
 10
10036.236530454811
 20
9624.792261017672
1001
JETIS
1000
R02 LOD100
1000
SOURCE
1000
2A451
  0
LWPOLYLINE
  5
62800
330
1F
100
AcDbEntity
  8
STAIR
  6
CONTINUOUS
100
AcDbPolyline
 90
4
 70
1
 10
10036.53653045481
 20
9623.892261017672
 10
10036.83653045481
 20
9623.892261017672
 10
10036.83653045481
 20
9624.792261017672
 10
10036.53653045481
 20
9624.792261017672
1001
JETIS
1000
R02 LOD100
1000
SOURCE
1000
2A44F
  0
LWPOLYLINE
  5
62900
330
1F
100
AcDbEntity
  8
STAIR
  6
CONTINUOUS
100
AcDbPolyline
 90
4
 70
1
 10
10036.83653045481
 20
9623.892261017672
 10
10037.136530454809
 20
9623.892261017672
 10
10037.136530454809
 20
9624.792261017672
 10
10036.83653045481
 20
9624.792261017672
1001
JETIS
1000
R02 LOD100
1000
SOURCE
1000
2A450
  0
LWPOLYLINE
  5
62A00
330
1F
100
AcDbEntity
  8
STAIR
  6
CONTINUOUS
100
AcDbPolyline
 90
4
 70
1
 10
10037.136530454809
 20
9623.892261017672
 10
10037.436530454808
 20
9623.892261017672
 10
10037.436530454808
 20
9624.792261017672
 10
10037.136530454809
 20
9624.792261017672
1001
JETIS
1000
R02 LOD100
1000
SOURCE
1000
2A44E
  0
LWPOLYLINE
  5
62B00
330
1F
100
AcDbEntity
  8
STAIR
  6
CONTINUOUS
100
AcDbPolyline
 90
4
 70
1
 10
10037.436530454808
 20
9623.892261017672
 10
10037.736530454808
 20
9623.892261017672
 10
10037.736530454808
 20
9624.792261017672
 10
10037.436530454808
 20
9624.792261017672
1001
JETIS
1000
R02 LOD100
1000
SOURCE
1000
2A446
  0
LWPOLYLINE
  5
62C00
330
1F
100
AcDbEntity
  8
STAIR
  6
CONTINUOUS
100
AcDbPolyline
 90
4
 70
1
 10
10037.736530454808
 20
9623.892261017672
 10
10038.036530454807
 20
9623.892261017672
 10
10038.036530454807
 20
9624.792261017672
 10
10037.736530454808
 20
9624.792261017672
1001
JETIS
1000
R02 LOD100
1000
SOURCE
1000
2A444
  0
LWPOLYLINE
  5
62D00
330
1F
100
AcDbEntity
  8
STAIR
  6
CONTINUOUS
100
AcDbPolyline
 90
4
 70
1
 10
10038.036530454807
 20
9623.892261017672
 10
10038.336530454806
 20
9623.892261017672
 10
10038.336530454806
 20
9624.792261017672
 10
10038.036530454807
 20
9624.792261017672
1001
JETIS
1000
R02 LOD100
1000
SOURCE
1000
2A445
  0
LWPOLYLINE
  5
62E00
330
1F
100
AcDbEntity
  8
STAIR
  6
CONTINUOUS
100
AcDbPolyline
 90
4
 70
1
 10
10038.336530454806
 20
9623.892261017672
 10
10038.636530454805
 20
9623.892261017672
 10
10038.636530454805
 20
9624.792261017672
 10
10038.336530454806
 20
9624.792261017672
1001
JETIS
1000
R02 LOD100
1000
SOURCE
1000
2A422
  0
LWPOLYLINE
  5
62F00
330
1F
100
AcDbEntity
  8
STAIR
  6
CONTINUOUS
100
AcDbPolyline
 90
4
 70
1
 10
10038.636530454805
 20
9623.892261017672
 10
10038.936530454805
 20
9623.892261017672
 10
10038.936530454805
 20
9624.792261017672
 10
10038.636530454805
 20
9624.792261017672
1001
JETIS
1000
R02 LOD100
1000
SOURCE
1000
2A419
  0
LWPOLYLINE
  5
63000
330
1F
100
AcDbEntity
  8
STAIR
  6
CONTINUOUS
100
AcDbPolyline
 90
4
 70
1
 10
10038.936530454805
 20
9623.892261017672
 10
10039.236530454804
 20
9623.892261017672
 10
10039.236530454804
 20
9624.792261017672
 10
10038.936530454805
 20
9624.792261017672
1001
JETIS
1000
R02 LOD100
1000
SOURCE
1000
2A418
  0
LWPOLYLINE
  5
63100
330
1F
100
AcDbEntity
  8
STAIR
  6
CONTINUOUS
100
AcDbPolyline
 90
4
 70
1
 10
10039.236530454804
 20
9623.892261017672
 10
10039.536530454803
 20
9623.892261017672
 10
10039.536530454803
 20
9624.792261017672
 10
10039.236530454804
 20
9624.792261017672
1001
JETIS
1000
R02 LOD100
1000
SOURCE
1000
2A417
  0
LWPOLYLINE
  5
63200
330
1F
100
AcDbEntity
  8
STAIR
  6
CONTINUOUS
100
AcDbPolyline
 90
4
 70
1
 10
10039.536530454803
 20
9623.892261017672
 10
10039.836530454802
 20
9623.892261017672
 10
10039.836530454802
 20
9624.792261017672
 10
10039.536530454803
 20
9624.792261017672
1001
JETIS
1000
R02 LOD100
1000
SOURCE
1000
2A416
  0
LWPOLYLINE
  5
63300
330
1F
100
AcDbEntity
  8
STAIR
  6
CONTINUOUS
100
AcDbPolyline
 90
4
 70
1
 10
10039.836530454802
 20
9623.892261017672
 10
10040.136530454802
 20
9623.892261017672
 10
10040.136530454802
 20
9624.792261017672
 10
10039.836530454802
 20
9624.792261017672
1001
JETIS
1000
R02 LOD100
1000
SOURCE
1000
2A415
  0
LWPOLYLINE
  5
63400
330
1F
100
AcDbEntity
  8
STAIR
  6
CONTINUOUS
100
AcDbPolyline
 90
4
 70
1
 10
10040.136530454802
 20
9623.892261017672
 10
10040.436530454801
 20
9623.892261017672
 10
10040.436530454801
 20
9624.792261017672
 10
10040.136530454802
 20
9624.792261017672
1001
JETIS
1000
R02 LOD100
1000
SOURCE
1000
2A412
  0
LWPOLYLINE
  5
63500
330
1F
100
AcDbEntity
  8
STAIR
  6
CONTINUOUS
100
AcDbPolyline
 90
4
 70
1
 10
10040.436530454801
 20
9623.892261017672
 10
10041.336530454802
 20
9623.892261017672
 10
10041.336530454802
 20
9624.792261017672
 10
10040.436530454801
 20
9624.792261017672
1001
JETIS
1000
R02 LOD100
1000
SOURCE
1000
2A411
  0
LWPOLYLINE
  5
63700
330
1F
100
AcDbEntity
  8
STAIR
  6
CONTINUOUS
100
AcDbPolyline
 90
4
 70
1
 10
10040.436530454801
 20
9624.792261017672
 10
10041.3365304548
 20
9624.792261017672
 10
10041.3365304548
 20
9625.092261017671
 10
10040.436530454801
 20
9625.092261017671
1001
JETIS
1000
R02 LOD100
1000
SOURCE
1000
2A413
  0
LWPOLYLINE
  5
63800
330
1F
100
AcDbEntity
  8
STAIR
  6
CONTINUOUS
100
AcDbPolyline
 90
4
 70
1
 10
10040.436530454801
 20
9625.092261017671
 10
10041.3365304548
 20
9625.092261017671
 10
10041.3365304548
 20
9625.39226101767
 10
10040.436530454801
 20
9625.39226101767
1001
JETIS
1000
R02 LOD100
1000
SOURCE
1000
2A414
  0
LWPOLYLINE
  5
63900
330
1F
100
AcDbEntity
  8
STAIR
  6
CONTINUOUS
100
AcDbPolyline
 90
4
 70
1
 10
10040.436530454801
 20
9625.39226101767
 10
10041.3365304548
 20
9625.39226101767
 10
10041.3365304548
 20
9625.69226101767
 10
10040.436530454801
 20
9625.69226101767
1001
JETIS
1000
R02 LOD100
1000
SOURCE
1000
2A41A
  0
LWPOLYLINE
  5
63A00
330
1F
100
AcDbEntity
  8
STAIR
  6
CONTINUOUS
100
AcDbPolyline
 90
4
 70
1
 10
10040.436530454801
 20
9625.69226101767
 10
10041.3365304548
 20
9625.69226101767
 10
10041.3365304548
 20
9625.992261017669
 10
10040.436530454801
 20
9625.992261017669
1001
JETIS
1000
R02 LOD100
1000
SOURCE
1000
2A41B
  0
LWPOLYLINE
  5
63B00
330
1F
100
AcDbEntity
  8
STAIR
  6
CONTINUOUS
100
AcDbPolyline
 90
4
 70
1
 10
10040.436530454801
 20
9625.992261017669
 10
10041.3365304548
 20
9625.992261017669
 10
10041.3365304548
 20
9626.292261017668
 10
10040.436530454801
 20
9626.292261017668
1001
JETIS
1000
R02 LOD100
1000
SOURCE
1000
2A41C
  0
LWPOLYLINE
  5
63C00
330
1F
100
AcDbEntity
  8
STAIR
  6
CONTINUOUS
100
AcDbPolyline
 90
4
 70
1
 10
10040.436530454801
 20
9626.292261017668
 10
10041.3365304548
 20
9626.292261017668
 10
10041.3365304548
 20
9626.592261017668
 10
10040.436530454801
 20
9626.592261017668
1001
JETIS
1000
R02 LOD100
1000
SOURCE
1000
2A421
  0
LWPOLYLINE
  5
63D00
330
1F
100
AcDbEntity
  8
STAIR
  6
CONTINUOUS
100
AcDbPolyline
 90
4
 70
1
 10
10040.436530454801
 20
9626.592261017668
 10
10041.3365304548
 20
9626.592261017668
 10
10041.3365304548
 20
9626.892261017667
 10
10040.436530454801
 20
9626.892261017667
1001
JETIS
1000
R02 LOD100
1000
SOURCE
1000
2A420
  0
LWPOLYLINE
  5
63E00
330
1F
100
AcDbEntity
  8
STAIR
  6
CONTINUOUS
100
AcDbPolyline
 90
4
 70
1
 10
10040.436530454801
 20
9626.892261017667
 10
10041.3365304548
 20
9626.892261017667
 10
10041.3365304548
 20
9627.192261017666
 10
10040.436530454801
 20
9627.192261017666
1001
JETIS
1000
R02 LOD100
1000
SOURCE
1000
2A41F
  0
LWPOLYLINE
  5
63F00
330
1F
100
AcDbEntity
  8
STAIR
  6
CONTINUOUS
100
AcDbPolyline
 90
4
 70
1
 10
10040.436530454801
 20
9627.192261017666
 10
10041.3365304548
 20
9627.192261017666
 10
10041.3365304548
 20
9627.492261017665
 10
10040.436530454801
 20
9627.492261017665
1001
JETIS
1000
R02 LOD100
1000
SOURCE
1000
2A41E
  0
LWPOLYLINE
  5
64000
330
1F
100
AcDbEntity
  8
STAIR
  6
CONTINUOUS
100
AcDbPolyline
 90
4
 70
1
 10
10040.436530454801
 20
9627.492261017665
 10
10041.3365304548
 20
9627.492261017665
 10
10041.3365304548
 20
9627.792261017665
 10
10040.436530454801
 20
9627.792261017665
1001
JETIS
1000
R02 LOD100
1000
SOURCE
1000
2A41D
  0
LWPOLYLINE
  5
64100
330
1F
100
AcDbEntity
  8
STAIR
  6
CONTINUOUS
100
AcDbPolyline
 90
4
 70
1
 10
10040.436530454801
 20
9627.792261017665
 10
10041.336530454802
 20
9627.792261017665
 10
10041.336530454802
 20
9628.692261017664
 10
10040.436530454801
 20
9628.692261017664
1001
JETIS
1000
R02 LOD100
1000
SOURCE
1000
2A44A
  0
LWPOLYLINE
  5
64300
330
1F
100
AcDbEntity
  8
STAIR
  6
CONTINUOUS
100
AcDbPolyline
 90
4
 70
1
 10
10040.436530454801
 20
9628.692261017664
 10
10041.3365304548
 20
9628.692261017664
 10
10041.3365304548
 20
9628.992261017664
 10
10040.436530454801
 20
9628.992261017664
1001
JETIS
1000
R02 LOD100
1000
SOURCE
1000
2A44B
  0
LWPOLYLINE
  5
64400
330
1F
100
AcDbEntity
  8
STAIR
  6
CONTINUOUS
100
AcDbPolyline
 90
4
 70
1
 10
10040.436530454801
 20
9628.992261017664
 10
10041.3365304548
 20
9628.992261017664
 10
10041.3365304548
 20
9629.292261017663
 10
10040.436530454801
 20
9629.292261017663
1001
JETIS
1000
R02 LOD100
1000
SOURCE
1000
2A44C
  0
LWPOLYLINE
  5
64500
330
1F
100
AcDbEntity
  8
STAIR
  6
CONTINUOUS
100
AcDbPolyline
 90
4
 70
1
 10
10040.436530454801
 20
9629.292261017663
 10
10041.3365304548
 20
9629.292261017663
 10
10041.3365304548
 20
9629.592261017662
 10
10040.436530454801
 20
9629.592261017662
1001
JETIS
1000
R02 LOD100
1000
SOURCE
1000
2A44D
  0
LWPOLYLINE
  5
64600
330
1F
100
AcDbEntity
  8
STAIR
  6
CONTINUOUS
100
AcDbPolyline
 90
4
 70
1
 10
10040.436530454801
 20
9629.592261017662
 10
10041.3365304548
 20
9629.592261017662
 10
10041.3365304548
 20
9629.892261017661
 10
10040.436530454801
 20
9629.892261017661
1001
JETIS
1000
R02 LOD100
1000
SOURCE
1000
2A452
  0
LWPOLYLINE
  5
64700
330
1F
100
AcDbEntity
  8
VOID
  6
DASHED
100
AcDbPolyline
 90
6
 70
1
 10
10029.486530454804
 20
9623.892261017672
 10
10036.086530454802
 20
9623.892261017672
 10
10036.086530454802
 20
9624.792261017672
 10
10040.436530454803
 20
9624.792261017672
 10
10040.436530454803
 20
9629.742261017673
 10
10029.486530454804
 20
9629.742261017673
1001
JETIS
1000
R02 LOD100
1000
SOURCE
1000
2A453
  0
LWPOLYLINE
  5
64800
330
1F
100
AcDbEntity
  8
STAIR
  6
DASHED
100
AcDbPolyline
 90
32
 70
0
 10
10035.986530454811
 20
9624.342261017671
 10
10036.38653045481
 20
9624.342261017671
 10
10036.68653045481
 20
9624.342261017671
 10
10036.98653045481
 20
9624.342261017671
 10
10037.286530454809
 20
9624.342261017671
 10
10037.586530454808
 20
9624.342261017671
 10
10037.886530454807
 20
9624.342261017671
 10
10038.186530454806
 20
9624.342261017671
 10
10038.486530454806
 20
9624.342261017671
 10
10038.786530454805
 20
9624.342261017671
 10
10039.086530454804
 20
9624.342261017671
 10
10039.386530454804
 20
9624.342261017671
 10
10039.686530454803
 20
9624.342261017671
 10
10039.986530454802
 20
9624.342261017671
 10
10040.286530454801
 20
9624.342261017671
 10
10040.886530454802
 20
9624.342261017671
 10
10040.886530454802
 20
9624.942261017672
 10
10040.886530454802
 20
9625.24226101767
 10
10040.886530454802
 20
9625.54226101767
 10
10040.886530454802
 20
9625.84226101767
 10
10040.886530454802
 20
9626.142261017669
 10
10040.886530454802
 20
9626.442261017668
 10
10040.886530454802
 20
9626.742261017667
 10
10040.886530454802
 20
9627.042261017667
 10
10040.886530454802
 20
9627.342261017666
 10
10040.886530454802
 20
9627.642261017665
 10
10040.886530454802
 20
9628.242261017664
 10
10040.886530454802
 20
9628.842261017664
 10
10040.886530454802
 20
9629.142261017663
 10
10040.886530454802
 20
9629.442261017663
 10
10040.886530454802
 20
9629.742261017662
 10
10040.886530454804
 20
9630.117261017673
1001
JETIS
1000
R02 LOD100
1000
ASSUMPTION
1000

  0
LINE
  5
64900
330
1F
100
AcDbEntity
  8
STAIR
  6
CONTINUOUS
100
AcDbLine
 10
10040.886530454802
 20
9629.442261017663
 30
0.0
 11
10040.886530454804
 21
9630.117261017673
 31
0.0
1001
JETIS
1000
R02 LOD100
1000
SOURCE
1000

  0
LWPOLYLINE
  5
64A00
330
1F
100
AcDbEntity
  8
STAIR
  6
CONTINUOUS
100
AcDbPolyline
 90
3
 70
1
 10
10040.886530454804
 20
9630.117261017673
 10
10040.808646786341
 20
9629.933048818872
 10
10040.964414123264
 20
9629.933048818872
1001
JETIS
1000
R02 LOD100
1000
SOURCE
1000

  0
LINE
  5
64C00
330
1F
100
AcDbEntity
  8
DIMENSION
  6
CONTINUOUS
100
AcDbLine
 10
10029.411530454803
 20
9623.817261017672
 30
0.0
 11
10029.411530454803
 21
9622.517261017672
 31
0.0
1001
JETIS
1000
R02 LOD100
1000
SOURCE
1000

  0
LINE
  5
64D00
330
1F
100
AcDbEntity
  8
DIMENSION
  6
CONTINUOUS
100
AcDbLine
 10
10041.411530454803
 20
9623.817261017672
 30
0.0
 11
10041.411530454803
 21
9622.517261017672
 31
0.0
1001
JETIS
1000
R02 LOD100
1000
SOURCE
1000

  0
LINE
  5
64E00
330
1F
100
AcDbEntity
  8
DIMENSION
  6
CONTINUOUS
100
AcDbLine
 10
10029.411530454803
 20
9622.517261017672
 30
0.0
 11
10041.411530454803
 21
9622.517261017672
 31
0.0
1001
JETIS
1000
R02 LOD100
1000
SOURCE
1000

  0
LINE
  5
64F00
330
1F
100
AcDbEntity
  8
DIMENSION
  6
CONTINUOUS
100
AcDbLine
 10
10029.341530454803
 20
9622.447261017673
 30
0.0
 11
10029.481530454803
 21
9622.587261017672
 31
0.0
1001
JETIS
1000
R02 LOD100
1000
SOURCE
1000

  0
LINE
  5
65000
330
1F
100
AcDbEntity
  8
DIMENSION
  6
CONTINUOUS
100
AcDbLine
 10
10041.341530454803
 20
9622.447261017673
 30
0.0
 11
10041.481530454803
 21
9622.587261017672
 31
0.0
1001
JETIS
1000
R02 LOD100
1000
SOURCE
1000

  0
TEXT
  5
65100
330
1F
100
AcDbEntity
  8
DIMENSION
100
AcDbText
 10
10035.411530454803
 20
9622.297261017671
 30
0.0
 40
0.26
  1
12.00
 72
1
 11
10035.411530454803
 21
9622.297261017671
 31
0.0
100
AcDbText
 73
2
  0
DIMENSION
  5
65200
330
1F
100
AcDbEntity
  8
DIMENSION
100
AcDbDimension
  2
*D15
  3
EZDXF
 10
10029.411530454803
 20
9622.517261017672
 30
0.0
 11
10035.411530454803
 21
9622.747261017672
 31
0.0
 70
32
 71
5
 41
1.0
 42
12.0
  1
<>
100
AcDbAlignedDimension
 13
10029.411530454803
 23
9623.817261017672
 33
0.0
 14
10041.411530454803
 24
9623.817261017672
 34
0.0
 50
0.0
100
AcDbRotatedDimension
1001
ACAD
1000
DSTYLE
1002
{
1070
140
1040
0.26
1070
41
1040
0.08
1070
42
1040
0.06
1070
44
1040
0.08
1070
271
1070
2
1070
77
1070
1
1070
176
1070
8
1070
177
1070
8
1070
178
1070
8
1002
}
  0
LINE
  5
66100
330
1F
100
AcDbEntity
  8
DIMENSION
  6
CONTINUOUS
100
AcDbLine
 10
10029.411530454803
 20
9623.817261017672
 30
0.0
 11
10028.111530454804
 21
9623.817261017672
 31
0.0
1001
JETIS
1000
R02 LOD100
1000
SOURCE
1000

  0
LINE
  5
66200
330
1F
100
AcDbEntity
  8
DIMENSION
  6
CONTINUOUS
100
AcDbLine
 10
10029.411530454803
 20
9635.817261017672
 30
0.0
 11
10028.111530454804
 21
9635.817261017672
 31
0.0
1001
JETIS
1000
R02 LOD100
1000
SOURCE
1000

  0
LINE
  5
66300
330
1F
100
AcDbEntity
  8
DIMENSION
  6
CONTINUOUS
100
AcDbLine
 10
10028.111530454804
 20
9623.817261017672
 30
0.0
 11
10028.111530454804
 21
9635.817261017672
 31
0.0
1001
JETIS
1000
R02 LOD100
1000
SOURCE
1000

  0
LINE
  5
66400
330
1F
100
AcDbEntity
  8
DIMENSION
  6
CONTINUOUS
100
AcDbLine
 10
10028.041530454802
 20
9623.747261017672
 30
0.0
 11
10028.181530454804
 21
9623.887261017671
 31
0.0
1001
JETIS
1000
R02 LOD100
1000
SOURCE
1000

  0
LINE
  5
66500
330
1F
100
AcDbEntity
  8
DIMENSION
  6
CONTINUOUS
100
AcDbLine
 10
10028.041530454802
 20
9635.747261017672
 30
0.0
 11
10028.181530454804
 21
9635.887261017671
 31
0.0
1001
JETIS
1000
R02 LOD100
1000
SOURCE
1000

  0
TEXT
  5
66600
330
1F
100
AcDbEntity
  8
DIMENSION
100
AcDbText
 10
10027.881530454802
 20
9629.817261017672
 30
0.0
 40
0.26
  1
12.00
 50
90.0
 72
1
 11
10027.881530454802
 21
9629.817261017672
 31
0.0
100
AcDbText
 73
2
  0
DIMENSION
  5
66700
330
1F
100
AcDbEntity
  8
DIMENSION
100
AcDbDimension
  2
*D16
  3
EZDXF
 10
10028.111530454804
 20
9623.817261017672
 30
0.0
 11
10027.881530454804
 21
9629.817261017672
 31
0.0
 70
32
 71
5
 41
1.0
 42
12.0
  1
<>
100
AcDbAlignedDimension
 13
10029.411530454803
 23
9623.817261017672
 33
0.0
 14
10029.411530454803
 24
9635.817261017672
 34
0.0
 50
90.0
100
AcDbRotatedDimension
1001
ACAD
1000
DSTYLE
1002
{
1070
140
1040
0.26
1070
41
1040
0.08
1070
42
1040
0.06
1070
44
1040
0.08
1070
271
1070
2
1070
77
1070
1
1070
176
1070
8
1070
177
1070
8
1070
178
1070
8
1002
}
  0
TEXT
  5
67600
330
1F
100
AcDbEntity
  8
VOID
100
AcDbText
 10
10033.411530454803
 20
9626.817261017672
 30
0.0
 40
0.4
  1
VOID
 72
1
 11
10033.411530454803
 21
9626.817261017672
 31
0.0
100
AcDbText
 73
2
  0
TEXT
  5
67700
330
1F
100
AcDbEntity
  8
VOID
100
AcDbText
 10
10033.411530454803
 20
9626.117261017673
 30
0.0
 40
0.25
  1
Batas bertingkat sumber
 72
1
 11
10033.411530454803
 21
9626.117261017673
 31
0.0
100
AcDbText
 73
2
  0
TEXT
  5
67800
330
1F
100
AcDbEntity
  8
TITLE
100
AcDbText
 10
30.66153045480314
 20
-393.1827389823279
 30
0.0
 40
0.9
  1
02  DENAH TANGGA / VOID
 11
30.66153045480314
 21
-393.1827389823279
 31
0.0
100
AcDbText
  0
TEXT
  5
67900
330
1F
100
AcDbEntity
  8
TITLE
100
AcDbText
 10
30.66153045480314
 20
-394.9327389823279
 30
0.0
 40
0.7
  1
1:100 pada A1 · 28 injakan + 2 bordes
 11
30.66153045480314
 21
-394.9327389823279
 31
0.0
100
AcDbText
  0
TEXT
  5
67A00
330
1F
100
AcDbEntity
  8
TITLE
100
AcDbText
 10
73.16153045480314
 20
-403.9327389823279
 30
0.0
 40
0.825
  1
URUTAN NAIK SUMBER
 11
73.16153045480314
 21
-403.9327389823279
 31
0.0
100
AcDbText
  0
TEXT
  5
67B00
330
1F
100
AcDbEntity
  8
TITLE
100
AcDbText
 10
73.16153045480314
 20
-406.9327389823279
 30
0.0
 40
0.7
  1
14 injakan \U+2192 bordes 1
 11
73.16153045480314
 21
-406.9327389823279
 31
0.0
100
AcDbText
  0
TEXT
  5
67C00
330
1F
100
AcDbEntity
  8
TITLE
100
AcDbText
 10
73.16153045480314
 20
-408.6827389823279
 30
0.0
 40
0.7
  1
10 injakan \U+2192 bordes 2
 11
73.16153045480314
 21
-408.6827389823279
 31
0.0
100
AcDbText
  0
TEXT
  5
67D00
330
1F
100
AcDbEntity
  8
TITLE
100
AcDbText
 10
73.16153045480314
 20
-410.4327389823279
 30
0.0
 40
0.7
  1
4 injakan \U+2192 lantai dua
 11
73.16153045480314
 21
-410.4327389823279
 31
0.0
100
AcDbText
  0
TEXT
  5
67E00
330
1F
100
AcDbEntity
  8
TITLE
100
AcDbText
 10
73.16153045480314
 20
-412.1827389823279
 30
0.0
 40
0.7
  1
Lebar: 0,90 m; injakan: 0,30 m
 11
73.16153045480314
 21
-412.1827389823279
 31
0.0
100
AcDbText
  0
TEXT
  5
67F00
330
1F
100
AcDbEntity
  8
TITLE
100
AcDbText
 10
73.16153045480314
 20
-413.9327389823279
 30
0.0
 40
0.7
  1
30 kenaikan × 0,15 = +4,50 m
 11
73.16153045480314
 21
-413.9327389823279
 31
0.0
100
AcDbText
  0
TEXT
  5
68000
330
1F
100
AcDbEntity
  8
TITLE
100
AcDbText
 10
73.16153045480314
 20
-415.6827389823279
 30
0.0
 40
0.7
  1
Penetapan tinggi kenaikan: asumsi
 11
73.16153045480314
 21
-415.6827389823279
 31
0.0
100
AcDbText
  0
TEXT
  5
68100
330
1F
100
AcDbEntity
  8
TITLE
100
AcDbText
 10
73.16153045480314
 20
-417.4327389823279
 30
0.0
 40
0.7
  1
Bukaan pelat mencakup tangga dan void
 11
73.16153045480314
 21
-417.4327389823279
 31
0.0
100
AcDbText
  0
LINE
  5
68200
330
1F
100
AcDbEntity
  8
GRID
100
AcDbLine
 10
164.41153045480314
 20
-333.6827389823279
 30
0.0
 11
164.41153045480314
 21
-443.1827389823279
 31
0.0
  0
TEXT
  5
68300
330
1F
100
AcDbEntity
  8
TITLE
100
AcDbText
 10
166.91153045480314
 20
-336.1827389823279
 30
0.0
 40
0.875
  1
SUMBER POTONGAN
 11
166.91153045480314
 21
-336.1827389823279
 31
0.0
100
AcDbText
  0
TEXT
  5
68400
330
1F
100
AcDbEntity
  8
TITLE
100
AcDbText
 10
166.91153045480314
 20
-338.4327389823279
 30
0.0
 40
0.7
  1
Lantai dua +4,50 m
 11
166.91153045480314
 21
-338.4327389823279
 31
0.0
100
AcDbText
  0
TEXT
  5
68500
330
1F
100
AcDbEntity
  8
TITLE
100
AcDbText
 10
166.91153045480314
 20
-339.9327389823279
 30
0.0
 40
0.7
  1
Bentang rangka 120 × 30 m
 11
166.91153045480314
 21
-339.9327389823279
 31
0.0
100
AcDbText
  0
TEXT
  5
68600
330
1F
100
AcDbEntity
  8
TITLE
100
AcDbText
 10
166.91153045480314
 20
-341.4327389823279
 30
0.0
 40
0.7
  1
Bukti: 17B47 / 1D8DB / 2130C
 11
166.91153045480314
 21
-341.4327389823279
 31
0.0
100
AcDbText
  0
TEXT
  5
68700
330
1F
100
AcDbEntity
  8
TITLE
100
AcDbText
 10
166.91153045480314
 20
-342.9327389823279
 30
0.0
 40
0.7
  1
WF300: rangka sedalam 0,30 m
 11
166.91153045480314
 21
-342.9327389823279
 31
0.0
100
AcDbText
  0
TEXT
  5
68800
330
1F
100
AcDbEntity
  8
TITLE
100
AcDbText
 10
166.91153045480314
 20
-344.4327389823279
 30
0.0
 40
0.7
  1
Bukan bukti tebal pelat
 11
166.91153045480314
 21
-344.4327389823279
 31
0.0
100
AcDbText
  0
TEXT
  5
68900
330
1F
100
AcDbEntity
  8
TITLE
100
AcDbText
 10
166.91153045480314
 20
-348.4327389823279
 30
0.0
 40
0.875
  1
TANGGA & VOID
 11
166.91153045480314
 21
-348.4327389823279
 31
0.0
100
AcDbText
  0
TEXT
  5
68A00
330
1F
100
AcDbEntity
  8
TITLE
100
AcDbText
 10
166.91153045480314
 20
-350.6827389823279
 30
0.0
 40
0.7
  1
Modul denah sumber 12 × 12 m
 11
166.91153045480314
 21
-350.6827389823279
 31
0.0
100
AcDbText
  0
TEXT
  5
68B00
330
1F
100
AcDbEntity
  8
TITLE
100
AcDbText
 10
166.91153045480314
 20
-352.1827389823279
 30
0.0
 40
0.7
  1
28 injakan dan dua bordes
 11
166.91153045480314
 21
-352.1827389823279
 31
0.0
100
AcDbText
  0
TEXT
  5
68C00
330
1F
100
AcDbEntity
  8
TITLE
100
AcDbText
 10
166.91153045480314
 20
-353.6827389823279
 30
0.0
 40
0.7
  1
Void sumber bertingkat dipertahankan
 11
166.91153045480314
 21
-353.6827389823279
 31
0.0
100
AcDbText
  0
TEXT
  5
68D00
330
1F
100
AcDbEntity
  8
TITLE
100
AcDbText
 10
166.91153045480314
 20
-355.1827389823279
 30
0.0
 40
0.7
  1
Tidak ada pelat di atas jalur tangga
 11
166.91153045480314
 21
-355.1827389823279
 31
0.0
100
AcDbText
  0
TEXT
  5
68E00
330
1F
100
AcDbEntity
  8
TITLE
100
AcDbText
 10
166.91153045480314
 20
-359.1827389823279
 30
0.0
 40
0.875
  1
ASUMSI STUDI
 11
166.91153045480314
 21
-359.1827389823279
 31
0.0
100
AcDbText
  0
TEXT
  5
68F00
330
1F
100
AcDbEntity
  8
TITLE
100
AcDbText
 10
166.91153045480314
 20
-361.4327389823279
 30
0.0
 40
0.7
  1
Pelat mengisi seluruh bentang 120 × 30
 11
166.91153045480314
 21
-361.4327389823279
 31
0.0
100
AcDbText
  0
TEXT
  5
69000
330
1F
100
AcDbEntity
  8
TITLE
100
AcDbText
 10
166.91153045480314
 20
-362.9327389823279
 30
0.0
 40
0.7
  1
Tebal pelat: 150 mm
 11
166.91153045480314
 21
-362.9327389823279
 31
0.0
100
AcDbText
  0
TEXT
  5
69100
330
1F
100
AcDbEntity
  8
TITLE
100
AcDbText
 10
166.91153045480314
 20
-364.4327389823279
 30
0.0
 40
0.7
  1
30 kenaikan masing-masing 150 mm
 11
166.91153045480314
 21
-364.4327389823279
 31
0.0
100
AcDbText
  0
TEXT
  5
69200
330
1F
100
AcDbEntity
  8
TITLE
100
AcDbText
 10
166.91153045480314
 20
-365.9327389823279
 30
0.0
 40
0.7
  1
Profil/handrail bukan detail produksi
 11
166.91153045480314
 21
-365.9327389823279
 31
0.0
100
AcDbText
  0
TEXT
  5
69300
330
1F
100
AcDbEntity
  8
TITLE
100
AcDbText
 10
166.91153045480314
 20
-367.4327389823279
 30
0.0
 40
0.7
  1
Fungsi ruangan tidak diberikan sumber
 11
166.91153045480314
 21
-367.4327389823279
 31
0.0
100
AcDbText
  0
TEXT
  5
69400
330
1F
100
AcDbEntity
  8
TITLE
100
AcDbText
 10
85.66153045480314
 20
-433.4327389823279
 30
0.0
 40
0.625
  1
0
 11
85.66153045480314
 21
-433.4327389823279
 31
0.0
100
AcDbText
  0
TEXT
  5
69500
330
1F
100
AcDbEntity
  8
TITLE
100
AcDbText
 10
90.66153045480314
 20
-433.4327389823279
 30
0.0
 40
0.625
  1
5
 11
90.66153045480314
 21
-433.4327389823279
 31
0.0
100
AcDbText
  0
TEXT
  5
69600
330
1F
100
AcDbEntity
  8
TITLE
100
AcDbText
 10
95.66153045480314
 20
-433.4327389823279
 30
0.0
 40
0.625
  1
10
 11
95.66153045480314
 21
-433.4327389823279
 31
0.0
100
AcDbText
  0
TEXT
  5
69700
330
1F
100
AcDbEntity
  8
TITLE
100
AcDbText
 10
100.66153045480314
 20
-433.4327389823279
 30
0.0
 40
0.625
  1
15
 11
100.66153045480314
 21
-433.4327389823279
 31
0.0
100
AcDbText
  0
TEXT
  5
69800
330
1F
100
AcDbEntity
  8
TITLE
100
AcDbText
 10
105.66153045480314
 20
-433.4327389823279
 30
0.0
 40
0.625
  1
20 m
 11
105.66153045480314
 21
-433.4327389823279
 31
0.0
100
AcDbText
  0
TEXT
  5
69900
330
1F
100
AcDbEntity
  8
TITLE
100
AcDbText
 10
21.16153045480314
 20
-439.6827389823279
 30
0.0
 40
0.65
  1
Ruang putih pada L2 adalah bukaan tangga + void; garis ungu menunjukkan batas void sumber yang bertingkat
 11
21.16153045480314
 21
-439.6827389823279
 31
0.0
100
AcDbText
  0
TEXT
  5
69A00
330
1F
100
AcDbEntity
  8
TITLE
100
AcDbText
 10
21.16153045480314
 20
-441.1827389823279
 30
0.0
 40
0.65
  1
CAD menyimpan denah utama dan detail dalam satuan meter 1:1; posisi detail dipisahkan untuk keterbacaan
 11
21.16153045480314
 21
-441.1827389823279
 31
0.0
100
AcDbText
  0
TEXT
  5
69B00
330
1F
100
AcDbEntity
  8
TITLE
100
AcDbText
 10
21.16153045480314
 20
-442.6827389823279
 30
0.0
 40
0.65
  1
Header DWG INSUNITS=4 (mm), tetapi ukuran/koordinat berskala meter; CAD baru INSUNITS=6 (m)
 11
21.16153045480314
 21
-442.6827389823279
 31
0.0
100
AcDbText
  0
LINE
  5
6A300
330
1F
100
AcDbEntity
  8
TITLE
100
AcDbLine
 10
601.4115304548031
 20
-201.7827389823279
 30
0.0
 11
928.2115304548031
 21
-201.7827389823279
 31
0.0
  0
LINE
  5
6A400
330
1F
100
AcDbEntity
  8
TITLE
100
AcDbLine
 10
928.2115304548031
 20
-201.7827389823279
 30
0.0
 11
928.2115304548031
 21
-429.78273898232794
 31
0.0
  0
LINE
  5
6A500
330
1F
100
AcDbEntity
  8
TITLE
100
AcDbLine
 10
928.2115304548031
 20
-429.78273898232794
 30
0.0
 11
601.4115304548031
 21
-429.78273898232794
 31
0.0
  0
LINE
  5
6A600
330
1F
100
AcDbEntity
  8
TITLE
100
AcDbLine
 10
601.4115304548031
 20
-429.78273898232794
 30
0.0
 11
601.4115304548031
 21
-201.7827389823279
 31
0.0
  0
LINE
  5
6A700
330
1F
100
AcDbEntity
  8
TITLE
100
AcDbLine
 10
601.4115304548031
 20
-222.58273898232792
 30
0.0
 11
928.2115304548031
 21
-222.58273898232792
 31
0.0
  0
LINE
  5
6A800
330
1F
100
AcDbEntity
  8
TITLE
100
AcDbLine
 10
601.4115304548031
 20
-412.5827389823279
 30
0.0
 11
928.2115304548031
 21
-412.5827389823279
 31
0.0
  0
LINE
  5
6A900
330
1F
100
AcDbEntity
  8
TITLE
100
AcDbLine
 10
601.4115304548031
 20
-424.5827389823279
 30
0.0
 11
928.2115304548031
 21
-424.5827389823279
 31
0.0
  0
TEXT
  5
6AA00
330
1F
100
AcDbEntity
  8
TITLE
100
AcDbText
 10
606.6115304548032
 20
-209.3827389823279
 30
0.0
 40
3.6
  1
JETIS
 11
606.6115304548032
 21
-209.3827389823279
 31
0.0
100
AcDbText
  0
TEXT
  5
6AB00
330
1F
100
AcDbEntity
  8
TITLE
100
AcDbText
 10
606.6115304548032
 20
-214.18273898232792
 30
0.0
 40
1.44
  1
PENGOLAHAN HASIL LAUT
 11
606.6115304548032
 21
-214.18273898232792
 31
0.0
100
AcDbText
  0
TEXT
  5
6AC00
330
1F
100
AcDbEntity
  8
TITLE
100
AcDbText
 10
685.4115304548031
 20
-209.7827389823279
 30
0.0
 40
2.52
  1
DENAH ATAP
 11
685.4115304548031
 21
-209.7827389823279
 31
0.0
100
AcDbText
  0
TEXT
  5
6AD00
330
1F
100
AcDbEntity
  8
TITLE
100
AcDbText
 10
685.4115304548031
 20
-214.58273898232792
 30
0.0
 40
1.24
  1
Atap baris menerus 114 / 120 m dan atap tahap 2 meruncing
 11
685.4115304548031
 21
-214.58273898232792
 31
0.0
100
AcDbText
  0
TEXT
  5
6AE00
330
1F
100
AcDbEntity
  8
TITLE
100
AcDbText
 10
890.6115304548032
 20
-208.18273898232792
 30
0.0
 40
2.4
  1
A104
 11
890.6115304548032
 21
-208.18273898232792
 31
0.0
100
AcDbText
  0
TEXT
  5
6AF00
330
1F
100
AcDbEntity
  8
TITLE
100
AcDbText
 10
890.6115304548032
 20
-213.3827389823279
 30
0.0
 40
1.28
  1
R02 / LOD100
 11
890.6115304548032
 21
-213.3827389823279
 31
0.0
100
AcDbText
  0
TEXT
  5
6B000
330
1F
100
AcDbEntity
  8
TITLE
100
AcDbText
 10
606.6115304548032
 20
-417.78273898232794
 30
0.0
 40
0.9199999999999999
  1
SUMBER PENGENDALI
 11
606.6115304548032
 21
-417.78273898232794
 31
0.0
100
AcDbText
  0
TEXT
  5
6B100
330
1F
100
AcDbEntity
  8
TITLE
100
AcDbText
 10
606.6115304548032
 20
-420.98273898232793
 30
0.0
 40
1.08
  1
LAYOUT PLAN ALT.2 · 165A2 · 30 SEPTEMBER 2026
 11
606.6115304548032
 21
-420.98273898232793
 31
0.0
100
AcDbText
  0
TEXT
  5
6B200
330
1F
100
AcDbEntity
  8
TITLE
100
AcDbText
 10
734.6115304548032
 20
-417.78273898232794
 30
0.0
 40
0.9199999999999999
  1
SATUAN / SKALA CETAK
 11
734.6115304548032
 21
-417.78273898232794
 31
0.0
100
AcDbText
  0
TEXT
  5
6B300
330
1F
100
AcDbEntity
  8
TITLE
100
AcDbText
 10
734.6115304548032
 20
-420.98273898232793
 30
0.0
 40
1.08
  1
meter / 1:400 pada A1; perbesaran layar mengubah skala
 11
734.6115304548032
 21
-420.98273898232793
 31
0.0
100
AcDbText
  0
TEXT
  5
6B400
330
1F
100
AcDbEntity
  8
TITLE
100
AcDbText
 10
852.6115304548032
 20
-417.78273898232794
 30
0.0
 40
0.9199999999999999
  1
STATUS
 11
852.6115304548032
 21
-417.78273898232794
 31
0.0
100
AcDbText
  0
TEXT
  5
6B500
330
1F
100
AcDbEntity
  8
TITLE
100
AcDbText
 10
852.6115304548032
 20
-420.98273898232793
 30
0.0
 40
1.08
  1
STUDI SUMBER + ASUMSI TERBUKA
 11
852.6115304548032
 21
-420.98273898232793
 31
0.0
100
AcDbText
  0
TEXT
  5
6B600
330
1F
100
AcDbEntity
  8
TITLE
100
AcDbText
 10
606.6115304548032
 20
-428.1827389823279
 30
0.0
 40
1.08
  1
BUKAN DOKUMEN KONSTRUKSI · Tidak georeferensi · Dimensi angka mengendalikan, jangan ukur layar
 11
606.6115304548032
 21
-428.1827389823279
 31
0.0
100
AcDbText
  0
TEXT
  5
6B700
330
1F
100
AcDbEntity
  8
TITLE
100
AcDbText
 10
866.6115304548032
 20
-428.1827389823279
 30
0.0
 40
1.0
  1
DWG sumber tetap tidak diedit
 11
866.6115304548032
 21
-428.1827389823279
 31
0.0
100
AcDbText
  0
LWPOLYLINE
  5
6B800
330
1F
100
AcDbEntity
  8
SOURCE_FOOTPRINT
  6
CONTINUOUS
100
AcDbPolyline
 90
4
 70
1
 10
629.4115304548031
 20
-316.1827389823279
 10
665.4115304548031
 20
-316.1827389823279
 10
665.4115304548031
 20
-346.1827389823279
 10
629.4115304548031
 20
-346.1827389823279
1001
JETIS
1000
R02 LOD100
1000
SOURCE
1000
2A2E5
  0
LWPOLYLINE
  5
6B900
330
1F
100
AcDbEntity
  8
SOURCE_FOOTPRINT
  6
CONTINUOUS
100
AcDbPolyline
 90
4
 70
1
 10
665.4115304548031
 20
-316.1827389823279
 10
743.4115304548031
 20
-316.1827389823279
 10
743.4115304548031
 20
-346.182738920937
 10
665.4115304548031
 20
-346.182738920937
1001
JETIS
1000
R02 LOD100
1000
SOURCE
1000
2A310
  0
LWPOLYLINE
  5
6BA00
330
1F
100
AcDbEntity
  8
SOURCE_FOOTPRINT
  6
CONTINUOUS
100
AcDbPolyline
 90
4
 70
1
 10
629.4115304548031
 20
-346.1827389823279
 10
665.4115304548031
 20
-346.1827389823279
 10
665.4115304548031
 20
-376.1827389823279
 10
629.4115304548031
 20
-376.1827389823279
1001
JETIS
1000
R02 LOD100
1000
SOURCE
1000
2A2E9
  0
LWPOLYLINE
  5
6BB00
330
1F
100
AcDbEntity
  8
SOURCE_FOOTPRINT
  6
CONTINUOUS
100
AcDbPolyline
 90
4
 70
1
 10
665.411530454805
 20
-346.1827388227116
 10
749.4115304548031
 20
-346.1827388227116
 10
749.4115304548031
 20
-376.1827389823279
 10
665.411530454805
 20
-376.1827389823279
1001
JETIS
1000
R02 LOD100
1000
SOURCE
1000
2A313
  0
LWPOLYLINE
  5
6BC00
330
1F
100
AcDbEntity
  8
SOURCE_FOOTPRINT
  6
CONTINUOUS
100
AcDbPolyline
 90
4
 70
1
 10
653.4115304465231
 20
-260.1827389820787
 10
653.4115304465213
 20
-296.1827389820787
 10
737.4115304465213
 20
-296.1827389820787
 10
737.4115304465213
 20
-266.1827389820787
1001
JETIS
1000
R02 LOD100
1000
SOURCE
1000
2A2D5
  0
LWPOLYLINE
  5
6BD00
330
1F
100
AcDbEntity
  8
ROOF
  6
CONTINUOUS
100
AcDbPolyline
 90
4
 70
1
 10
628.4115304548031
 20
-377.29920755262793
 10
750.4115304548031
 20
-377.29920755262793
 10
750.4115304548031
 20
-361.1827389823279
 10
628.4115304548031
 20
-361.1827389823279
1001
JETIS
1000
R02 LOD100
1000
SOURCE
1000
17468,1746C,1797F
  0
LWPOLYLINE
  5
6BF00
330
1F
100
AcDbEntity
  8
ROOF
  6
CONTINUOUS
100
AcDbPolyline
 90
4
 70
1
 10
628.4115304548031
 20
-361.1827389823279
 10
750.4115304548031
 20
-361.1827389823279
 10
750.4115304548031
 20
-346.4072757302779
 10
628.4115304548031
 20
-346.4072757302779
1001
JETIS
1000
R02 LOD100
1000
SOURCE
1000
17468,1746C,1797F
  0
LWPOLYLINE
  5
6C100
330
1F
100
AcDbEntity
  8
ROOF
  6
CONTINUOUS
100
AcDbPolyline
 90
4
 70
1
 10
628.4115304548031
 20
-345.95820223437795
 10
744.4115304548031
 20
-345.95820223437795
 10
744.4115304548031
 20
-331.1827389823279
 10
628.4115304548031
 20
-331.1827389823279
1001
JETIS
1000
R02 LOD100
1000
SOURCE
1000
17468,1746C,1797F
  0
LWPOLYLINE
  5
6C300
330
1F
100
AcDbEntity
  8
ROOF
  6
CONTINUOUS
100
AcDbPolyline
 90
4
 70
1
 10
628.4115304548031
 20
-331.1827389823279
 10
744.4115304548031
 20
-331.1827389823279
 10
744.4115304548031
 20
-315.0662704120279
 10
628.4115304548031
 20
-315.0662704120279
1001
JETIS
1000
R02 LOD100
1000
SOURCE
1000
17468,1746C,1797F
  0
LWPOLYLINE
  5
6C500
330
1F
100
AcDbEntity
  8
ROOF
  6
CONTINUOUS
100
AcDbPolyline
 90
4
 70
1
 10
665.4115304548031
 20
-316.1827389823279
 10
743.4115304548031
 20
-316.1827389823279
 10
743.4115304548031
 20
-312.1827389823279
 10
665.4115304548031
 20
-312.1827389823279
1001
JETIS
1000
R02 LOD100
1000
SOURCE PROFILE / CANOPY EXTENT ASSUMPTION
1000
17B90
  0
LWPOLYLINE
  5
6C700
330
1F
100
AcDbEntity
  8
ROOF
  6
CONTINUOUS
100
AcDbPolyline
 90
4
 70
1
 10
665.4115304548031
 20
-380.1827389823279
 10
701.4115304548031
 20
-380.1827389823279
 10
701.4115304548031
 20
-376.1827389823279
 10
665.4115304548031
 20
-376.1827389823279
1001
JETIS
1000
R02 LOD100
1000
SOURCE PROFILE / CANOPY EXTENT ASSUMPTION
1000
17B90
  0
LWPOLYLINE
  5
6C900
330
1F
100
AcDbEntity
  8
ROOF
  6
CONTINUOUS
100
AcDbPolyline
 90
4
 70
1
 10
719.4115304548031
 20
-380.1827389823279
 10
743.4115304548031
 20
-380.1827389823279
 10
743.4115304548031
 20
-376.1827389823279
 10
719.4115304548031
 20
-376.1827389823279
1001
JETIS
1000
R02 LOD100
1000
SOURCE PROFILE / CANOPY EXTENT ASSUMPTION
1000
17B90
  0
LWPOLYLINE
  5
6CB00
330
1F
100
AcDbEntity
  8
ROOF
  6
CONTINUOUS
100
AcDbPolyline
 90
4
 70
1
 10
653.4115304465213
 20
-300.1827389820787
 10
737.4115304465213
 20
-300.1827389820787
 10
737.4115304465213
 20
-296.1827389820787
 10
653.4115304465213
 20
-296.1827389820787
1001
JETIS
1000
R02 LOD100
1000
SOURCE PROFILE / CANOPY EXTENT ASSUMPTION
1000
17B90
  0
LWPOLYLINE
  5
6CD00
330
1F
100
AcDbEntity
  8
ROOF
  6
CONTINUOUS
100
AcDbPolyline
 90
4
 70
1
 10
652.4115304465213
 20
-297.1827389820787
 10
738.4115304465213
 20
-297.1827389820787
 10
738.4115304465213
 20
-281.1827389820787
 10
652.4115304465213
 20
-281.1827389820787
1001
JETIS
1000
R02 LOD100
1000
SOURCE
1000
16817,219A3
  0
LWPOLYLINE
  5
6CF00
330
1F
100
AcDbEntity
  8
ROOF
  6
CONTINUOUS
100
AcDbPolyline
 90
4
 70
1
 10
652.4115304465213
 20
-281.1827389820787
 10
738.4115304465213
 20
-281.1827389820787
 10
738.4115304465213
 20
-265.2516197786772
 10
652.4115304465213
 20
-259.1087626358203
1001
JETIS
1000
R02 LOD100
1000
SOURCE
1000
16817,219A3
  0
LINE
  5
6D100
330
1F
100
AcDbEntity
  8
ROOF
  6
CONTINUOUS
100
AcDbLine
 10
628.4115304548031
 20
-361.1827389823279
 30
0.0
 11
750.4115304548031
 21
-361.1827389823279
 31
0.0
1001
JETIS
1000
R02 LOD100
1000
SOURCE
1000

  0
LINE
  5
6D200
330
1F
100
AcDbEntity
  8
GRID
  6
CONTINUOUS
100
AcDbLine
 10
628.4115304548031
 20
-361.1827389823279
 30
0.0
 11
750.4115304548031
 21
-361.1827389823279
 31
0.0
1001
JETIS
1000
R02 LOD100
1000
SOURCE
1000
17985,1791C
  0
LINE
  5
6D300
330
1F
100
AcDbEntity
  8
GRID
  6
CONTINUOUS
100
AcDbLine
 10
628.4115304548031
 20
-362.3418499738748
 30
0.0
 11
750.4115304548031
 21
-362.3418499738748
 31
0.0
1001
JETIS
1000
R02 LOD100
1000
SOURCE
1000
17985,1791C
  0
LINE
  5
6D400
330
1F
100
AcDbEntity
  8
GRID
  6
CONTINUOUS
100
AcDbLine
 10
628.4115304548031
 20
-363.50096096542165
 30
0.0
 11
750.4115304548031
 21
-363.50096096542165
 31
0.0
1001
JETIS
1000
R02 LOD100
1000
SOURCE
1000
17985,1791C
  0
LINE
  5
6D500
330
1F
100
AcDbEntity
  8
GRID
  6
CONTINUOUS
100
AcDbLine
 10
628.4115304548031
 20
-364.6600719569686
 30
0.0
 11
750.4115304548031
 21
-364.6600719569686
 31
0.0
1001
JETIS
1000
R02 LOD100
1000
SOURCE
1000
17985,1791C
  0
LINE
  5
6D600
330
1F
100
AcDbEntity
  8
GRID
  6
CONTINUOUS
100
AcDbLine
 10
628.4115304548031
 20
-365.81918294851545
 30
0.0
 11
750.4115304548031
 21
-365.81918294851545
 31
0.0
1001
JETIS
1000
R02 LOD100
1000
SOURCE
1000
17985,1791C
  0
LINE
  5
6D700
330
1F
100
AcDbEntity
  8
GRID
  6
CONTINUOUS
100
AcDbLine
 10
628.4115304548031
 20
-366.9782939400623
 30
0.0
 11
750.4115304548031
 21
-366.9782939400623
 31
0.0
1001
JETIS
1000
R02 LOD100
1000
SOURCE
1000
17985,1791C
  0
LINE
  5
6D800
330
1F
100
AcDbEntity
  8
GRID
  6
CONTINUOUS
100
AcDbLine
 10
628.4115304548031
 20
-368.13740493160924
 30
0.0
 11
750.4115304548031
 21
-368.13740493160924
 31
0.0
1001
JETIS
1000
R02 LOD100
1000
SOURCE
1000
17985,1791C
  0
LINE
  5
6D900
330
1F
100
AcDbEntity
  8
GRID
  6
CONTINUOUS
100
AcDbLine
 10
628.4115304548031
 20
-369.2965159231561
 30
0.0
 11
750.4115304548031
 21
-369.2965159231561
 31
0.0
1001
JETIS
1000
R02 LOD100
1000
SOURCE
1000
17985,1791C
  0
LINE
  5
6DA00
330
1F
100
AcDbEntity
  8
GRID
  6
CONTINUOUS
100
AcDbLine
 10
628.4115304548031
 20
-370.455626914703
 30
0.0
 11
750.4115304548031
 21
-370.455626914703
 31
0.0
1001
JETIS
1000
R02 LOD100
1000
SOURCE
1000
17985,1791C
  0
LINE
  5
6DB00
330
1F
100
AcDbEntity
  8
GRID
  6
CONTINUOUS
100
AcDbLine
 10
628.4115304548031
 20
-371.61473790624984
 30
0.0
 11
750.4115304548031
 21
-371.61473790624984
 31
0.0
1001
JETIS
1000
R02 LOD100
1000
SOURCE
1000
17985,1791C
  0
LINE
  5
6DC00
330
1F
100
AcDbEntity
  8
GRID
  6
CONTINUOUS
100
AcDbLine
 10
628.4115304548031
 20
-372.7738488977967
 30
0.0
 11
750.4115304548031
 21
-372.7738488977967
 31
0.0
1001
JETIS
1000
R02 LOD100
1000
SOURCE
1000
17985,1791C
  0
LINE
  5
6DD00
330
1F
100
AcDbEntity
  8
GRID
  6
CONTINUOUS
100
AcDbLine
 10
628.4115304548031
 20
-373.93295988934364
 30
0.0
 11
750.4115304548031
 21
-373.93295988934364
 31
0.0
1001
JETIS
1000
R02 LOD100
1000
SOURCE
1000
17985,1791C
  0
LINE
  5
6DE00
330
1F
100
AcDbEntity
  8
GRID
  6
CONTINUOUS
100
AcDbLine
 10
628.4115304548031
 20
-375.0920708808905
 30
0.0
 11
750.4115304548031
 21
-375.0920708808905
 31
0.0
1001
JETIS
1000
R02 LOD100
1000
SOURCE
1000
17985,1791C
  0
LINE
  5
6DF00
330
1F
100
AcDbEntity
  8
GRID
  6
CONTINUOUS
100
AcDbLine
 10
628.4115304548031
 20
-376.25118187243737
 30
0.0
 11
750.4115304548031
 21
-376.25118187243737
 31
0.0
1001
JETIS
1000
R02 LOD100
1000
SOURCE
1000
17985,1791C
  0
LINE
  5
6E000
330
1F
100
AcDbEntity
  8
GRID
  6
CONTINUOUS
100
AcDbLine
 10
628.4115304548031
 20
-360.02362799078105
 30
0.0
 11
750.4115304548031
 21
-360.02362799078105
 31
0.0
1001
JETIS
1000
R02 LOD100
1000
SOURCE
1000
17985,1791C
  0
LINE
  5
6E100
330
1F
100
AcDbEntity
  8
GRID
  6
CONTINUOUS
100
AcDbLine
 10
628.4115304548031
 20
-358.8645169992342
 30
0.0
 11
750.4115304548031
 21
-358.8645169992342
 31
0.0
1001
JETIS
1000
R02 LOD100
1000
SOURCE
1000
17985,1791C
  0
LINE
  5
6E200
330
1F
100
AcDbEntity
  8
GRID
  6
CONTINUOUS
100
AcDbLine
 10
628.4115304548031
 20
-357.70540600768726
 30
0.0
 11
750.4115304548031
 21
-357.70540600768726
 31
0.0
1001
JETIS
1000
R02 LOD100
1000
SOURCE
1000
17985,1791C
  0
LINE
  5
6E300
330
1F
100
AcDbEntity
  8
GRID
  6
CONTINUOUS
100
AcDbLine
 10
628.4115304548031
 20
-356.5462950161404
 30
0.0
 11
750.4115304548031
 21
-356.5462950161404
 31
0.0
1001
JETIS
1000
R02 LOD100
1000
SOURCE
1000
17985,1791C
  0
LINE
  5
6E400
330
1F
100
AcDbEntity
  8
GRID
  6
CONTINUOUS
100
AcDbLine
 10
628.4115304548031
 20
-355.3871840245935
 30
0.0
 11
750.4115304548031
 21
-355.3871840245935
 31
0.0
1001
JETIS
1000
R02 LOD100
1000
SOURCE
1000
17985,1791C
  0
LINE
  5
6E500
330
1F
100
AcDbEntity
  8
GRID
  6
CONTINUOUS
100
AcDbLine
 10
628.4115304548031
 20
-354.2280730330466
 30
0.0
 11
750.4115304548031
 21
-354.2280730330466
 31
0.0
1001
JETIS
1000
R02 LOD100
1000
SOURCE
1000
17985,1791C
  0
LINE
  5
6E600
330
1F
100
AcDbEntity
  8
GRID
  6
CONTINUOUS
100
AcDbLine
 10
628.4115304548031
 20
-353.06896204149973
 30
0.0
 11
750.4115304548031
 21
-353.06896204149973
 31
0.0
1001
JETIS
1000
R02 LOD100
1000
SOURCE
1000
17985,1791C
  0
LINE
  5
6E700
330
1F
100
AcDbEntity
  8
GRID
  6
CONTINUOUS
100
AcDbLine
 10
628.4115304548031
 20
-351.90985104995286
 30
0.0
 11
750.4115304548031
 21
-351.90985104995286
 31
0.0
1001
JETIS
1000
R02 LOD100
1000
SOURCE
1000
17985,1791C
  0
LINE
  5
6E800
330
1F
100
AcDbEntity
  8
GRID
  6
CONTINUOUS
100
AcDbLine
 10
628.4115304548031
 20
-350.750740058406
 30
0.0
 11
750.4115304548031
 21
-350.750740058406
 31
0.0
1001
JETIS
1000
R02 LOD100
1000
SOURCE
1000
17985,1791C
  0
LINE
  5
6E900
330
1F
100
AcDbEntity
  8
GRID
  6
CONTINUOUS
100
AcDbLine
 10
628.4115304548031
 20
-349.5916290668591
 30
0.0
 11
750.4115304548031
 21
-349.5916290668591
 31
0.0
1001
JETIS
1000
R02 LOD100
1000
SOURCE
1000
17985,1791C
  0
LINE
  5
6EA00
330
1F
100
AcDbEntity
  8
GRID
  6
CONTINUOUS
100
AcDbLine
 10
628.4115304548031
 20
-348.4325180753122
 30
0.0
 11
750.4115304548031
 21
-348.4325180753122
 31
0.0
1001
JETIS
1000
R02 LOD100
1000
SOURCE
1000
17985,1791C
  0
LINE
  5
6EB00
330
1F
100
AcDbEntity
  8
GRID
  6
CONTINUOUS
100
AcDbLine
 10
628.4115304548031
 20
-347.27340708376533
 30
0.0
 11
750.4115304548031
 21
-347.27340708376533
 31
0.0
1001
JETIS
1000
R02 LOD100
1000
SOURCE
1000
17985,1791C
  0
LINE
  5
6EC00
330
1F
100
AcDbEntity
  8
ROOF
  6
CONTINUOUS
100
AcDbLine
 10
628.4115304548031
 20
-331.1827389823279
 30
0.0
 11
744.4115304548031
 21
-331.1827389823279
 31
0.0
1001
JETIS
1000
R02 LOD100
1000
SOURCE
1000

  0
LINE
  5
6ED00
330
1F
100
AcDbEntity
  8
GRID
  6
CONTINUOUS
100
AcDbLine
 10
628.4115304548031
 20
-331.1827389823279
 30
0.0
 11
744.4115304548031
 21
-331.1827389823279
 31
0.0
1001
JETIS
1000
R02 LOD100
1000
SOURCE
1000
17985,1791C
  0
LINE
  5
6EE00
330
1F
100
AcDbEntity
  8
GRID
  6
CONTINUOUS
100
AcDbLine
 10
628.4115304548031
 20
-332.3418499738748
 30
0.0
 11
744.4115304548031
 21
-332.3418499738748
 31
0.0
1001
JETIS
1000
R02 LOD100
1000
SOURCE
1000
17985,1791C
  0
LINE
  5
6EF00
330
1F
100
AcDbEntity
  8
GRID
  6
CONTINUOUS
100
AcDbLine
 10
628.4115304548031
 20
-333.50096096542165
 30
0.0
 11
744.4115304548031
 21
-333.50096096542165
 31
0.0
1001
JETIS
1000
R02 LOD100
1000
SOURCE
1000
17985,1791C
  0
LINE
  5
6F000
330
1F
100
AcDbEntity
  8
GRID
  6
CONTINUOUS
100
AcDbLine
 10
628.4115304548031
 20
-334.6600719569686
 30
0.0
 11
744.4115304548031
 21
-334.6600719569686
 31
0.0
1001
JETIS
1000
R02 LOD100
1000
SOURCE
1000
17985,1791C
  0
LINE
  5
6F100
330
1F
100
AcDbEntity
  8
GRID
  6
CONTINUOUS
100
AcDbLine
 10
628.4115304548031
 20
-335.81918294851545
 30
0.0
 11
744.4115304548031
 21
-335.81918294851545
 31
0.0
1001
JETIS
1000
R02 LOD100
1000
SOURCE
1000
17985,1791C
  0
LINE
  5
6F200
330
1F
100
AcDbEntity
  8
GRID
  6
CONTINUOUS
100
AcDbLine
 10
628.4115304548031
 20
-336.9782939400623
 30
0.0
 11
744.4115304548031
 21
-336.9782939400623
 31
0.0
1001
JETIS
1000
R02 LOD100
1000
SOURCE
1000
17985,1791C
  0
LINE
  5
6F300
330
1F
100
AcDbEntity
  8
GRID
  6
CONTINUOUS
100
AcDbLine
 10
628.4115304548031
 20
-338.13740493160924
 30
0.0
 11
744.4115304548031
 21
-338.13740493160924
 31
0.0
1001
JETIS
1000
R02 LOD100
1000
SOURCE
1000
17985,1791C
  0
LINE
  5
6F400
330
1F
100
AcDbEntity
  8
GRID
  6
CONTINUOUS
100
AcDbLine
 10
628.4115304548031
 20
-339.2965159231561
 30
0.0
 11
744.4115304548031
 21
-339.2965159231561
 31
0.0
1001
JETIS
1000
R02 LOD100
1000
SOURCE
1000
17985,1791C
  0
LINE
  5
6F500
330
1F
100
AcDbEntity
  8
GRID
  6
CONTINUOUS
100
AcDbLine
 10
628.4115304548031
 20
-340.455626914703
 30
0.0
 11
744.4115304548031
 21
-340.455626914703
 31
0.0
1001
JETIS
1000
R02 LOD100
1000
SOURCE
1000
17985,1791C
  0
LINE
  5
6F600
330
1F
100
AcDbEntity
  8
GRID
  6
CONTINUOUS
100
AcDbLine
 10
628.4115304548031
 20
-341.61473790624984
 30
0.0
 11
744.4115304548031
 21
-341.61473790624984
 31
0.0
1001
JETIS
1000
R02 LOD100
1000
SOURCE
1000
17985,1791C
  0
LINE
  5
6F700
330
1F
100
AcDbEntity
  8
GRID
  6
CONTINUOUS
100
AcDbLine
 10
628.4115304548031
 20
-342.7738488977967
 30
0.0
 11
744.4115304548031
 21
-342.7738488977967
 31
0.0
1001
JETIS
1000
R02 LOD100
1000
SOURCE
1000
17985,1791C
  0
LINE
  5
6F800
330
1F
100
AcDbEntity
  8
GRID
  6
CONTINUOUS
100
AcDbLine
 10
628.4115304548031
 20
-343.93295988934364
 30
0.0
 11
744.4115304548031
 21
-343.93295988934364
 31
0.0
1001
JETIS
1000
R02 LOD100
1000
SOURCE
1000
17985,1791C
  0
LINE
  5
6F900
330
1F
100
AcDbEntity
  8
GRID
  6
CONTINUOUS
100
AcDbLine
 10
628.4115304548031
 20
-345.0920708808905
 30
0.0
 11
744.4115304548031
 21
-345.0920708808905
 31
0.0
1001
JETIS
1000
R02 LOD100
1000
SOURCE
1000
17985,1791C
  0
LINE
  5
6FA00
330
1F
100
AcDbEntity
  8
GRID
  6
CONTINUOUS
100
AcDbLine
 10
628.4115304548031
 20
-330.02362799078105
 30
0.0
 11
744.4115304548031
 21
-330.02362799078105
 31
0.0
1001
JETIS
1000
R02 LOD100
1000
SOURCE
1000
17985,1791C
  0
LINE
  5
6FB00
330
1F
100
AcDbEntity
  8
GRID
  6
CONTINUOUS
100
AcDbLine
 10
628.4115304548031
 20
-328.8645169992342
 30
0.0
 11
744.4115304548031
 21
-328.8645169992342
 31
0.0
1001
JETIS
1000
R02 LOD100
1000
SOURCE
1000
17985,1791C
  0
LINE
  5
6FC00
330
1F
100
AcDbEntity
  8
GRID
  6
CONTINUOUS
100
AcDbLine
 10
628.4115304548031
 20
-327.70540600768726
 30
0.0
 11
744.4115304548031
 21
-327.70540600768726
 31
0.0
1001
JETIS
1000
R02 LOD100
1000
SOURCE
1000
17985,1791C
  0
LINE
  5
6FD00
330
1F
100
AcDbEntity
  8
GRID
  6
CONTINUOUS
100
AcDbLine
 10
628.4115304548031
 20
-326.5462950161404
 30
0.0
 11
744.4115304548031
 21
-326.5462950161404
 31
0.0
1001
JETIS
1000
R02 LOD100
1000
SOURCE
1000
17985,1791C
  0
LINE
  5
6FE00
330
1F
100
AcDbEntity
  8
GRID
  6
CONTINUOUS
100
AcDbLine
 10
628.4115304548031
 20
-325.3871840245935
 30
0.0
 11
744.4115304548031
 21
-325.3871840245935
 31
0.0
1001
JETIS
1000
R02 LOD100
1000
SOURCE
1000
17985,1791C
  0
LINE
  5
6FF00
330
1F
100
AcDbEntity
  8
GRID
  6
CONTINUOUS
100
AcDbLine
 10
628.4115304548031
 20
-324.2280730330466
 30
0.0
 11
744.4115304548031
 21
-324.2280730330466
 31
0.0
1001
JETIS
1000
R02 LOD100
1000
SOURCE
1000
17985,1791C
  0
LINE
  5
70000
330
1F
100
AcDbEntity
  8
GRID
  6
CONTINUOUS
100
AcDbLine
 10
628.4115304548031
 20
-323.06896204149973
 30
0.0
 11
744.4115304548031
 21
-323.06896204149973
 31
0.0
1001
JETIS
1000
R02 LOD100
1000
SOURCE
1000
17985,1791C
  0
LINE
  5
70100
330
1F
100
AcDbEntity
  8
GRID
  6
CONTINUOUS
100
AcDbLine
 10
628.4115304548031
 20
-321.90985104995286
 30
0.0
 11
744.4115304548031
 21
-321.90985104995286
 31
0.0
1001
JETIS
1000
R02 LOD100
1000
SOURCE
1000
17985,1791C
  0
LINE
  5
70200
330
1F
100
AcDbEntity
  8
GRID
  6
CONTINUOUS
100
AcDbLine
 10
628.4115304548031
 20
-320.750740058406
 30
0.0
 11
744.4115304548031
 21
-320.750740058406
 31
0.0
1001
JETIS
1000
R02 LOD100
1000
SOURCE
1000
17985,1791C
  0
LINE
  5
70300
330
1F
100
AcDbEntity
  8
GRID
  6
CONTINUOUS
100
AcDbLine
 10
628.4115304548031
 20
-319.5916290668591
 30
0.0
 11
744.4115304548031
 21
-319.5916290668591
 31
0.0
1001
JETIS
1000
R02 LOD100
1000
SOURCE
1000
17985,1791C
  0
LINE
  5
70400
330
1F
100
AcDbEntity
  8
GRID
  6
CONTINUOUS
100
AcDbLine
 10
628.4115304548031
 20
-318.4325180753122
 30
0.0
 11
744.4115304548031
 21
-318.4325180753122
 31
0.0
1001
JETIS
1000
R02 LOD100
1000
SOURCE
1000
17985,1791C
  0
LINE
  5
70500
330
1F
100
AcDbEntity
  8
GRID
  6
CONTINUOUS
100
AcDbLine
 10
628.4115304548031
 20
-317.27340708376533
 30
0.0
 11
744.4115304548031
 21
-317.27340708376533
 31
0.0
1001
JETIS
1000
R02 LOD100
1000
SOURCE
1000
17985,1791C
  0
LINE
  5
70600
330
1F
100
AcDbEntity
  8
GRID
  6
CONTINUOUS
100
AcDbLine
 10
628.4115304548031
 20
-316.11429609221847
 30
0.0
 11
744.4115304548031
 21
-316.11429609221847
 31
0.0
1001
JETIS
1000
R02 LOD100
1000
SOURCE
1000
17985,1791C
  0
LINE
  5
70700
330
1F
100
AcDbEntity
  8
ROOF
  6
CONTINUOUS
100
AcDbLine
 10
652.4115304465213
 20
-281.1827389820787
 30
0.0
 11
738.4115304465213
 21
-281.1827389820787
 31
0.0
1001
JETIS
1000
R02 LOD100
1000
SOURCE
1000

  0
LINE
  5
70800
330
1F
100
AcDbEntity
  8
GRID
  6
CONTINUOUS
100
AcDbLine
 10
652.4115304465213
 20
-281.1827389820787
 30
0.0
 11
738.4115304465213
 21
-281.1827389820787
 31
0.0
1001
JETIS
1000
R02 LOD100
1000
SOURCE
1000
16817,219A9
  0
LINE
  5
70900
330
1F
100
AcDbEntity
  8
GRID
  6
CONTINUOUS
100
AcDbLine
 10
652.4115304465213
 20
-282.3418499736256
 30
0.0
 11
738.4115304465213
 21
-282.3418499736256
 31
0.0
1001
JETIS
1000
R02 LOD100
1000
SOURCE
1000
16817,219A9
  0
LINE
  5
70A00
330
1F
100
AcDbEntity
  8
GRID
  6
CONTINUOUS
100
AcDbLine
 10
652.4115304465213
 20
-283.50096096517245
 30
0.0
 11
738.4115304465213
 21
-283.50096096517245
 31
0.0
1001
JETIS
1000
R02 LOD100
1000
SOURCE
1000
16817,219A9
  0
LINE
  5
70B00
330
1F
100
AcDbEntity
  8
GRID
  6
CONTINUOUS
100
AcDbLine
 10
652.4115304465213
 20
-284.6600719567194
 30
0.0
 11
738.4115304465213
 21
-284.6600719567194
 31
0.0
1001
JETIS
1000
R02 LOD100
1000
SOURCE
1000
16817,219A9
  0
LINE
  5
70C00
330
1F
100
AcDbEntity
  8
GRID
  6
CONTINUOUS
100
AcDbLine
 10
652.4115304465213
 20
-285.81918294826625
 30
0.0
 11
738.4115304465213
 21
-285.81918294826625
 31
0.0
1001
JETIS
1000
R02 LOD100
1000
SOURCE
1000
16817,219A9
  0
LINE
  5
70D00
330
1F
100
AcDbEntity
  8
GRID
  6
CONTINUOUS
100
AcDbLine
 10
652.4115304465213
 20
-286.9782939398131
 30
0.0
 11
738.4115304465213
 21
-286.9782939398131
 31
0.0
1001
JETIS
1000
R02 LOD100
1000
SOURCE
1000
16817,219A9
  0
LINE
  5
70E00
330
1F
100
AcDbEntity
  8
GRID
  6
CONTINUOUS
100
AcDbLine
 10
652.4115304465213
 20
-288.13740493136004
 30
0.0
 11
738.4115304465213
 21
-288.13740493136004
 31
0.0
1001
JETIS
1000
R02 LOD100
1000
SOURCE
1000
16817,219A9
  0
LINE
  5
70F00
330
1F
100
AcDbEntity
  8
GRID
  6
CONTINUOUS
100
AcDbLine
 10
652.4115304465213
 20
-289.2965159229069
 30
0.0
 11
738.4115304465213
 21
-289.2965159229069
 31
0.0
1001
JETIS
1000
R02 LOD100
1000
SOURCE
1000
16817,219A9
  0
LINE
  5
71000
330
1F
100
AcDbEntity
  8
GRID
  6
CONTINUOUS
100
AcDbLine
 10
652.4115304465213
 20
-290.4556269144538
 30
0.0
 11
738.4115304465213
 21
-290.4556269144538
 31
0.0
1001
JETIS
1000
R02 LOD100
1000
SOURCE
1000
16817,219A9
  0
LINE
  5
71100
330
1F
100
AcDbEntity
  8
GRID
  6
CONTINUOUS
100
AcDbLine
 10
652.4115304465213
 20
-291.61473790600064
 30
0.0
 11
738.4115304465213
 21
-291.61473790600064
 31
0.0
1001
JETIS
1000
R02 LOD100
1000
SOURCE
1000
16817,219A9
  0
LINE
  5
71200
330
1F
100
AcDbEntity
  8
GRID
  6
CONTINUOUS
100
AcDbLine
 10
652.4115304465213
 20
-292.7738488975475
 30
0.0
 11
738.4115304465213
 21
-292.7738488975475
 31
0.0
1001
JETIS
1000
R02 LOD100
1000
SOURCE
1000
16817,219A9
  0
LINE
  5
71300
330
1F
100
AcDbEntity
  8
GRID
  6
CONTINUOUS
100
AcDbLine
 10
652.4115304465213
 20
-293.93295988909443
 30
0.0
 11
738.4115304465213
 21
-293.93295988909443
 31
0.0
1001
JETIS
1000
R02 LOD100
1000
SOURCE
1000
16817,219A9
  0
LINE
  5
71400
330
1F
100
AcDbEntity
  8
GRID
  6
CONTINUOUS
100
AcDbLine
 10
652.4115304465213
 20
-295.0920708806413
 30
0.0
 11
738.4115304465213
 21
-295.0920708806413
 31
0.0
1001
JETIS
1000
R02 LOD100
1000
SOURCE
1000
16817,219A9
  0
LINE
  5
71500
330
1F
100
AcDbEntity
  8
GRID
  6
CONTINUOUS
100
AcDbLine
 10
652.4115304465213
 20
-296.25118187218817
 30
0.0
 11
738.4115304465213
 21
-296.25118187218817
 31
0.0
1001
JETIS
1000
R02 LOD100
1000
SOURCE
1000
16817,219A9
  0
LINE
  5
71600
330
1F
100
AcDbEntity
  8
GRID
  6
CONTINUOUS
100
AcDbLine
 10
652.4115304465213
 20
-280.02362799053185
 30
0.0
 11
738.4115304465213
 21
-280.02362799053185
 31
0.0
1001
JETIS
1000
R02 LOD100
1000
SOURCE
1000
16817,219A9
  0
LINE
  5
71700
330
1F
100
AcDbEntity
  8
GRID
  6
CONTINUOUS
100
AcDbLine
 10
652.4115304465213
 20
-278.864516998985
 30
0.0
 11
738.4115304465213
 21
-278.864516998985
 31
0.0
1001
JETIS
1000
R02 LOD100
1000
SOURCE
1000
16817,219A9
  0
LINE
  5
71800
330
1F
100
AcDbEntity
  8
GRID
  6
CONTINUOUS
100
AcDbLine
 10
652.4115304465213
 20
-277.70540600743806
 30
0.0
 11
738.4115304465213
 21
-277.70540600743806
 31
0.0
1001
JETIS
1000
R02 LOD100
1000
SOURCE
1000
16817,219A9
  0
LINE
  5
71900
330
1F
100
AcDbEntity
  8
GRID
  6
CONTINUOUS
100
AcDbLine
 10
652.4115304465213
 20
-276.5462950158912
 30
0.0
 11
738.4115304465213
 21
-276.5462950158912
 31
0.0
1001
JETIS
1000
R02 LOD100
1000
SOURCE
1000
16817,219A9
  0
LINE
  5
71A00
330
1F
100
AcDbEntity
  8
GRID
  6
CONTINUOUS
100
AcDbLine
 10
652.4115304465213
 20
-275.3871840243443
 30
0.0
 11
738.4115304465213
 21
-275.3871840243443
 31
0.0
1001
JETIS
1000
R02 LOD100
1000
SOURCE
1000
16817,219A9
  0
LINE
  5
71B00
330
1F
100
AcDbEntity
  8
GRID
  6
CONTINUOUS
100
AcDbLine
 10
652.4115304465213
 20
-274.2280730327974
 30
0.0
 11
738.4115304465213
 21
-274.2280730327974
 31
0.0
1001
JETIS
1000
R02 LOD100
1000
SOURCE
1000
16817,219A9
  0
LINE
  5
71C00
330
1F
100
AcDbEntity
  8
GRID
  6
CONTINUOUS
100
AcDbLine
 10
652.4115304465213
 20
-273.06896204125053
 30
0.0
 11
738.4115304465213
 21
-273.06896204125053
 31
0.0
1001
JETIS
1000
R02 LOD100
1000
SOURCE
1000
16817,219A9
  0
LINE
  5
71D00
330
1F
100
AcDbEntity
  8
GRID
  6
CONTINUOUS
100
AcDbLine
 10
652.4115304465213
 20
-271.90985104970366
 30
0.0
 11
738.4115304465213
 21
-271.90985104970366
 31
0.0
1001
JETIS
1000
R02 LOD100
1000
SOURCE
1000
16817,219A9
  0
LINE
  5
71E00
330
1F
100
AcDbEntity
  8
GRID
  6
CONTINUOUS
100
AcDbLine
 10
652.4115304465213
 20
-270.7507400581568
 30
0.0
 11
738.4115304465213
 21
-270.7507400581568
 31
0.0
1001
JETIS
1000
R02 LOD100
1000
SOURCE
1000
16817,219A9
  0
LINE
  5
71F00
330
1F
100
AcDbEntity
  8
GRID
  6
CONTINUOUS
100
AcDbLine
 10
652.4115304465213
 20
-269.5916290666099
 30
0.0
 11
738.4115304465213
 21
-269.5916290666099
 31
0.0
1001
JETIS
1000
R02 LOD100
1000
SOURCE
1000
16817,219A9
  0
LINE
  5
72000
330
1F
100
AcDbEntity
  8
GRID
  6
CONTINUOUS
100
AcDbLine
 10
652.4115304465213
 20
-268.43251807506306
 30
0.0
 11
738.4115304465213
 21
-268.43251807506306
 31
0.0
1001
JETIS
1000
R02 LOD100
1000
SOURCE
1000
16817,219A9
  0
LINE
  5
72100
330
1F
100
AcDbEntity
  8
GRID
  6
CONTINUOUS
100
AcDbLine
 10
652.4115304465213
 20
-267.27340708351613
 30
0.0
 11
738.4115304465213
 21
-267.27340708351613
 31
0.0
1001
JETIS
1000
R02 LOD100
1000
SOURCE
1000
16817,219A9
  0
LINE
  5
72200
330
1F
100
AcDbEntity
  8
GRID
  6
CONTINUOUS
100
AcDbLine
 10
652.4115304465213
 20
-266.11429609196927
 30
0.0
 11
738.4115304465213
 21
-266.11429609196927
 31
0.0
1001
JETIS
1000
R02 LOD100
1000
SOURCE
1000
16817,219A9
  0
LINE
  5
72300
330
1F
100
AcDbEntity
  8
GRID
  6
CONTINUOUS
100
AcDbLine
 10
652.4115304465213
 20
-264.95518510042234
 30
0.0
 11
734.2614449509535
 21
-264.95518510042234
 31
0.0
1001
JETIS
1000
R02 LOD100
1000
SOURCE
1000
16817,219A9
  0
LINE
  5
72400
330
1F
100
AcDbEntity
  8
GRID
  6
CONTINUOUS
100
AcDbLine
 10
652.4115304465213
 20
-263.7960741088755
 30
0.0
 11
718.0338910692963
 21
-263.7960741088755
 31
0.0
1001
JETIS
1000
R02 LOD100
1000
SOURCE
1000
16817,219A9
  0
LINE
  5
72500
330
1F
100
AcDbEntity
  8
GRID
  6
CONTINUOUS
100
AcDbLine
 10
652.4115304465213
 20
-262.6369631173286
 30
0.0
 11
701.8063371876394
 21
-262.6369631173286
 31
0.0
1001
JETIS
1000
R02 LOD100
1000
SOURCE
1000
16817,219A9
  0
LINE
  5
72600
330
1F
100
AcDbEntity
  8
GRID
  6
CONTINUOUS
100
AcDbLine
 10
652.4115304465213
 20
-261.47785212578174
 30
0.0
 11
685.5787833059826
 21
-261.47785212578174
 31
0.0
1001
JETIS
1000
R02 LOD100
1000
SOURCE
1000
16817,219A9
  0
LINE
  5
72700
330
1F
100
AcDbEntity
  8
GRID
  6
CONTINUOUS
100
AcDbLine
 10
652.4115304465213
 20
-260.31874113423487
 30
0.0
 11
669.3512294243254
 21
-260.31874113423487
 31
0.0
1001
JETIS
1000
R02 LOD100
1000
SOURCE
1000
16817,219A9
  0
LINE
  5
72800
330
1F
100
AcDbEntity
  8
GRID
  6
CONTINUOUS
100
AcDbLine
 10
652.4115304465213
 20
-259.15963014268794
 30
0.0
 11
653.1236755426681
 21
-259.15963014268794
 31
0.0
1001
JETIS
1000
R02 LOD100
1000
SOURCE
1000
16817,219A9
  0
TEXT
  5
72900
330
1F
100
AcDbEntity
  8
ROOF
100
AcDbText
 10
689.4115304548031
 20
-361.1827389823279
 30
0.0
 40
1.2
  1
NOK +13.50
 72
1
 11
689.4115304548031
 21
-361.1827389823279
 31
0.0
100
AcDbText
 73
2
  0
LINE
  5
72A00
330
1F
100
AcDbEntity
  8
ROOF
  6
CONTINUOUS
100
AcDbLine
 10
711.0115304548032
 20
-369.1827389823279
 30
0.0
 11
711.0115304548032
 21
-374.1827389823279
 31
0.0
1001
JETIS
1000
R02 LOD100
1000
SOURCE
1000

  0
LWPOLYLINE
  5
72B00
330
1F
100
AcDbEntity
  8
ROOF
  6
CONTINUOUS
100
AcDbPolyline
 90
3
 70
1
 10
711.0115304548032
 20
-374.1827389823279
 10
711.3230651286501
 20
-373.4458901871256
 10
710.6999957809562
 20
-373.4458901871256
1001
JETIS
1000
R02 LOD100
1000
SOURCE
1000

  0
TEXT
  5
72D00
330
1F
100
AcDbEntity
  8
ROOF
100
AcDbText
 10
714.0115304548032
 20
-371.1827389823279
 30
0.0
 40
1.16
  1
15°
 72
1
 11
714.0115304548032
 21
-371.1827389823279
 31
0.0
100
AcDbText
 73
2
  0
LINE
  5
72E00
330
1F
100
AcDbEntity
  8
ROOF
  6
CONTINUOUS
100
AcDbLine
 10
711.0115304548032
 20
-353.1827389823279
 30
0.0
 11
711.0115304548032
 21
-348.1827389823279
 31
0.0
1001
JETIS
1000
R02 LOD100
1000
SOURCE
1000

  0
LWPOLYLINE
  5
72F00
330
1F
100
AcDbEntity
  8
ROOF
  6
CONTINUOUS
100
AcDbPolyline
 90
3
 70
1
 10
711.0115304548032
 20
-348.1827389823279
 10
710.6999957809562
 20
-348.91958777753024
 10
711.3230651286501
 20
-348.91958777753024
1001
JETIS
1000
R02 LOD100
1000
SOURCE
1000

  0
TEXT
  5
73100
330
1F
100
AcDbEntity
  8
ROOF
100
AcDbText
 10
714.0115304548032
 20
-351.1827389823279
 30
0.0
 40
1.16
  1
15°
 72
1
 11
714.0115304548032
 21
-351.1827389823279
 31
0.0
100
AcDbText
 73
2
  0
TEXT
  5
73200
330
1F
100
AcDbEntity
  8
ROOF
100
AcDbText
 10
686.4115304548031
 20
-331.1827389823279
 30
0.0
 40
1.2
  1
NOK +13.50
 72
1
 11
686.4115304548031
 21
-331.1827389823279
 31
0.0
100
AcDbText
 73
2
  0
LINE
  5
73300
330
1F
100
AcDbEntity
  8
ROOF
  6
CONTINUOUS
100
AcDbLine
 10
706.9315304548031
 20
-339.1827389823279
 30
0.0
 11
706.9315304548031
 21
-344.1827389823279
 31
0.0
1001
JETIS
1000
R02 LOD100
1000
SOURCE
1000

  0
LWPOLYLINE
  5
73400
330
1F
100
AcDbEntity
  8
ROOF
  6
CONTINUOUS
100
AcDbPolyline
 90
3
 70
1
 10
706.9315304548031
 20
-344.1827389823279
 10
707.2430651286501
 20
-343.4458901871256
 10
706.6199957809563
 20
-343.4458901871256
1001
JETIS
1000
R02 LOD100
1000
SOURCE
1000

  0
TEXT
  5
73600
330
1F
100
AcDbEntity
  8
ROOF
100
AcDbText
 10
709.9315304548031
 20
-341.1827389823279
 30
0.0
 40
1.16
  1
15°
 72
1
 11
709.9315304548031
 21
-341.1827389823279
 31
0.0
100
AcDbText
 73
2
  0
LINE
  5
73700
330
1F
100
AcDbEntity
  8
ROOF
  6
CONTINUOUS
100
AcDbLine
 10
706.9315304548031
 20
-323.1827389823279
 30
0.0
 11
706.9315304548031
 21
-318.1827389823279
 31
0.0
1001
JETIS
1000
R02 LOD100
1000
SOURCE
1000

  0
LWPOLYLINE
  5
73800
330
1F
100
AcDbEntity
  8
ROOF
  6
CONTINUOUS
100
AcDbPolyline
 90
3
 70
1
 10
706.9315304548031
 20
-318.1827389823279
 10
706.6199957809563
 20
-318.91958777753024
 10
707.2430651286501
 20
-318.91958777753024
1001
JETIS
1000
R02 LOD100
1000
SOURCE
1000

  0
TEXT
  5
73A00
330
1F
100
AcDbEntity
  8
ROOF
100
AcDbText
 10
709.9315304548031
 20
-321.1827389823279
 30
0.0
 40
1.16
  1
15°
 72
1
 11
709.9315304548031
 21
-321.1827389823279
 31
0.0
100
AcDbText
 73
2
  0
TEXT
  5
73B00
330
1F
100
AcDbEntity
  8
ROOF
100
AcDbText
 10
695.4115304465213
 20
-281.1827389820787
 30
0.0
 40
1.2
  1
NOK +13.50
 72
1
 11
695.4115304465213
 21
-281.1827389820787
 31
0.0
100
AcDbText
 73
2
  0
LINE
  5
73C00
330
1F
100
AcDbEntity
  8
ROOF
  6
CONTINUOUS
100
AcDbLine
 10
707.4115304465213
 20
-289.1827389820787
 30
0.0
 11
707.4115304465213
 21
-294.1827389820787
 31
0.0
1001
JETIS
1000
R02 LOD100
1000
SOURCE
1000

  0
LWPOLYLINE
  5
73D00
330
1F
100
AcDbEntity
  8
ROOF
  6
CONTINUOUS
100
AcDbPolyline
 90
3
 70
1
 10
707.4115304465213
 20
-294.1827389820787
 10
707.7230651203682
 20
-293.4458901868764
 10
707.0999957726743
 20
-293.4458901868764
1001
JETIS
1000
R02 LOD100
1000
SOURCE
1000

  0
TEXT
  5
73F00
330
1F
100
AcDbEntity
  8
ROOF
100
AcDbText
 10
710.4115304465213
 20
-291.1827389820787
 30
0.0
 40
1.16
  1
15°
 72
1
 11
710.4115304465213
 21
-291.1827389820787
 31
0.0
100
AcDbText
 73
2
  0
LINE
  5
74000
330
1F
100
AcDbEntity
  8
ROOF
  6
CONTINUOUS
100
AcDbLine
 10
707.4115304465213
 20
-272.1827389820787
 30
0.0
 11
707.4115304465213
 21
-267.1827389820787
 31
0.0
1001
JETIS
1000
R02 LOD100
1000
SOURCE
1000

  0
LWPOLYLINE
  5
74100
330
1F
100
AcDbEntity
  8
ROOF
  6
CONTINUOUS
100
AcDbPolyline
 90
3
 70
1
 10
707.4115304465213
 20
-267.1827389820787
 10
707.0999957726743
 20
-267.91958777728104
 10
707.7230651203682
 20
-267.91958777728104
1001
JETIS
1000
R02 LOD100
1000
SOURCE
1000

  0
TEXT
  5
74300
330
1F
100
AcDbEntity
  8
ROOF
100
AcDbText
 10
710.4115304465213
 20
-270.1827389820787
 30
0.0
 40
1.16
  1
15°
 72
1
 11
710.4115304465213
 21
-270.1827389820787
 31
0.0
100
AcDbText
 73
2
  0
TEXT
  5
74400
330
1F
100
AcDbEntity
  8
ROOF
100
AcDbText
 10
686.4115304548031
 20
-346.1827389823279
 30
0.0
 40
1.08
  1
TALANG LEMBAH
 72
1
 11
686.4115304548031
 21
-346.1827389823279
 31
0.0
100
AcDbText
 73
2
  0
TEXT
  5
74500
330
1F
100
AcDbEntity
  8
ROOF
100
AcDbText
 10
682.4115304465213
 20
-264.1827389820787
 30
0.0
 40
1.04
  1
TEPI ATAP TRAPESIUM 16817
 72
1
 11
682.4115304465213
 21
-264.1827389820787
 31
0.0
100
AcDbText
 73
2
  0
LINE
  5
74600
330
1F
100
AcDbEntity
  8
DIMENSION
  6
CONTINUOUS
100
AcDbLine
 10
629.4115304548031
 20
-376.1827389823279
 30
0.0
 11
629.4115304548031
 21
-384.1827389823279
 31
0.0
1001
JETIS
1000
R02 LOD100
1000
SOURCE
1000

  0
LINE
  5
74700
330
1F
100
AcDbEntity
  8
DIMENSION
  6
CONTINUOUS
100
AcDbLine
 10
749.4115304548031
 20
-376.1827389823279
 30
0.0
 11
749.4115304548031
 21
-384.1827389823279
 31
0.0
1001
JETIS
1000
R02 LOD100
1000
SOURCE
1000

  0
LINE
  5
74800
330
1F
100
AcDbEntity
  8
DIMENSION
  6
CONTINUOUS
100
AcDbLine
 10
629.4115304548031
 20
-384.1827389823279
 30
0.0
 11
749.4115304548031
 21
-384.1827389823279
 31
0.0
1001
JETIS
1000
R02 LOD100
1000
SOURCE
1000

  0
LINE
  5
74900
330
1F
100
AcDbEntity
  8
DIMENSION
  6
CONTINUOUS
100
AcDbLine
 10
629.1315304548032
 20
-384.4627389823279
 30
0.0
 11
629.6915304548031
 21
-383.90273898232795
 31
0.0
1001
JETIS
1000
R02 LOD100
1000
SOURCE
1000

  0
LINE
  5
74A00
330
1F
100
AcDbEntity
  8
DIMENSION
  6
CONTINUOUS
100
AcDbLine
 10
749.1315304548032
 20
-384.4627389823279
 30
0.0
 11
749.6915304548031
 21
-383.90273898232795
 31
0.0
1001
JETIS
1000
R02 LOD100
1000
SOURCE
1000

  0
TEXT
  5
74B00
330
1F
100
AcDbEntity
  8
DIMENSION
100
AcDbText
 10
689.4115304548031
 20
-385.0627389823279
 30
0.0
 40
1.04
  1
120.00 · baris sumber
 72
1
 11
689.4115304548031
 21
-385.0627389823279
 31
0.0
100
AcDbText
 73
2
  0
DIMENSION
  5
74C00
330
1F
100
AcDbEntity
  8
DIMENSION
100
AcDbDimension
  2
*D17
  3
EZDXF
 10
629.4115304548031
 20
-384.1827389823279
 30
0.0
 11
689.4115304548031
 21
-383.5627389823279
 31
0.0
 70
32
 71
5
 41
1.0
 42
120.0
  1
<>
100
AcDbAlignedDimension
 13
629.4115304548031
 23
-376.1827389823279
 33
0.0
 14
749.4115304548031
 24
-376.1827389823279
 34
0.0
 50
0.0
100
AcDbRotatedDimension
1001
ACAD
1000
DSTYLE
1002
{
1070
140
1040
1.04
1070
41
1040
0.32
1070
42
1040
0.24
1070
44
1040
0.32
1070
271
1070
2
1070
77
1070
1
1070
176
1070
8
1070
177
1070
8
1070
178
1070
8
1002
}
  0
LINE
  5
75B00
330
1F
100
AcDbEntity
  8
DIMENSION
  6
CONTINUOUS
100
AcDbLine
 10
629.4115304548031
 20
-316.1827389823279
 30
0.0
 11
629.4115304548031
 21
-311.1827389823279
 31
0.0
1001
JETIS
1000
R02 LOD100
1000
SOURCE
1000

  0
LINE
  5
75C00
330
1F
100
AcDbEntity
  8
DIMENSION
  6
CONTINUOUS
100
AcDbLine
 10
743.4115304548031
 20
-316.1827389823279
 30
0.0
 11
743.4115304548031
 21
-311.1827389823279
 31
0.0
1001
JETIS
1000
R02 LOD100
1000
SOURCE
1000

  0
LINE
  5
75D00
330
1F
100
AcDbEntity
  8
DIMENSION
  6
CONTINUOUS
100
AcDbLine
 10
629.4115304548031
 20
-311.1827389823279
 30
0.0
 11
743.4115304548031
 21
-311.1827389823279
 31
0.0
1001
JETIS
1000
R02 LOD100
1000
SOURCE
1000

  0
LINE
  5
75E00
330
1F
100
AcDbEntity
  8
DIMENSION
  6
CONTINUOUS
100
AcDbLine
 10
629.1315304548032
 20
-311.4627389823279
 30
0.0
 11
629.6915304548031
 21
-310.90273898232795
 31
0.0
1001
JETIS
1000
R02 LOD100
1000
SOURCE
1000

  0
LINE
  5
75F00
330
1F
100
AcDbEntity
  8
DIMENSION
  6
CONTINUOUS
100
AcDbLine
 10
743.1315304548032
 20
-311.4627389823279
 30
0.0
 11
743.6915304548031
 21
-310.90273898232795
 31
0.0
1001
JETIS
1000
R02 LOD100
1000
SOURCE
1000

  0
TEXT
  5
76000
330
1F
100
AcDbEntity
  8
DIMENSION
100
AcDbText
 10
686.4115304548031
 20
-312.0627389823279
 30
0.0
 40
1.04
  1
114.00 · baris sumber
 72
1
 11
686.4115304548031
 21
-312.0627389823279
 31
0.0
100
AcDbText
 73
2
  0
DIMENSION
  5
76100
330
1F
100
AcDbEntity
  8
DIMENSION
100
AcDbDimension
  2
*D18
  3
EZDXF
 10
629.4115304548031
 20
-311.1827389823279
 30
0.0
 11
686.4115304548031
 21
-310.5627389823279
 31
0.0
 70
32
 71
5
 41
1.0
 42
114.0
  1
<>
100
AcDbAlignedDimension
 13
629.4115304548031
 23
-316.1827389823279
 33
0.0
 14
743.4115304548031
 24
-316.1827389823279
 34
0.0
 50
0.0
100
AcDbRotatedDimension
1001
ACAD
1000
DSTYLE
1002
{
1070
140
1040
1.04
1070
41
1040
0.32
1070
42
1040
0.24
1070
44
1040
0.32
1070
271
1070
2
1070
77
1070
1
1070
176
1070
8
1070
177
1070
8
1070
178
1070
8
1002
}
  0
LINE
  5
77000
330
1F
100
AcDbEntity
  8
DIMENSION
  6
CONTINUOUS
100
AcDbLine
 10
653.4115304465213
 20
-296.1827389820787
 30
0.0
 11
653.4115304465213
 21
-302.1827389820787
 31
0.0
1001
JETIS
1000
R02 LOD100
1000
SOURCE
1000

  0
LINE
  5
77100
330
1F
100
AcDbEntity
  8
DIMENSION
  6
CONTINUOUS
100
AcDbLine
 10
737.4115304465213
 20
-296.1827389820787
 30
0.0
 11
737.4115304465213
 21
-302.1827389820787
 31
0.0
1001
JETIS
1000
R02 LOD100
1000
SOURCE
1000

  0
LINE
  5
77200
330
1F
100
AcDbEntity
  8
DIMENSION
  6
CONTINUOUS
100
AcDbLine
 10
653.4115304465213
 20
-302.1827389820787
 30
0.0
 11
737.4115304465213
 21
-302.1827389820787
 31
0.0
1001
JETIS
1000
R02 LOD100
1000
SOURCE
1000

  0
LINE
  5
77300
330
1F
100
AcDbEntity
  8
DIMENSION
  6
CONTINUOUS
100
AcDbLine
 10
653.1315304465213
 20
-302.4627389820787
 30
0.0
 11
653.6915304465213
 21
-301.90273898207874
 31
0.0
1001
JETIS
1000
R02 LOD100
1000
SOURCE
1000

  0
LINE
  5
77400
330
1F
100
AcDbEntity
  8
DIMENSION
  6
CONTINUOUS
100
AcDbLine
 10
737.1315304465213
 20
-302.4627389820787
 30
0.0
 11
737.6915304465213
 21
-301.90273898207874
 31
0.0
1001
JETIS
1000
R02 LOD100
1000
SOURCE
1000

  0
TEXT
  5
77500
330
1F
100
AcDbEntity
  8
DIMENSION
100
AcDbText
 10
695.4115304465213
 20
-303.0627389820787
 30
0.0
 40
1.04
  1
84.00 · footprint
 72
1
 11
695.4115304465213
 21
-303.0627389820787
 31
0.0
100
AcDbText
 73
2
  0
DIMENSION
  5
77600
330
1F
100
AcDbEntity
  8
DIMENSION
100
AcDbDimension
  2
*D19
  3
EZDXF
 10
653.4115304465213
 20
-302.1827389820787
 30
0.0
 11
695.4115304465213
 21
-301.5627389820787
 31
0.0
 70
32
 71
5
 41
1.0
 42
84.0
  1
<>
100
AcDbAlignedDimension
 13
653.4115304465213
 23
-296.1827389820787
 33
0.0
 14
737.4115304465213
 24
-296.1827389820787
 34
0.0
 50
0.0
100
AcDbRotatedDimension
1001
ACAD
1000
DSTYLE
1002
{
1070
140
1040
1.04
1070
41
1040
0.32
1070
42
1040
0.24
1070
44
1040
0.32
1070
271
1070
2
1070
77
1070
1
1070
176
1070
8
1070
177
1070
8
1070
178
1070
8
1002
}
  0
LINE
  5
78500
330
1F
100
AcDbEntity
  8
SOURCE_SITE
  6
CONTINUOUS
100
AcDbLine
 10
637.4115304548031
 20
-247.18273898232792
 30
0.0
 11
648.4115304548031
 21
-247.18273898232792
 31
0.0
1001
JETIS
1000
R02 LOD100
1000
SOURCE
1000

  0
LWPOLYLINE
  5
78600
330
1F
100
AcDbEntity
  8
SOURCE_SITE
  6
CONTINUOUS
100
AcDbPolyline
 90
3
 70
1
 10
648.4115304548031
 20
-247.18273898232792
 10
647.6746816596009
 20
-246.871204308481
 10
647.6746816596009
 20
-247.49427365617484
1001
JETIS
1000
R02 LOD100
1000
SOURCE
1000

  0
TEXT
  5
78800
330
1F
100
AcDbEntity
  8
SOURCE_SITE
100
AcDbText
 10
650.4115304548031
 20
-247.18273898232792
 30
0.0
 40
1.48
  1
U
 72
1
 11
650.4115304548031
 21
-247.18273898232792
 31
0.0
100
AcDbText
 73
2
  0
TEXT
  5
78900
330
1F
100
AcDbEntity
  8
SOURCE_SITE
100
AcDbText
 10
642.4115304548031
 20
-249.68273898232792
 30
0.0
 40
1.0
  1
Utara +X
 72
1
 11
642.4115304548031
 21
-249.68273898232792
 31
0.0
100
AcDbText
 73
2
  0
LINE
  5
78A00
330
1F
100
AcDbEntity
  8
GRID
100
AcDbLine
 10
836.6115304548032
 20
-228.98273898232793
 30
0.0
 11
836.6115304548032
 21
-404.1827389823279
 31
0.0
  0
TEXT
  5
78B00
330
1F
100
AcDbEntity
  8
TITLE
100
AcDbText
 10
840.6115304548032
 20
-232.98273898232793
 30
0.0
 40
1.4
  1
FAKTA ATAP
 11
840.6115304548032
 21
-232.98273898232793
 31
0.0
100
AcDbText
  0
TEXT
  5
78C00
330
1F
100
AcDbEntity
  8
TITLE
100
AcDbText
 10
840.6115304548032
 20
-236.58273898232792
 30
0.0
 40
1.1199999999999999
  1
Kemiringan utama: 15°
 11
840.6115304548032
 21
-236.58273898232792
 31
0.0
100
AcDbText
  0
TEXT
  5
78D00
330
1F
100
AcDbEntity
  8
TITLE
100
AcDbText
 10
840.6115304548032
 20
-238.98273898232793
 30
0.0
 40
1.1199999999999999
  1
Nok nominal: +13,50 m
 11
840.6115304548032
 21
-238.98273898232793
 31
0.0
100
AcDbText
  0
TEXT
  5
78E00
330
1F
100
AcDbEntity
  8
TITLE
100
AcDbText
 10
840.6115304548032
 20
-241.3827389823279
 30
0.0
 40
1.1199999999999999
  1
Acuan tumpuan: +9,00 m
 11
840.6115304548032
 21
-241.3827389823279
 31
0.0
100
AcDbText
  0
TEXT
  5
78F00
330
1F
100
AcDbEntity
  8
TITLE
100
AcDbText
 10
840.6115304548032
 20
-243.7827389823279
 30
0.0
 40
1.1199999999999999
  1
Penutup galvalume 0,40 mm
 11
840.6115304548032
 21
-243.7827389823279
 31
0.0
100
AcDbText
  0
TEXT
  5
79000
330
1F
100
AcDbEntity
  8
TITLE
100
AcDbText
 10
840.6115304548032
 20
-246.18273898232792
 30
0.0
 40
1.1199999999999999
  1
CNP 125 × 50 × 2 mm
 11
840.6115304548032
 21
-246.18273898232792
 31
0.0
100
AcDbText
  0
TEXT
  5
79100
330
1F
100
AcDbEntity
  8
TITLE
100
AcDbText
 10
840.6115304548032
 20
-248.58273898232792
 30
0.0
 40
1.1199999999999999
  1
Jarak 1,20 m sepanjang lereng
 11
840.6115304548032
 21
-248.58273898232792
 31
0.0
100
AcDbText
  0
TEXT
  5
79200
330
1F
100
AcDbEntity
  8
TITLE
100
AcDbText
 10
840.6115304548032
 20
-254.98273898232793
 30
0.0
 40
1.4
  1
GEOMETRI TERKUNCI
 11
840.6115304548032
 21
-254.98273898232793
 31
0.0
100
AcDbText
  0
TEXT
  5
79300
330
1F
100
AcDbEntity
  8
TITLE
100
AcDbText
 10
840.6115304548032
 20
-258.5827389823279
 30
0.0
 40
1.1199999999999999
  1
Baris menerus 114 m dan 120 m
 11
840.6115304548032
 21
-258.5827389823279
 31
0.0
100
AcDbText
  0
TEXT
  5
79400
330
1F
100
AcDbEntity
  8
TITLE
100
AcDbText
 10
840.6115304548032
 20
-260.98273898232793
 30
0.0
 40
1.1199999999999999
  1
Tidak terputus pada sambungan sayap
 11
840.6115304548032
 21
-260.98273898232793
 31
0.0
100
AcDbText
  0
TEXT
  5
79500
330
1F
100
AcDbEntity
  8
TITLE
100
AcDbText
 10
840.6115304548032
 20
-263.3827389823279
 30
0.0
 40
1.1199999999999999
  1
Atap T2 mengikuti poligon 16817
 11
840.6115304548032
 21
-263.3827389823279
 31
0.0
100
AcDbText
  0
TEXT
  5
79600
330
1F
100
AcDbEntity
  8
TITLE
100
AcDbText
 10
840.6115304548032
 20
-265.78273898232794
 30
0.0
 40
1.1199999999999999
  1
Tepi utara T2 meruncing
 11
840.6115304548032
 21
-265.78273898232794
 31
0.0
100
AcDbText
  0
TEXT
  5
79700
330
1F
100
AcDbEntity
  8
TITLE
100
AcDbText
 10
840.6115304548032
 20
-268.1827389823279
 30
0.0
 40
1.1199999999999999
  1
Celahan lembah: 0,449073 m
 11
840.6115304548032
 21
-268.1827389823279
 31
0.0
100
AcDbText
  0
TEXT
  5
79800
330
1F
100
AcDbEntity
  8
TITLE
100
AcDbText
 10
840.6115304548032
 20
-274.5827389823279
 30
0.0
 40
1.4
  1
INTERPRETASI / ASUMSI
 11
840.6115304548032
 21
-274.5827389823279
 31
0.0
100
AcDbText
  0
TEXT
  5
79900
330
1F
100
AcDbEntity
  8
TITLE
100
AcDbText
 10
840.6115304548032
 20
-278.1827389823279
 30
0.0
 40
1.1199999999999999
  1
+9,00 bukan elevasi semua tepi
 11
840.6115304548032
 21
-278.1827389823279
 31
0.0
100
AcDbText
  0
TEXT
  5
79A00
330
1F
100
AcDbEntity
  8
TITLE
100
AcDbText
 10
840.6115304548032
 20
-280.5827389823279
 30
0.0
 40
1.1199999999999999
  1
Konstruksi ekstensi T2 belum desain
 11
840.6115304548032
 21
-280.5827389823279
 31
0.0
100
AcDbText
  0
TEXT
  5
79B00
330
1F
100
AcDbEntity
  8
TITLE
100
AcDbText
 10
840.6115304548032
 20
-282.98273898232793
 30
0.0
 40
1.1199999999999999
  1
Kanopi memanjang mengikuti bank pintu
 11
840.6115304548032
 21
-282.98273898232793
 31
0.0
100
AcDbText
  0
TEXT
  5
79C00
330
1F
100
AcDbEntity
  8
TITLE
100
AcDbText
 10
840.6115304548032
 20
-285.3827389823279
 30
0.0
 40
1.1199999999999999
  1
Sambungan, rangka dan talang: visual
 11
840.6115304548032
 21
-285.3827389823279
 31
0.0
100
AcDbText
  0
TEXT
  5
79D00
330
1F
100
AcDbEntity
  8
TITLE
100
AcDbText
 10
840.6115304548032
 20
-287.78273898232794
 30
0.0
 40
1.1199999999999999
  1
Jarak denah T2 1,20 m ambigu 3,53%
 11
840.6115304548032
 21
-287.78273898232794
 31
0.0
100
AcDbText
  0
TEXT
  5
79E00
330
1F
100
AcDbEntity
  8
TITLE
100
AcDbText
 10
607.8115304548031
 20
-392.5827389823279
 30
0.0
 40
1.0
  1
0
 11
607.8115304548031
 21
-392.5827389823279
 31
0.0
100
AcDbText
  0
TEXT
  5
79F00
330
1F
100
AcDbEntity
  8
TITLE
100
AcDbText
 10
612.8115304548031
 20
-392.5827389823279
 30
0.0
 40
1.0
  1
5
 11
612.8115304548031
 21
-392.5827389823279
 31
0.0
100
AcDbText
  0
TEXT
  5
7A000
330
1F
100
AcDbEntity
  8
TITLE
100
AcDbText
 10
617.8115304548031
 20
-392.5827389823279
 30
0.0
 40
1.0
  1
10
 11
617.8115304548031
 21
-392.5827389823279
 31
0.0
100
AcDbText
  0
TEXT
  5
7A100
330
1F
100
AcDbEntity
  8
TITLE
100
AcDbText
 10
622.8115304548031
 20
-392.5827389823279
 30
0.0
 40
1.0
  1
15
 11
622.8115304548031
 21
-392.5827389823279
 31
0.0
100
AcDbText
  0
TEXT
  5
7A200
330
1F
100
AcDbEntity
  8
TITLE
100
AcDbText
 10
627.8115304548031
 20
-392.5827389823279
 30
0.0
 40
1.0
  1
20 m
 11
627.8115304548031
 21
-392.5827389823279
 31
0.0
100
AcDbText
  0
TEXT
  5
7A300
330
1F
100
AcDbEntity
  8
TITLE
100
AcDbText
 10
607.4115304548031
 20
-398.5827389823279
 30
0.0
 40
1.04
  1
Garis tipis menunjukkan sumbu gording yang diproyeksikan dari jarak lereng 1,20 m; bukan layout fabrikasi
 11
607.4115304548031
 21
-398.5827389823279
 31
0.0
100
AcDbText
  0
TEXT
  5
7A400
330
1F
100
AcDbEntity
  8
TITLE
100
AcDbText
 10
607.4115304548031
 20
-400.98273898232793
 30
0.0
 40
1.04
  1
Poligon atap berasal dari scene R02 yang diaudit terhadap 16817 dan profil sumber; garis footprint tetap sebagai referensi
 11
607.4115304548031
 21
-400.98273898232793
 31
0.0
100
AcDbText
  0
TEXT
  5
7A500
330
1F
100
AcDbEntity
  8
TITLE
100
AcDbText
 10
607.4115304548031
 20
-403.3827389823279
 30
0.0
 40
1.04
  1
Header DWG INSUNITS=4 (mm), tetapi ukuran/koordinat berskala meter; CAD baru INSUNITS=6 (m)
 11
607.4115304548031
 21
-403.3827389823279
 31
0.0
100
AcDbText
  0
LINE
  5
7AC00
330
1F
100
AcDbEntity
  8
TITLE
100
AcDbLine
 10
-14.5
 20
-736.75
 30
0.0
 11
189.75
 21
-736.75
 31
0.0
  0
LINE
  5
7AD00
330
1F
100
AcDbEntity
  8
TITLE
100
AcDbLine
 10
189.75
 20
-736.75
 30
0.0
 11
189.75
 21
-879.25
 31
0.0
  0
LINE
  5
7AE00
330
1F
100
AcDbEntity
  8
TITLE
100
AcDbLine
 10
189.75
 20
-879.25
 30
0.0
 11
-14.5
 21
-879.25
 31
0.0
  0
LINE
  5
7AF00
330
1F
100
AcDbEntity
  8
TITLE
100
AcDbLine
 10
-14.5
 20
-879.25
 30
0.0
 11
-14.5
 21
-736.75
 31
0.0
  0
LINE
  5
7B000
330
1F
100
AcDbEntity
  8
TITLE
100
AcDbLine
 10
-14.5
 20
-749.75
 30
0.0
 11
189.75
 21
-749.75
 31
0.0
  0
LINE
  5
7B100
330
1F
100
AcDbEntity
  8
TITLE
100
AcDbLine
 10
-14.5
 20
-868.5
 30
0.0
 11
189.75
 21
-868.5
 31
0.0
  0
LINE
  5
7B200
330
1F
100
AcDbEntity
  8
TITLE
100
AcDbLine
 10
-14.5
 20
-876.0
 30
0.0
 11
189.75
 21
-876.0
 31
0.0
  0
TEXT
  5
7B300
330
1F
100
AcDbEntity
  8
TITLE
100
AcDbText
 10
-11.25
 20
-741.5
 30
0.0
 40
2.25
  1
JETIS
 11
-11.25
 21
-741.5
 31
0.0
100
AcDbText
  0
TEXT
  5
7B400
330
1F
100
AcDbEntity
  8
TITLE
100
AcDbText
 10
-11.25
 20
-744.5
 30
0.0
 40
0.9
  1
PENGOLAHAN HASIL LAUT
 11
-11.25
 21
-744.5
 31
0.0
100
AcDbText
  0
TEXT
  5
7B500
330
1F
100
AcDbEntity
  8
TITLE
100
AcDbText
 10
38.0
 20
-741.75
 30
0.0
 40
1.575
  1
TAMPAK TAHAP 1
 11
38.0
 21
-741.75
 31
0.0
100
AcDbText
  0
TEXT
  5
7B600
330
1F
100
AcDbEntity
  8
TITLE
100
AcDbText
 10
38.0
 20
-744.75
 30
0.0
 40
0.775
  1
Empat orientasi lokal; bukaan dan level mengikuti sumber R02
 11
38.0
 21
-744.75
 31
0.0
100
AcDbText
  0
TEXT
  5
7B700
330
1F
100
AcDbEntity
  8
TITLE
100
AcDbText
 10
166.25
 20
-740.75
 30
0.0
 40
1.5
  1
A105
 11
166.25
 21
-740.75
 31
0.0
100
AcDbText
  0
TEXT
  5
7B800
330
1F
100
AcDbEntity
  8
TITLE
100
AcDbText
 10
166.25
 20
-744.0
 30
0.0
 40
0.8
  1
R02 / LOD100
 11
166.25
 21
-744.0
 31
0.0
100
AcDbText
  0
TEXT
  5
7B900
330
1F
100
AcDbEntity
  8
TITLE
100
AcDbText
 10
-11.25
 20
-871.75
 30
0.0
 40
0.575
  1
SUMBER PENGENDALI
 11
-11.25
 21
-871.75
 31
0.0
100
AcDbText
  0
TEXT
  5
7BA00
330
1F
100
AcDbEntity
  8
TITLE
100
AcDbText
 10
-11.25
 20
-873.75
 30
0.0
 40
0.675
  1
LAYOUT PLAN ALT.2 · 165A2 · 30 SEPTEMBER 2026
 11
-11.25
 21
-873.75
 31
0.0
100
AcDbText
  0
TEXT
  5
7BB00
330
1F
100
AcDbEntity
  8
TITLE
100
AcDbText
 10
68.75
 20
-871.75
 30
0.0
 40
0.575
  1
SATUAN / SKALA CETAK
 11
68.75
 21
-871.75
 31
0.0
100
AcDbText
  0
TEXT
  5
7BC00
330
1F
100
AcDbEntity
  8
TITLE
100
AcDbText
 10
68.75
 20
-873.75
 30
0.0
 40
0.675
  1
meter / 1:250 pada A1; perbesaran layar mengubah skala
 11
68.75
 21
-873.75
 31
0.0
100
AcDbText
  0
TEXT
  5
7BD00
330
1F
100
AcDbEntity
  8
TITLE
100
AcDbText
 10
142.5
 20
-871.75
 30
0.0
 40
0.575
  1
STATUS
 11
142.5
 21
-871.75
 31
0.0
100
AcDbText
  0
TEXT
  5
7BE00
330
1F
100
AcDbEntity
  8
TITLE
100
AcDbText
 10
142.5
 20
-873.75
 30
0.0
 40
0.675
  1
STUDI SUMBER + ASUMSI TERBUKA
 11
142.5
 21
-873.75
 31
0.0
100
AcDbText
  0
TEXT
  5
7BF00
330
1F
100
AcDbEntity
  8
TITLE
100
AcDbText
 10
-11.25
 20
-878.25
 30
0.0
 40
0.675
  1
BUKAN DOKUMEN KONSTRUKSI · Tidak georeferensi · Dimensi angka mengendalikan, jangan ukur layar
 11
-11.25
 21
-878.25
 31
0.0
100
AcDbText
  0
TEXT
  5
7C000
330
1F
100
AcDbEntity
  8
TITLE
100
AcDbText
 10
151.25
 20
-878.25
 30
0.0
 40
0.625
  1
DWG sumber tetap tidak diedit
 11
151.25
 21
-878.25
 31
0.0
100
AcDbText
  0
LWPOLYLINE
  5
7C100
330
1F
100
AcDbEntity
  8
WALL
  6
CONTINUOUS
100
AcDbPolyline
 90
4
 70
1
 10
5.0
 20
-776.5
 10
125.0
 20
-776.5
 10
125.0
 20
-767.0192378864668
 10
5.0
 20
-767.0192378864668
1001
JETIS
1000
R02 LOD100
1000
SOURCE
1000

  0
LWPOLYLINE
  5
7C300
330
1F
100
AcDbEntity
  8
ROOF
  6
CONTINUOUS
100
AcDbPolyline
 90
4
 70
1
 10
5.0
 20
-767.0192378864668
 10
125.0
 20
-767.0192378864668
 10
125.0
 20
-763.0
 10
5.0
 20
-763.0
1001
JETIS
1000
R02 LOD100
1000
SOURCE
1000

  0
LINE
  5
7C500
330
1F
100
AcDbEntity
  8
GRID
  6
CONTINUOUS
100
AcDbLine
 10
5.0
 20
-776.5
 30
0.0
 11
5.0
 21
-767.0192378864668
 31
0.0
1001
JETIS
1000
R02 LOD100
1000
SOURCE
1000

  0
LINE
  5
7C600
330
1F
100
AcDbEntity
  8
GRID
  6
CONTINUOUS
100
AcDbLine
 10
11.0
 20
-776.5
 30
0.0
 11
11.0
 21
-767.0192378864668
 31
0.0
1001
JETIS
1000
R02 LOD100
1000
SOURCE
1000

  0
LINE
  5
7C700
330
1F
100
AcDbEntity
  8
GRID
  6
CONTINUOUS
100
AcDbLine
 10
17.0
 20
-776.5
 30
0.0
 11
17.0
 21
-767.0192378864668
 31
0.0
1001
JETIS
1000
R02 LOD100
1000
SOURCE
1000

  0
LINE
  5
7C800
330
1F
100
AcDbEntity
  8
GRID
  6
CONTINUOUS
100
AcDbLine
 10
23.0
 20
-776.5
 30
0.0
 11
23.0
 21
-767.0192378864668
 31
0.0
1001
JETIS
1000
R02 LOD100
1000
SOURCE
1000

  0
LINE
  5
7C900
330
1F
100
AcDbEntity
  8
GRID
  6
CONTINUOUS
100
AcDbLine
 10
29.0
 20
-776.5
 30
0.0
 11
29.0
 21
-767.0192378864668
 31
0.0
1001
JETIS
1000
R02 LOD100
1000
SOURCE
1000

  0
LINE
  5
7CA00
330
1F
100
AcDbEntity
  8
GRID
  6
CONTINUOUS
100
AcDbLine
 10
35.0
 20
-776.5
 30
0.0
 11
35.0
 21
-767.0192378864668
 31
0.0
1001
JETIS
1000
R02 LOD100
1000
SOURCE
1000

  0
LINE
  5
7CB00
330
1F
100
AcDbEntity
  8
GRID
  6
CONTINUOUS
100
AcDbLine
 10
41.0
 20
-776.5
 30
0.0
 11
41.0
 21
-767.0192378864668
 31
0.0
1001
JETIS
1000
R02 LOD100
1000
SOURCE
1000

  0
LINE
  5
7CC00
330
1F
100
AcDbEntity
  8
GRID
  6
CONTINUOUS
100
AcDbLine
 10
47.0
 20
-776.5
 30
0.0
 11
47.0
 21
-767.0192378864668
 31
0.0
1001
JETIS
1000
R02 LOD100
1000
SOURCE
1000

  0
LINE
  5
7CD00
330
1F
100
AcDbEntity
  8
GRID
  6
CONTINUOUS
100
AcDbLine
 10
53.0
 20
-776.5
 30
0.0
 11
53.0
 21
-767.0192378864668
 31
0.0
1001
JETIS
1000
R02 LOD100
1000
SOURCE
1000

  0
LINE
  5
7CE00
330
1F
100
AcDbEntity
  8
GRID
  6
CONTINUOUS
100
AcDbLine
 10
59.0
 20
-776.5
 30
0.0
 11
59.0
 21
-767.0192378864668
 31
0.0
1001
JETIS
1000
R02 LOD100
1000
SOURCE
1000

  0
LINE
  5
7CF00
330
1F
100
AcDbEntity
  8
GRID
  6
CONTINUOUS
100
AcDbLine
 10
65.0
 20
-776.5
 30
0.0
 11
65.0
 21
-767.0192378864668
 31
0.0
1001
JETIS
1000
R02 LOD100
1000
SOURCE
1000

  0
LINE
  5
7D000
330
1F
100
AcDbEntity
  8
GRID
  6
CONTINUOUS
100
AcDbLine
 10
71.0
 20
-776.5
 30
0.0
 11
71.0
 21
-767.0192378864668
 31
0.0
1001
JETIS
1000
R02 LOD100
1000
SOURCE
1000

  0
LINE
  5
7D100
330
1F
100
AcDbEntity
  8
GRID
  6
CONTINUOUS
100
AcDbLine
 10
77.0
 20
-776.5
 30
0.0
 11
77.0
 21
-767.0192378864668
 31
0.0
1001
JETIS
1000
R02 LOD100
1000
SOURCE
1000

  0
LINE
  5
7D200
330
1F
100
AcDbEntity
  8
GRID
  6
CONTINUOUS
100
AcDbLine
 10
83.0
 20
-776.5
 30
0.0
 11
83.0
 21
-767.0192378864668
 31
0.0
1001
JETIS
1000
R02 LOD100
1000
SOURCE
1000

  0
LINE
  5
7D300
330
1F
100
AcDbEntity
  8
GRID
  6
CONTINUOUS
100
AcDbLine
 10
89.0
 20
-776.5
 30
0.0
 11
89.0
 21
-767.0192378864668
 31
0.0
1001
JETIS
1000
R02 LOD100
1000
SOURCE
1000

  0
LINE
  5
7D400
330
1F
100
AcDbEntity
  8
GRID
  6
CONTINUOUS
100
AcDbLine
 10
95.0
 20
-776.5
 30
0.0
 11
95.0
 21
-767.0192378864668
 31
0.0
1001
JETIS
1000
R02 LOD100
1000
SOURCE
1000

  0
LINE
  5
7D500
330
1F
100
AcDbEntity
  8
GRID
  6
CONTINUOUS
100
AcDbLine
 10
101.0
 20
-776.5
 30
0.0
 11
101.0
 21
-767.0192378864668
 31
0.0
1001
JETIS
1000
R02 LOD100
1000
SOURCE
1000

  0
LINE
  5
7D600
330
1F
100
AcDbEntity
  8
GRID
  6
CONTINUOUS
100
AcDbLine
 10
107.0
 20
-776.5
 30
0.0
 11
107.0
 21
-767.0192378864668
 31
0.0
1001
JETIS
1000
R02 LOD100
1000
SOURCE
1000

  0
LINE
  5
7D700
330
1F
100
AcDbEntity
  8
GRID
  6
CONTINUOUS
100
AcDbLine
 10
113.0
 20
-776.5
 30
0.0
 11
113.0
 21
-767.0192378864668
 31
0.0
1001
JETIS
1000
R02 LOD100
1000
SOURCE
1000

  0
LINE
  5
7D800
330
1F
100
AcDbEntity
  8
GRID
  6
CONTINUOUS
100
AcDbLine
 10
119.0
 20
-776.5
 30
0.0
 11
119.0
 21
-767.0192378864668
 31
0.0
1001
JETIS
1000
R02 LOD100
1000
SOURCE
1000

  0
LINE
  5
7D900
330
1F
100
AcDbEntity
  8
GRID
  6
CONTINUOUS
100
AcDbLine
 10
125.0
 20
-776.5
 30
0.0
 11
125.0
 21
-767.0192378864668
 31
0.0
1001
JETIS
1000
R02 LOD100
1000
SOURCE
1000

  0
LWPOLYLINE
  5
7DA00
330
1F
100
AcDbEntity
  8
OPENING
  6
CONTINUOUS
100
AcDbPolyline
 90
4
 70
1
 10
42.49999999975125
 20
-775.3
 10
45.49999999975125
 20
-775.3
 10
45.49999999975125
 20
-772.3
 10
42.49999999975125
 20
-772.3
1001
JETIS
1000
R02 LOD100
1000
SOURCE
1000
21700
  0
LINE
  5
7DC00
330
1F
100
AcDbEntity
  8
OPENING
  6
CONTINUOUS
100
AcDbLine
 10
43.99999999975125
 20
-775.3
 30
0.0
 11
43.99999999975125
 21
-772.3
 31
0.0
1001
JETIS
1000
R02 LOD100
1000
SOURCE
1000

  0
LWPOLYLINE
  5
7DD00
330
1F
100
AcDbEntity
  8
OPENING
  6
CONTINUOUS
100
AcDbPolyline
 90
4
 70
1
 10
48.49999999975125
 20
-775.3
 10
51.49999999975125
 20
-775.3
 10
51.49999999975125
 20
-772.3
 10
48.49999999975125
 20
-772.3
1001
JETIS
1000
R02 LOD100
1000
SOURCE
1000
21706
  0
LINE
  5
7DF00
330
1F
100
AcDbEntity
  8
OPENING
  6
CONTINUOUS
100
AcDbLine
 10
49.99999999975125
 20
-775.3
 30
0.0
 11
49.99999999975125
 21
-772.3
 31
0.0
1001
JETIS
1000
R02 LOD100
1000
SOURCE
1000

  0
LWPOLYLINE
  5
7E000
330
1F
100
AcDbEntity
  8
OPENING
  6
CONTINUOUS
100
AcDbPolyline
 90
4
 70
1
 10
54.49999999975125
 20
-775.3
 10
57.49999999975125
 20
-775.3
 10
57.49999999975125
 20
-772.3
 10
54.49999999975125
 20
-772.3
1001
JETIS
1000
R02 LOD100
1000
SOURCE
1000
2170C
  0
LINE
  5
7E200
330
1F
100
AcDbEntity
  8
OPENING
  6
CONTINUOUS
100
AcDbLine
 10
55.99999999975125
 20
-775.3
 30
0.0
 11
55.99999999975125
 21
-772.3
 31
0.0
1001
JETIS
1000
R02 LOD100
1000
SOURCE
1000

  0
LWPOLYLINE
  5
7E300
330
1F
100
AcDbEntity
  8
OPENING
  6
CONTINUOUS
100
AcDbPolyline
 90
4
 70
1
 10
60.49999999975125
 20
-775.3
 10
63.49999999975125
 20
-775.3
 10
63.49999999975125
 20
-772.3
 10
60.49999999975125
 20
-772.3
1001
JETIS
1000
R02 LOD100
1000
SOURCE
1000
2174D
  0
LINE
  5
7E500
330
1F
100
AcDbEntity
  8
OPENING
  6
CONTINUOUS
100
AcDbLine
 10
61.99999999975125
 20
-775.3
 30
0.0
 11
61.99999999975125
 21
-772.3
 31
0.0
1001
JETIS
1000
R02 LOD100
1000
SOURCE
1000

  0
LWPOLYLINE
  5
7E600
330
1F
100
AcDbEntity
  8
OPENING
  6
CONTINUOUS
100
AcDbPolyline
 90
4
 70
1
 10
66.49999999975125
 20
-775.3
 10
69.49999999975125
 20
-775.3
 10
69.49999999975125
 20
-772.3
 10
66.49999999975125
 20
-772.3
1001
JETIS
1000
R02 LOD100
1000
SOURCE
1000
21753
  0
LINE
  5
7E800
330
1F
100
AcDbEntity
  8
OPENING
  6
CONTINUOUS
100
AcDbLine
 10
67.99999999975125
 20
-775.3
 30
0.0
 11
67.99999999975125
 21
-772.3
 31
0.0
1001
JETIS
1000
R02 LOD100
1000
SOURCE
1000

  0
LWPOLYLINE
  5
7E900
330
1F
100
AcDbEntity
  8
OPENING
  6
CONTINUOUS
100
AcDbPolyline
 90
4
 70
1
 10
72.49999999975125
 20
-775.3
 10
75.49999999975125
 20
-775.3
 10
75.49999999975125
 20
-772.3
 10
72.49999999975125
 20
-772.3
1001
JETIS
1000
R02 LOD100
1000
SOURCE
1000
21759
  0
LINE
  5
7EB00
330
1F
100
AcDbEntity
  8
OPENING
  6
CONTINUOUS
100
AcDbLine
 10
73.99999999975125
 20
-775.3
 30
0.0
 11
73.99999999975125
 21
-772.3
 31
0.0
1001
JETIS
1000
R02 LOD100
1000
SOURCE
1000

  0
LWPOLYLINE
  5
7EC00
330
1F
100
AcDbEntity
  8
OPENING
  6
CONTINUOUS
100
AcDbPolyline
 90
4
 70
1
 10
96.49999999975125
 20
-775.3
 10
99.49999999975125
 20
-775.3
 10
99.49999999975125
 20
-772.3
 10
96.49999999975125
 20
-772.3
1001
JETIS
1000
R02 LOD100
1000
SOURCE
1000
2179E
  0
LINE
  5
7EE00
330
1F
100
AcDbEntity
  8
OPENING
  6
CONTINUOUS
100
AcDbLine
 10
97.99999999975125
 20
-775.3
 30
0.0
 11
97.99999999975125
 21
-772.3
 31
0.0
1001
JETIS
1000
R02 LOD100
1000
SOURCE
1000

  0
LWPOLYLINE
  5
7EF00
330
1F
100
AcDbEntity
  8
OPENING
  6
CONTINUOUS
100
AcDbPolyline
 90
4
 70
1
 10
102.49999999975125
 20
-775.3
 10
105.49999999975125
 20
-775.3
 10
105.49999999975125
 20
-772.3
 10
102.49999999975125
 20
-772.3
1001
JETIS
1000
R02 LOD100
1000
SOURCE
1000
217A4
  0
LINE
  5
7F100
330
1F
100
AcDbEntity
  8
OPENING
  6
CONTINUOUS
100
AcDbLine
 10
103.99999999975125
 20
-775.3
 30
0.0
 11
103.99999999975125
 21
-772.3
 31
0.0
1001
JETIS
1000
R02 LOD100
1000
SOURCE
1000

  0
LWPOLYLINE
  5
7F200
330
1F
100
AcDbEntity
  8
OPENING
  6
CONTINUOUS
100
AcDbPolyline
 90
4
 70
1
 10
108.49999999975125
 20
-775.3
 10
111.49999999975125
 20
-775.3
 10
111.49999999975125
 20
-772.3
 10
108.49999999975125
 20
-772.3
1001
JETIS
1000
R02 LOD100
1000
SOURCE
1000
217AA
  0
LINE
  5
7F400
330
1F
100
AcDbEntity
  8
OPENING
  6
CONTINUOUS
100
AcDbLine
 10
109.99999999975125
 20
-775.3
 30
0.0
 11
109.99999999975125
 21
-772.3
 31
0.0
1001
JETIS
1000
R02 LOD100
1000
SOURCE
1000

  0
LWPOLYLINE
  5
7F500
330
1F
100
AcDbEntity
  8
OPENING
  6
CONTINUOUS
100
AcDbPolyline
 90
4
 70
1
 10
114.49999999975125
 20
-775.3
 10
117.49999999975125
 20
-775.3
 10
117.49999999975125
 20
-772.3
 10
114.49999999975125
 20
-772.3
1001
JETIS
1000
R02 LOD100
1000
SOURCE
1000
217B0
  0
LINE
  5
7F700
330
1F
100
AcDbEntity
  8
OPENING
  6
CONTINUOUS
100
AcDbLine
 10
115.99999999975125
 20
-775.3
 30
0.0
 11
115.99999999975125
 21
-772.3
 31
0.0
1001
JETIS
1000
R02 LOD100
1000
SOURCE
1000

  0
LWPOLYLINE
  5
7F800
330
1F
100
AcDbEntity
  8
OPENING
  6
CONTINUOUS
100
AcDbPolyline
 90
4
 70
1
 10
6.49999999999136
 20
-775.2399999999998
 10
7.199999999988449
 20
-775.2399999999998
 10
7.199999999988449
 20
-774.0999999999999
 10
6.49999999999136
 20
-774.0999999999999
1001
JETIS
1000
R02 LOD100
1000
SOURCE
1000
216CD
  0
LWPOLYLINE
  5
7FA00
330
1F
100
AcDbEntity
  8
OPENING
  6
CONTINUOUS
100
AcDbPolyline
 90
4
 70
1
 10
5.799999999990632
 20
-775.2399999999998
 10
6.49999999999136
 20
-775.2399999999998
 10
6.49999999999136
 20
-774.0999999999999
 10
5.799999999990632
 20
-774.0999999999999
1001
JETIS
1000
R02 LOD100
1000
SOURCE
1000
216D3
  0
LWPOLYLINE
  5
7FC00
330
1F
100
AcDbEntity
  8
OPENING
  6
CONTINUOUS
100
AcDbPolyline
 90
4
 70
1
 10
9.49999999999136
 20
-775.2399999999998
 10
10.19999999998845
 20
-775.2399999999998
 10
10.19999999998845
 20
-774.0999999999999
 10
9.49999999999136
 20
-774.0999999999999
1001
JETIS
1000
R02 LOD100
1000
SOURCE
1000
216D9
  0
LWPOLYLINE
  5
7FE00
330
1F
100
AcDbEntity
  8
OPENING
  6
CONTINUOUS
100
AcDbPolyline
 90
4
 70
1
 10
8.799999999990632
 20
-775.2399999999998
 10
9.49999999999136
 20
-775.2399999999998
 10
9.49999999999136
 20
-774.0999999999999
 10
8.799999999990632
 20
-774.0999999999999
1001
JETIS
1000
R02 LOD100
1000
SOURCE
1000
216DF
  0
LINE
  5
80000
330
1F
100
AcDbEntity
  8
SECTION
  6
CONTINUOUS
100
AcDbLine
 10
3.0
 20
-776.5
 30
0.0
 11
127.0
 21
-776.5
 31
0.0
1001
JETIS
1000
R02 LOD100
1000
SOURCE
1000

  0
LINE
  5
80100
330
1F
100
AcDbEntity
  8
DIMENSION
  6
CONTINUOUS
100
AcDbLine
 10
5.0
 20
-776.5
 30
0.0
 11
5.0
 21
-778.8
 31
0.0
1001
JETIS
1000
R02 LOD100
1000
SOURCE
1000

  0
LINE
  5
80200
330
1F
100
AcDbEntity
  8
DIMENSION
  6
CONTINUOUS
100
AcDbLine
 10
125.0
 20
-776.5
 30
0.0
 11
125.0
 21
-778.8
 31
0.0
1001
JETIS
1000
R02 LOD100
1000
SOURCE
1000

  0
LINE
  5
80300
330
1F
100
AcDbEntity
  8
DIMENSION
  6
CONTINUOUS
100
AcDbLine
 10
5.0
 20
-778.8
 30
0.0
 11
125.0
 21
-778.8
 31
0.0
1001
JETIS
1000
R02 LOD100
1000
SOURCE
1000

  0
LINE
  5
80400
330
1F
100
AcDbEntity
  8
DIMENSION
  6
CONTINUOUS
100
AcDbLine
 10
4.825
 20
-778.975
 30
0.0
 11
5.175
 21
-778.625
 31
0.0
1001
JETIS
1000
R02 LOD100
1000
SOURCE
1000

  0
LINE
  5
80500
330
1F
100
AcDbEntity
  8
DIMENSION
  6
CONTINUOUS
100
AcDbLine
 10
124.825
 20
-778.975
 30
0.0
 11
125.175
 21
-778.625
 31
0.0
1001
JETIS
1000
R02 LOD100
1000
SOURCE
1000

  0
TEXT
  5
80600
330
1F
100
AcDbEntity
  8
DIMENSION
100
AcDbText
 10
65.0
 20
-779.35
 30
0.0
 40
0.65
  1
120.00
 72
1
 11
65.0
 21
-779.35
 31
0.0
100
AcDbText
 73
2
  0
DIMENSION
  5
80700
330
1F
100
AcDbEntity
  8
DIMENSION
100
AcDbDimension
  2
*D20
  3
EZDXF
 10
5.0
 20
-778.8
 30
0.0
 11
65.0
 21
-778.375
 31
0.0
 70
32
 71
5
 41
1.0
 42
120.0
  1
<>
100
AcDbAlignedDimension
 13
5.0
 23
-776.5
 33
0.0
 14
125.0
 24
-776.5
 34
0.0
 50
0.0
100
AcDbRotatedDimension
1001
ACAD
1000
DSTYLE
1002
{
1070
140
1040
0.65
1070
41
1040
0.2
1070
42
1040
0.15
1070
44
1040
0.2
1070
271
1070
2
1070
77
1070
1
1070
176
1070
8
1070
177
1070
8
1070
178
1070
8
1002
}
  0
LINE
  5
81600
330
1F
100
AcDbEntity
  8
DIMENSION
  6
CONTINUOUS
100
AcDbLine
 10
5.0
 20
-776.5
 30
0.0
 11
2.0
 21
-776.5
 31
0.0
1001
JETIS
1000
R02 LOD100
1000
SOURCE
1000

  0
TEXT
  5
81700
330
1F
100
AcDbEntity
  8
NOTE
100
AcDbText
 10
1.0
 20
-776.5
 30
0.0
 40
0.625
  1
±0.00
 72
2
 11
1.0
 21
-776.5
 31
0.0
100
AcDbText
  0
LINE
  5
81800
330
1F
100
AcDbEntity
  8
DIMENSION
  6
CONTINUOUS
100
AcDbLine
 10
5.0
 20
-775.3
 30
0.0
 11
2.0
 21
-775.3
 31
0.0
1001
JETIS
1000
R02 LOD100
1000
SOURCE
1000

  0
TEXT
  5
81900
330
1F
100
AcDbEntity
  8
NOTE
100
AcDbText
 10
1.0
 20
-775.3
 30
0.0
 40
0.625
  1
+1.20 ambang
 72
2
 11
1.0
 21
-775.3
 31
0.0
100
AcDbText
  0
LINE
  5
81A00
330
1F
100
AcDbEntity
  8
DIMENSION
  6
CONTINUOUS
100
AcDbLine
 10
5.0
 20
-772.0
 30
0.0
 11
2.0
 21
-772.0
 31
0.0
1001
JETIS
1000
R02 LOD100
1000
SOURCE
1000

  0
TEXT
  5
81B00
330
1F
100
AcDbEntity
  8
NOTE
100
AcDbText
 10
1.0
 20
-772.0
 30
0.0
 40
0.625
  1
+4.50 L2
 72
2
 11
1.0
 21
-772.0
 31
0.0
100
AcDbText
  0
LINE
  5
81C00
330
1F
100
AcDbEntity
  8
DIMENSION
  6
CONTINUOUS
100
AcDbLine
 10
5.0
 20
-767.5
 30
0.0
 11
2.0
 21
-767.5
 31
0.0
1001
JETIS
1000
R02 LOD100
1000
SOURCE
1000

  0
TEXT
  5
81D00
330
1F
100
AcDbEntity
  8
NOTE
100
AcDbText
 10
1.0
 20
-767.5
 30
0.0
 40
0.625
  1
+9.00 acuan
 72
2
 11
1.0
 21
-767.5
 31
0.0
100
AcDbText
  0
LINE
  5
81E00
330
1F
100
AcDbEntity
  8
DIMENSION
  6
CONTINUOUS
100
AcDbLine
 10
5.0
 20
-763.0
 30
0.0
 11
2.0
 21
-763.0
 31
0.0
1001
JETIS
1000
R02 LOD100
1000
SOURCE
1000

  0
TEXT
  5
81F00
330
1F
100
AcDbEntity
  8
NOTE
100
AcDbText
 10
1.0
 20
-763.0
 30
0.0
 40
0.625
  1
+13.50 nok
 72
2
 11
1.0
 21
-763.0
 31
0.0
100
AcDbText
  0
TEXT
  5
82000
330
1F
100
AcDbEntity
  8
TITLE
100
AcDbText
 10
5.0
 20
-759.25
 30
0.0
 40
0.8
  1
01 TIMUR · +Y pandang ke bangunan
 11
5.0
 21
-759.25
 31
0.0
100
AcDbText
  0
LWPOLYLINE
  5
82100
330
1F
100
AcDbEntity
  8
WALL
  6
CONTINUOUS
100
AcDbPolyline
 90
4
 70
1
 10
5.0
 20
-802.5
 10
119.0
 20
-802.5
 10
119.0
 20
-793.0192378864668
 10
5.0
 20
-793.0192378864668
1001
JETIS
1000
R02 LOD100
1000
SOURCE
1000

  0
LWPOLYLINE
  5
82300
330
1F
100
AcDbEntity
  8
ROOF
  6
CONTINUOUS
100
AcDbPolyline
 90
4
 70
1
 10
5.0
 20
-793.0192378864668
 10
119.0
 20
-793.0192378864668
 10
119.0
 20
-789.0
 10
5.0
 20
-789.0
1001
JETIS
1000
R02 LOD100
1000
SOURCE
1000

  0
LINE
  5
82500
330
1F
100
AcDbEntity
  8
GRID
  6
CONTINUOUS
100
AcDbLine
 10
5.0
 20
-802.5
 30
0.0
 11
5.0
 21
-793.0192378864668
 31
0.0
1001
JETIS
1000
R02 LOD100
1000
SOURCE
1000

  0
LINE
  5
82600
330
1F
100
AcDbEntity
  8
GRID
  6
CONTINUOUS
100
AcDbLine
 10
11.0
 20
-802.5
 30
0.0
 11
11.0
 21
-793.0192378864668
 31
0.0
1001
JETIS
1000
R02 LOD100
1000
SOURCE
1000

  0
LINE
  5
82700
330
1F
100
AcDbEntity
  8
GRID
  6
CONTINUOUS
100
AcDbLine
 10
17.0
 20
-802.5
 30
0.0
 11
17.0
 21
-793.0192378864668
 31
0.0
1001
JETIS
1000
R02 LOD100
1000
SOURCE
1000

  0
LINE
  5
82800
330
1F
100
AcDbEntity
  8
GRID
  6
CONTINUOUS
100
AcDbLine
 10
23.0
 20
-802.5
 30
0.0
 11
23.0
 21
-793.0192378864668
 31
0.0
1001
JETIS
1000
R02 LOD100
1000
SOURCE
1000

  0
LINE
  5
82900
330
1F
100
AcDbEntity
  8
GRID
  6
CONTINUOUS
100
AcDbLine
 10
29.0
 20
-802.5
 30
0.0
 11
29.0
 21
-793.0192378864668
 31
0.0
1001
JETIS
1000
R02 LOD100
1000
SOURCE
1000

  0
LINE
  5
82A00
330
1F
100
AcDbEntity
  8
GRID
  6
CONTINUOUS
100
AcDbLine
 10
35.0
 20
-802.5
 30
0.0
 11
35.0
 21
-793.0192378864668
 31
0.0
1001
JETIS
1000
R02 LOD100
1000
SOURCE
1000

  0
LINE
  5
82B00
330
1F
100
AcDbEntity
  8
GRID
  6
CONTINUOUS
100
AcDbLine
 10
41.0
 20
-802.5
 30
0.0
 11
41.0
 21
-793.0192378864668
 31
0.0
1001
JETIS
1000
R02 LOD100
1000
SOURCE
1000

  0
LINE
  5
82C00
330
1F
100
AcDbEntity
  8
GRID
  6
CONTINUOUS
100
AcDbLine
 10
47.0
 20
-802.5
 30
0.0
 11
47.0
 21
-793.0192378864668
 31
0.0
1001
JETIS
1000
R02 LOD100
1000
SOURCE
1000

  0
LINE
  5
82D00
330
1F
100
AcDbEntity
  8
GRID
  6
CONTINUOUS
100
AcDbLine
 10
53.0
 20
-802.5
 30
0.0
 11
53.0
 21
-793.0192378864668
 31
0.0
1001
JETIS
1000
R02 LOD100
1000
SOURCE
1000

  0
LINE
  5
82E00
330
1F
100
AcDbEntity
  8
GRID
  6
CONTINUOUS
100
AcDbLine
 10
59.0
 20
-802.5
 30
0.0
 11
59.0
 21
-793.0192378864668
 31
0.0
1001
JETIS
1000
R02 LOD100
1000
SOURCE
1000

  0
LINE
  5
82F00
330
1F
100
AcDbEntity
  8
GRID
  6
CONTINUOUS
100
AcDbLine
 10
65.0
 20
-802.5
 30
0.0
 11
65.0
 21
-793.0192378864668
 31
0.0
1001
JETIS
1000
R02 LOD100
1000
SOURCE
1000

  0
LINE
  5
83000
330
1F
100
AcDbEntity
  8
GRID
  6
CONTINUOUS
100
AcDbLine
 10
71.0
 20
-802.5
 30
0.0
 11
71.0
 21
-793.0192378864668
 31
0.0
1001
JETIS
1000
R02 LOD100
1000
SOURCE
1000

  0
LINE
  5
83100
330
1F
100
AcDbEntity
  8
GRID
  6
CONTINUOUS
100
AcDbLine
 10
77.0
 20
-802.5
 30
0.0
 11
77.0
 21
-793.0192378864668
 31
0.0
1001
JETIS
1000
R02 LOD100
1000
SOURCE
1000

  0
LINE
  5
83200
330
1F
100
AcDbEntity
  8
GRID
  6
CONTINUOUS
100
AcDbLine
 10
83.0
 20
-802.5
 30
0.0
 11
83.0
 21
-793.0192378864668
 31
0.0
1001
JETIS
1000
R02 LOD100
1000
SOURCE
1000

  0
LINE
  5
83300
330
1F
100
AcDbEntity
  8
GRID
  6
CONTINUOUS
100
AcDbLine
 10
89.0
 20
-802.5
 30
0.0
 11
89.0
 21
-793.0192378864668
 31
0.0
1001
JETIS
1000
R02 LOD100
1000
SOURCE
1000

  0
LINE
  5
83400
330
1F
100
AcDbEntity
  8
GRID
  6
CONTINUOUS
100
AcDbLine
 10
95.0
 20
-802.5
 30
0.0
 11
95.0
 21
-793.0192378864668
 31
0.0
1001
JETIS
1000
R02 LOD100
1000
SOURCE
1000

  0
LINE
  5
83500
330
1F
100
AcDbEntity
  8
GRID
  6
CONTINUOUS
100
AcDbLine
 10
101.0
 20
-802.5
 30
0.0
 11
101.0
 21
-793.0192378864668
 31
0.0
1001
JETIS
1000
R02 LOD100
1000
SOURCE
1000

  0
LINE
  5
83600
330
1F
100
AcDbEntity
  8
GRID
  6
CONTINUOUS
100
AcDbLine
 10
107.0
 20
-802.5
 30
0.0
 11
107.0
 21
-793.0192378864668
 31
0.0
1001
JETIS
1000
R02 LOD100
1000
SOURCE
1000

  0
LINE
  5
83700
330
1F
100
AcDbEntity
  8
GRID
  6
CONTINUOUS
100
AcDbLine
 10
113.0
 20
-802.5
 30
0.0
 11
113.0
 21
-793.0192378864668
 31
0.0
1001
JETIS
1000
R02 LOD100
1000
SOURCE
1000

  0
LINE
  5
83800
330
1F
100
AcDbEntity
  8
GRID
  6
CONTINUOUS
100
AcDbLine
 10
119.0
 20
-802.5
 30
0.0
 11
119.0
 21
-793.0192378864668
 31
0.0
1001
JETIS
1000
R02 LOD100
1000
SOURCE
1000

  0
LWPOLYLINE
  5
83900
330
1F
100
AcDbEntity
  8
OPENING
  6
CONTINUOUS
100
AcDbPolyline
 90
4
 70
1
 10
108.50000000024738
 20
-801.3
 10
111.50000000024738
 20
-801.3
 10
111.50000000024738
 20
-798.3
 10
108.50000000024738
 20
-798.3
1001
JETIS
1000
R02 LOD100
1000
SOURCE
1000
1651A
  0
LINE
  5
83B00
330
1F
100
AcDbEntity
  8
OPENING
  6
CONTINUOUS
100
AcDbLine
 10
110.00000000024738
 20
-801.3
 30
0.0
 11
110.00000000024738
 21
-798.3
 31
0.0
1001
JETIS
1000
R02 LOD100
1000
SOURCE
1000

  0
LWPOLYLINE
  5
83C00
330
1F
100
AcDbEntity
  8
OPENING
  6
CONTINUOUS
100
AcDbPolyline
 90
4
 70
1
 10
96.50000000024738
 20
-801.3
 10
99.50000000024738
 20
-801.3
 10
99.50000000024738
 20
-798.3
 10
96.50000000024738
 20
-798.3
1001
JETIS
1000
R02 LOD100
1000
SOURCE
1000
1653E
  0
LINE
  5
83E00
330
1F
100
AcDbEntity
  8
OPENING
  6
CONTINUOUS
100
AcDbLine
 10
98.00000000024738
 20
-801.3
 30
0.0
 11
98.00000000024738
 21
-798.3
 31
0.0
1001
JETIS
1000
R02 LOD100
1000
SOURCE
1000

  0
LWPOLYLINE
  5
83F00
330
1F
100
AcDbEntity
  8
OPENING
  6
CONTINUOUS
100
AcDbPolyline
 90
4
 70
1
 10
84.50000000024738
 20
-801.3
 10
87.50000000024738
 20
-801.3
 10
87.50000000024738
 20
-798.3
 10
84.50000000024738
 20
-798.3
1001
JETIS
1000
R02 LOD100
1000
SOURCE
1000
16544
  0
LINE
  5
84100
330
1F
100
AcDbEntity
  8
OPENING
  6
CONTINUOUS
100
AcDbLine
 10
86.00000000024738
 20
-801.3
 30
0.0
 11
86.00000000024738
 21
-798.3
 31
0.0
1001
JETIS
1000
R02 LOD100
1000
SOURCE
1000

  0
LWPOLYLINE
  5
84200
330
1F
100
AcDbEntity
  8
OPENING
  6
CONTINUOUS
100
AcDbPolyline
 90
4
 70
1
 10
72.50000000024738
 20
-801.3
 10
75.50000000024738
 20
-801.3
 10
75.50000000024738
 20
-798.3
 10
72.50000000024738
 20
-798.3
1001
JETIS
1000
R02 LOD100
1000
SOURCE
1000
1654A
  0
LINE
  5
84400
330
1F
100
AcDbEntity
  8
OPENING
  6
CONTINUOUS
100
AcDbLine
 10
74.00000000024738
 20
-801.3
 30
0.0
 11
74.00000000024738
 21
-798.3
 31
0.0
1001
JETIS
1000
R02 LOD100
1000
SOURCE
1000

  0
LWPOLYLINE
  5
84500
330
1F
100
AcDbEntity
  8
OPENING
  6
CONTINUOUS
100
AcDbPolyline
 90
4
 70
1
 10
60.50000000024738
 20
-801.3
 10
63.50000000024738
 20
-801.3
 10
63.50000000024738
 20
-798.3
 10
60.50000000024738
 20
-798.3
1001
JETIS
1000
R02 LOD100
1000
SOURCE
1000
2165F
  0
LINE
  5
84700
330
1F
100
AcDbEntity
  8
OPENING
  6
CONTINUOUS
100
AcDbLine
 10
62.00000000024738
 20
-801.3
 30
0.0
 11
62.00000000024738
 21
-798.3
 31
0.0
1001
JETIS
1000
R02 LOD100
1000
SOURCE
1000

  0
LWPOLYLINE
  5
84800
330
1F
100
AcDbEntity
  8
OPENING
  6
CONTINUOUS
100
AcDbPolyline
 90
4
 70
1
 10
48.50000000025102
 20
-801.3
 10
51.50000000025102
 20
-801.3
 10
51.50000000025102
 20
-798.3
 10
48.50000000025102
 20
-798.3
1001
JETIS
1000
R02 LOD100
1000
SOURCE
1000
21665
  0
LINE
  5
84A00
330
1F
100
AcDbEntity
  8
OPENING
  6
CONTINUOUS
100
AcDbLine
 10
50.00000000025102
 20
-801.3
 30
0.0
 11
50.00000000025102
 21
-798.3
 31
0.0
1001
JETIS
1000
R02 LOD100
1000
SOURCE
1000

  0
LINE
  5
84B00
330
1F
100
AcDbEntity
  8
SECTION
  6
CONTINUOUS
100
AcDbLine
 10
3.0
 20
-802.5
 30
0.0
 11
121.0
 21
-802.5
 31
0.0
1001
JETIS
1000
R02 LOD100
1000
SOURCE
1000

  0
LINE
  5
84C00
330
1F
100
AcDbEntity
  8
DIMENSION
  6
CONTINUOUS
100
AcDbLine
 10
5.0
 20
-802.5
 30
0.0
 11
5.0
 21
-804.8
 31
0.0
1001
JETIS
1000
R02 LOD100
1000
SOURCE
1000

  0
LINE
  5
84D00
330
1F
100
AcDbEntity
  8
DIMENSION
  6
CONTINUOUS
100
AcDbLine
 10
119.0
 20
-802.5
 30
0.0
 11
119.0
 21
-804.8
 31
0.0
1001
JETIS
1000
R02 LOD100
1000
SOURCE
1000

  0
LINE
  5
84E00
330
1F
100
AcDbEntity
  8
DIMENSION
  6
CONTINUOUS
100
AcDbLine
 10
5.0
 20
-804.8
 30
0.0
 11
119.0
 21
-804.8
 31
0.0
1001
JETIS
1000
R02 LOD100
1000
SOURCE
1000

  0
LINE
  5
84F00
330
1F
100
AcDbEntity
  8
DIMENSION
  6
CONTINUOUS
100
AcDbLine
 10
4.825
 20
-804.975
 30
0.0
 11
5.175
 21
-804.625
 31
0.0
1001
JETIS
1000
R02 LOD100
1000
SOURCE
1000

  0
LINE
  5
85000
330
1F
100
AcDbEntity
  8
DIMENSION
  6
CONTINUOUS
100
AcDbLine
 10
118.825
 20
-804.975
 30
0.0
 11
119.175
 21
-804.625
 31
0.0
1001
JETIS
1000
R02 LOD100
1000
SOURCE
1000

  0
TEXT
  5
85100
330
1F
100
AcDbEntity
  8
DIMENSION
100
AcDbText
 10
62.0
 20
-805.35
 30
0.0
 40
0.65
  1
114.00
 72
1
 11
62.0
 21
-805.35
 31
0.0
100
AcDbText
 73
2
  0
DIMENSION
  5
85200
330
1F
100
AcDbEntity
  8
DIMENSION
100
AcDbDimension
  2
*D21
  3
EZDXF
 10
5.0
 20
-804.8
 30
0.0
 11
62.0
 21
-804.375
 31
0.0
 70
32
 71
5
 41
1.0
 42
114.0
  1
<>
100
AcDbAlignedDimension
 13
5.0
 23
-802.5
 33
0.0
 14
119.0
 24
-802.5
 34
0.0
 50
0.0
100
AcDbRotatedDimension
1001
ACAD
1000
DSTYLE
1002
{
1070
140
1040
0.65
1070
41
1040
0.2
1070
42
1040
0.15
1070
44
1040
0.2
1070
271
1070
2
1070
77
1070
1
1070
176
1070
8
1070
177
1070
8
1070
178
1070
8
1002
}
  0
LINE
  5
86100
330
1F
100
AcDbEntity
  8
DIMENSION
  6
CONTINUOUS
100
AcDbLine
 10
5.0
 20
-802.5
 30
0.0
 11
2.0
 21
-802.5
 31
0.0
1001
JETIS
1000
R02 LOD100
1000
SOURCE
1000

  0
TEXT
  5
86200
330
1F
100
AcDbEntity
  8
NOTE
100
AcDbText
 10
1.0
 20
-802.5
 30
0.0
 40
0.625
  1
±0.00
 72
2
 11
1.0
 21
-802.5
 31
0.0
100
AcDbText
  0
LINE
  5
86300
330
1F
100
AcDbEntity
  8
DIMENSION
  6
CONTINUOUS
100
AcDbLine
 10
5.0
 20
-801.3
 30
0.0
 11
2.0
 21
-801.3
 31
0.0
1001
JETIS
1000
R02 LOD100
1000
SOURCE
1000

  0
TEXT
  5
86400
330
1F
100
AcDbEntity
  8
NOTE
100
AcDbText
 10
1.0
 20
-801.3
 30
0.0
 40
0.625
  1
+1.20 ambang
 72
2
 11
1.0
 21
-801.3
 31
0.0
100
AcDbText
  0
LINE
  5
86500
330
1F
100
AcDbEntity
  8
DIMENSION
  6
CONTINUOUS
100
AcDbLine
 10
5.0
 20
-798.0
 30
0.0
 11
2.0
 21
-798.0
 31
0.0
1001
JETIS
1000
R02 LOD100
1000
SOURCE
1000

  0
TEXT
  5
86600
330
1F
100
AcDbEntity
  8
NOTE
100
AcDbText
 10
1.0
 20
-798.0
 30
0.0
 40
0.625
  1
+4.50 L2
 72
2
 11
1.0
 21
-798.0
 31
0.0
100
AcDbText
  0
LINE
  5
86700
330
1F
100
AcDbEntity
  8
DIMENSION
  6
CONTINUOUS
100
AcDbLine
 10
5.0
 20
-793.5
 30
0.0
 11
2.0
 21
-793.5
 31
0.0
1001
JETIS
1000
R02 LOD100
1000
SOURCE
1000

  0
TEXT
  5
86800
330
1F
100
AcDbEntity
  8
NOTE
100
AcDbText
 10
1.0
 20
-793.5
 30
0.0
 40
0.625
  1
+9.00 acuan
 72
2
 11
1.0
 21
-793.5
 31
0.0
100
AcDbText
  0
LINE
  5
86900
330
1F
100
AcDbEntity
  8
DIMENSION
  6
CONTINUOUS
100
AcDbLine
 10
5.0
 20
-789.0
 30
0.0
 11
2.0
 21
-789.0
 31
0.0
1001
JETIS
1000
R02 LOD100
1000
SOURCE
1000

  0
TEXT
  5
86A00
330
1F
100
AcDbEntity
  8
NOTE
100
AcDbText
 10
1.0
 20
-789.0
 30
0.0
 40
0.625
  1
+13.50 nok
 72
2
 11
1.0
 21
-789.0
 31
0.0
100
AcDbText
  0
TEXT
  5
86B00
330
1F
100
AcDbEntity
  8
TITLE
100
AcDbText
 10
5.0
 20
-785.25
 30
0.0
 40
0.8
  1
02 BARAT · -Y pandang ke bangunan
 11
5.0
 21
-785.25
 31
0.0
100
AcDbText
  0
LWPOLYLINE
  5
86C00
330
1F
100
AcDbEntity
  8
WALL
  6
CONTINUOUS
100
AcDbPolyline
 90
5
 70
1
 10
5.0
 20
-830.25
 10
35.0
 20
-830.25
 10
35.0
 20
-820.7692378864668
 10
20.0
 20
-816.75
 10
5.0
 20
-820.7692378864668
1001
JETIS
1000
R02 LOD100
1000
SOURCE
1000

  0
LWPOLYLINE
  5
86E00
330
1F
100
AcDbEntity
  8
ROOF
  6
CONTINUOUS
100
AcDbPolyline
 90
3
 70
0
 10
4.0
 20
-821.037187078898
 10
20.0
 20
-816.75
 10
36.0
 20
-821.037187078898
1001
JETIS
1000
R02 LOD100
1000
SOURCE
1000

  0
LWPOLYLINE
  5
86F00
330
1F
100
AcDbEntity
  8
OPENING
  6
CONTINUOUS
100
AcDbPolyline
 90
5
 70
1
 10
17.45
 20
-819.711246
 10
22.55
 20
-819.711246
 10
22.55
 20
-819.069838
 10
20.0
 20
-818.266038
 10
17.45
 20
-819.069838
1001
JETIS
1000
R02 LOD100
1000
SOURCE
1000
1BA16,1BA93
  0
LWPOLYLINE
  5
87100
330
1F
100
AcDbEntity
  8
WALL
  6
CONTINUOUS
100
AcDbPolyline
 90
5
 70
1
 10
35.0
 20
-830.25
 10
65.0
 20
-830.25
 10
65.0
 20
-820.7692378864668
 10
50.0
 20
-816.75
 10
35.0
 20
-820.7692378864668
1001
JETIS
1000
R02 LOD100
1000
SOURCE
1000

  0
LWPOLYLINE
  5
87300
330
1F
100
AcDbEntity
  8
ROOF
  6
CONTINUOUS
100
AcDbPolyline
 90
3
 70
0
 10
34.0
 20
-821.037187078898
 10
50.0
 20
-816.75
 10
66.0
 20
-821.037187078898
1001
JETIS
1000
R02 LOD100
1000
SOURCE
1000

  0
LWPOLYLINE
  5
87400
330
1F
100
AcDbEntity
  8
OPENING
  6
CONTINUOUS
100
AcDbPolyline
 90
5
 70
1
 10
47.45
 20
-819.711246
 10
52.55
 20
-819.711246
 10
52.55
 20
-819.069838
 10
50.0
 20
-818.266038
 10
47.45
 20
-819.069838
1001
JETIS
1000
R02 LOD100
1000
SOURCE
1000
1BA16,1BA93
  0
LWPOLYLINE
  5
87600
330
1F
100
AcDbEntity
  8
OPENING
  6
CONTINUOUS
100
AcDbPolyline
 90
4
 70
1
 10
12.500000505918706
 20
-829.05
 10
15.500000505918706
 20
-829.05
 10
15.500000505918706
 20
-826.05
 10
12.500000505918706
 20
-826.05
1001
JETIS
1000
R02 LOD100
1000
SOURCE
1000
1BA1E
  0
LINE
  5
87800
330
1F
100
AcDbEntity
  8
OPENING
  6
CONTINUOUS
100
AcDbLine
 10
14.000000505918706
 20
-829.05
 30
0.0
 11
14.000000505918706
 21
-826.05
 31
0.0
1001
JETIS
1000
R02 LOD100
1000
SOURCE
1000

  0
LWPOLYLINE
  5
87900
330
1F
100
AcDbEntity
  8
OPENING
  6
CONTINUOUS
100
AcDbPolyline
 90
4
 70
1
 10
24.500000505918706
 20
-829.05
 10
27.500000505918706
 20
-829.05
 10
27.500000505918706
 20
-826.05
 10
24.500000505918706
 20
-826.05
1001
JETIS
1000
R02 LOD100
1000
SOURCE
1000
1BA3C
  0
LINE
  5
87B00
330
1F
100
AcDbEntity
  8
OPENING
  6
CONTINUOUS
100
AcDbLine
 10
26.000000505918706
 20
-829.05
 30
0.0
 11
26.000000505918706
 21
-826.05
 31
0.0
1001
JETIS
1000
R02 LOD100
1000
SOURCE
1000

  0
LWPOLYLINE
  5
87C00
330
1F
100
AcDbEntity
  8
OPENING
  6
CONTINUOUS
100
AcDbPolyline
 90
4
 70
1
 10
36.50000050592598
 20
-829.05
 10
39.50000050592598
 20
-829.05
 10
39.50000050592598
 20
-826.05
 10
36.50000050592598
 20
-826.05
1001
JETIS
1000
R02 LOD100
1000
SOURCE
1000
1BACB
  0
LINE
  5
87E00
330
1F
100
AcDbEntity
  8
OPENING
  6
CONTINUOUS
100
AcDbLine
 10
38.00000050592598
 20
-829.05
 30
0.0
 11
38.00000050592598
 21
-826.05
 31
0.0
1001
JETIS
1000
R02 LOD100
1000
SOURCE
1000

  0
LWPOLYLINE
  5
87F00
330
1F
100
AcDbEntity
  8
OPENING
  6
CONTINUOUS
100
AcDbPolyline
 90
4
 70
1
 10
48.50000050592598
 20
-829.05
 10
51.50000050592598
 20
-829.05
 10
51.50000050592598
 20
-826.05
 10
48.50000050592598
 20
-826.05
1001
JETIS
1000
R02 LOD100
1000
SOURCE
1000
1BAED
  0
LINE
  5
88100
330
1F
100
AcDbEntity
  8
OPENING
  6
CONTINUOUS
100
AcDbLine
 10
50.00000050592598
 20
-829.05
 30
0.0
 11
50.00000050592598
 21
-826.05
 31
0.0
1001
JETIS
1000
R02 LOD100
1000
SOURCE
1000

  0
LWPOLYLINE
  5
88200
330
1F
100
AcDbEntity
  8
OPENING
  6
CONTINUOUS
100
AcDbPolyline
 90
4
 70
1
 10
62.750000505910066
 20
-829.05
 10
64.5500005059098
 20
-829.05
 10
64.5500005059098
 20
-826.85
 10
62.750000505910066
 20
-826.85
1001
JETIS
1000
R02 LOD100
1000
SOURCE
1000
1BB25
  0
LINE
  5
88400
330
1F
100
AcDbEntity
  8
OPENING
  6
CONTINUOUS
100
AcDbLine
 10
63.65000050590993
 20
-829.05
 30
0.0
 11
63.65000050590993
 21
-826.85
 31
0.0
1001
JETIS
1000
R02 LOD100
1000
SOURCE
1000

  0
LWPOLYLINE
  5
88500
330
1F
100
AcDbEntity
  8
OPENING
  6
CONTINUOUS
100
AcDbPolyline
 90
4
 70
1
 10
12.300000505919797
 20
-824.2499998810013
 10
13.000000505918706
 20
-824.2499998810013
 10
13.000000505918706
 20
-823.1099998810014
 10
12.300000505919797
 20
-823.1099998810014
1001
JETIS
1000
R02 LOD100
1000
SOURCE
1000
1BA24
  0
LWPOLYLINE
  5
88700
330
1F
100
AcDbEntity
  8
OPENING
  6
CONTINUOUS
100
AcDbPolyline
 90
4
 70
1
 10
13.000000505918706
 20
-824.2499998810013
 10
13.700000505917615
 20
-824.2499998810013
 10
13.700000505917615
 20
-823.1099998810014
 10
13.000000505918706
 20
-823.1099998810014
1001
JETIS
1000
R02 LOD100
1000
SOURCE
1000
1BA2A
  0
LWPOLYLINE
  5
88900
330
1F
100
AcDbEntity
  8
OPENING
  6
CONTINUOUS
100
AcDbPolyline
 90
4
 70
1
 10
15.000000505918706
 20
-824.2499998810013
 10
15.700000505917615
 20
-824.2499998810013
 10
15.700000505917615
 20
-823.1099998810014
 10
15.000000505918706
 20
-823.1099998810014
1001
JETIS
1000
R02 LOD100
1000
SOURCE
1000
1BA30
  0
LWPOLYLINE
  5
88B00
330
1F
100
AcDbEntity
  8
OPENING
  6
CONTINUOUS
100
AcDbPolyline
 90
4
 70
1
 10
14.300000505919797
 20
-824.2499998810013
 10
15.000000505918706
 20
-824.2499998810013
 10
15.000000505918706
 20
-823.1099998810014
 10
14.300000505919797
 20
-823.1099998810014
1001
JETIS
1000
R02 LOD100
1000
SOURCE
1000
1BA36
  0
LWPOLYLINE
  5
88D00
330
1F
100
AcDbEntity
  8
OPENING
  6
CONTINUOUS
100
AcDbPolyline
 90
4
 70
1
 10
24.300000505919797
 20
-824.2499998810013
 10
25.000000505918706
 20
-824.2499998810013
 10
25.000000505918706
 20
-823.1099998810014
 10
24.300000505919797
 20
-823.1099998810014
1001
JETIS
1000
R02 LOD100
1000
SOURCE
1000
1BA42
  0
LWPOLYLINE
  5
88F00
330
1F
100
AcDbEntity
  8
OPENING
  6
CONTINUOUS
100
AcDbPolyline
 90
4
 70
1
 10
25.000000505918706
 20
-824.2499998810013
 10
25.700000505917615
 20
-824.2499998810013
 10
25.700000505917615
 20
-823.1099998810014
 10
25.000000505918706
 20
-823.1099998810014
1001
JETIS
1000
R02 LOD100
1000
SOURCE
1000
1BA48
  0
LWPOLYLINE
  5
89100
330
1F
100
AcDbEntity
  8
OPENING
  6
CONTINUOUS
100
AcDbPolyline
 90
4
 70
1
 10
27.000000505918706
 20
-824.2499998810013
 10
27.700000505917615
 20
-824.2499998810013
 10
27.700000505917615
 20
-823.1099998810014
 10
27.000000505918706
 20
-823.1099998810014
1001
JETIS
1000
R02 LOD100
1000
SOURCE
1000
1BA4E
  0
LWPOLYLINE
  5
89300
330
1F
100
AcDbEntity
  8
OPENING
  6
CONTINUOUS
100
AcDbPolyline
 90
4
 70
1
 10
26.300000505919797
 20
-824.2499998810013
 10
27.000000505918706
 20
-824.2499998810013
 10
27.000000505918706
 20
-823.1099998810014
 10
26.300000505919797
 20
-823.1099998810014
1001
JETIS
1000
R02 LOD100
1000
SOURCE
1000
1BA54
  0
LWPOLYLINE
  5
89500
330
1F
100
AcDbEntity
  8
OPENING
  6
CONTINUOUS
100
AcDbPolyline
 90
4
 70
1
 10
30.300000505919797
 20
-824.2499998810013
 10
31.000000505918706
 20
-824.2499998810013
 10
31.000000505918706
 20
-823.1099998810014
 10
30.300000505919797
 20
-823.1099998810014
1001
JETIS
1000
R02 LOD100
1000
SOURCE
1000
1BA5A
  0
LWPOLYLINE
  5
89700
330
1F
100
AcDbEntity
  8
OPENING
  6
CONTINUOUS
100
AcDbPolyline
 90
4
 70
1
 10
31.000000505918706
 20
-824.2499998810013
 10
31.700000505917615
 20
-824.2499998810013
 10
31.700000505917615
 20
-823.1099998810014
 10
31.000000505918706
 20
-823.1099998810014
1001
JETIS
1000
R02 LOD100
1000
SOURCE
1000
1BA60
  0
LWPOLYLINE
  5
89900
330
1F
100
AcDbEntity
  8
OPENING
  6
CONTINUOUS
100
AcDbPolyline
 90
4
 70
1
 10
33.000000505918706
 20
-824.2499998810013
 10
33.700000505917615
 20
-824.2499998810013
 10
33.700000505917615
 20
-823.1099998810014
 10
33.000000505918706
 20
-823.1099998810014
1001
JETIS
1000
R02 LOD100
1000
SOURCE
1000
1BA66
  0
LWPOLYLINE
  5
89B00
330
1F
100
AcDbEntity
  8
OPENING
  6
CONTINUOUS
100
AcDbPolyline
 90
4
 70
1
 10
32.3000005059198
 20
-824.2499998810013
 10
33.000000505918706
 20
-824.2499998810013
 10
33.000000505918706
 20
-823.1099998810014
 10
32.3000005059198
 20
-823.1099998810014
1001
JETIS
1000
R02 LOD100
1000
SOURCE
1000
1BA6C
  0
LWPOLYLINE
  5
89D00
330
1F
100
AcDbEntity
  8
OPENING
  6
CONTINUOUS
100
AcDbPolyline
 90
4
 70
1
 10
18.300000505919797
 20
-824.2499998810013
 10
19.000000505918706
 20
-824.2499998810013
 10
19.000000505918706
 20
-823.1099998810014
 10
18.300000505919797
 20
-823.1099998810014
1001
JETIS
1000
R02 LOD100
1000
SOURCE
1000
1BA76
  0
LWPOLYLINE
  5
89F00
330
1F
100
AcDbEntity
  8
OPENING
  6
CONTINUOUS
100
AcDbPolyline
 90
4
 70
1
 10
19.000000505918706
 20
-824.2499998810013
 10
19.700000505917615
 20
-824.2499998810013
 10
19.700000505917615
 20
-823.1099998810014
 10
19.000000505918706
 20
-823.1099998810014
1001
JETIS
1000
R02 LOD100
1000
SOURCE
1000
1BA7C
  0
LWPOLYLINE
  5
8A100
330
1F
100
AcDbEntity
  8
OPENING
  6
CONTINUOUS
100
AcDbPolyline
 90
4
 70
1
 10
21.000000505918706
 20
-824.2499998810013
 10
21.700000505917615
 20
-824.2499998810013
 10
21.700000505917615
 20
-823.1099998810014
 10
21.000000505918706
 20
-823.1099998810014
1001
JETIS
1000
R02 LOD100
1000
SOURCE
1000
1BA82
  0
LWPOLYLINE
  5
8A300
330
1F
100
AcDbEntity
  8
OPENING
  6
CONTINUOUS
100
AcDbPolyline
 90
4
 70
1
 10
20.300000505919797
 20
-824.2499998810013
 10
21.000000505918706
 20
-824.2499998810013
 10
21.000000505918706
 20
-823.1099998810014
 10
20.300000505919797
 20
-823.1099998810014
1001
JETIS
1000
R02 LOD100
1000
SOURCE
1000
1BA88
  0
LWPOLYLINE
  5
8A500
330
1F
100
AcDbEntity
  8
OPENING
  6
CONTINUOUS
100
AcDbPolyline
 90
4
 70
1
 10
57.00000050592598
 20
-824.2499998810013
 10
57.70000050592489
 20
-824.2499998810013
 10
57.70000050592489
 20
-823.1099998810014
 10
57.00000050592598
 20
-823.1099998810014
1001
JETIS
1000
R02 LOD100
1000
SOURCE
1000
1BA9B
  0
LWPOLYLINE
  5
8A700
330
1F
100
AcDbEntity
  8
OPENING
  6
CONTINUOUS
100
AcDbPolyline
 90
4
 70
1
 10
56.30000050592707
 20
-824.2499998810013
 10
57.00000050592598
 20
-824.2499998810013
 10
57.00000050592598
 20
-823.1099998810014
 10
56.30000050592707
 20
-823.1099998810014
1001
JETIS
1000
R02 LOD100
1000
SOURCE
1000
1BAA1
  0
LWPOLYLINE
  5
8A900
330
1F
100
AcDbEntity
  8
OPENING
  6
CONTINUOUS
100
AcDbPolyline
 90
4
 70
1
 10
54.30000050592707
 20
-824.2499998810013
 10
55.00000050592598
 20
-824.2499998810013
 10
55.00000050592598
 20
-823.1099998810014
 10
54.30000050592707
 20
-823.1099998810014
1001
JETIS
1000
R02 LOD100
1000
SOURCE
1000
1BAA7
  0
LWPOLYLINE
  5
8AB00
330
1F
100
AcDbEntity
  8
OPENING
  6
CONTINUOUS
100
AcDbPolyline
 90
4
 70
1
 10
55.00000050592598
 20
-824.2499998810013
 10
55.70000050592489
 20
-824.2499998810013
 10
55.70000050592489
 20
-823.1099998810014
 10
55.00000050592598
 20
-823.1099998810014
1001
JETIS
1000
R02 LOD100
1000
SOURCE
1000
1BAAD
  0
LWPOLYLINE
  5
8AD00
330
1F
100
AcDbEntity
  8
OPENING
  6
CONTINUOUS
100
AcDbPolyline
 90
4
 70
1
 10
45.00000050592598
 20
-824.2499998810013
 10
45.70000050592489
 20
-824.2499998810013
 10
45.70000050592489
 20
-823.1099998810014
 10
45.00000050592598
 20
-823.1099998810014
1001
JETIS
1000
R02 LOD100
1000
SOURCE
1000
1BAB3
  0
LWPOLYLINE
  5
8AF00
330
1F
100
AcDbEntity
  8
OPENING
  6
CONTINUOUS
100
AcDbPolyline
 90
4
 70
1
 10
44.30000050592707
 20
-824.2499998810013
 10
45.00000050592598
 20
-824.2499998810013
 10
45.00000050592598
 20
-823.1099998810014
 10
44.30000050592707
 20
-823.1099998810014
1001
JETIS
1000
R02 LOD100
1000
SOURCE
1000
1BAB9
  0
LWPOLYLINE
  5
8B100
330
1F
100
AcDbEntity
  8
OPENING
  6
CONTINUOUS
100
AcDbPolyline
 90
4
 70
1
 10
42.30000050592707
 20
-824.2499998810013
 10
43.00000050592598
 20
-824.2499998810013
 10
43.00000050592598
 20
-823.1099998810014
 10
42.30000050592707
 20
-823.1099998810014
1001
JETIS
1000
R02 LOD100
1000
SOURCE
1000
1BABF
  0
LWPOLYLINE
  5
8B300
330
1F
100
AcDbEntity
  8
OPENING
  6
CONTINUOUS
100
AcDbPolyline
 90
4
 70
1
 10
43.00000050592598
 20
-824.2499998810013
 10
43.70000050592489
 20
-824.2499998810013
 10
43.70000050592489
 20
-823.1099998810014
 10
43.00000050592598
 20
-823.1099998810014
1001
JETIS
1000
R02 LOD100
1000
SOURCE
1000
1BAC5
  0
LWPOLYLINE
  5
8B500
330
1F
100
AcDbEntity
  8
OPENING
  6
CONTINUOUS
100
AcDbPolyline
 90
4
 70
1
 10
39.00000050592598
 20
-824.2499998810013
 10
39.70000050592489
 20
-824.2499998810013
 10
39.70000050592489
 20
-823.1099998810014
 10
39.00000050592598
 20
-823.1099998810014
1001
JETIS
1000
R02 LOD100
1000
SOURCE
1000
1BAD1
  0
LWPOLYLINE
  5
8B700
330
1F
100
AcDbEntity
  8
OPENING
  6
CONTINUOUS
100
AcDbPolyline
 90
4
 70
1
 10
38.30000050592707
 20
-824.2499998810013
 10
39.00000050592598
 20
-824.2499998810013
 10
39.00000050592598
 20
-823.1099998810014
 10
38.30000050592707
 20
-823.1099998810014
1001
JETIS
1000
R02 LOD100
1000
SOURCE
1000
1BAD7
  0
LWPOLYLINE
  5
8B900
330
1F
100
AcDbEntity
  8
OPENING
  6
CONTINUOUS
100
AcDbPolyline
 90
4
 70
1
 10
36.30000050592707
 20
-824.2499998810013
 10
37.00000050592598
 20
-824.2499998810013
 10
37.00000050592598
 20
-823.1099998810014
 10
36.30000050592707
 20
-823.1099998810014
1001
JETIS
1000
R02 LOD100
1000
SOURCE
1000
1BADD
  0
LWPOLYLINE
  5
8BB00
330
1F
100
AcDbEntity
  8
OPENING
  6
CONTINUOUS
100
AcDbPolyline
 90
4
 70
1
 10
37.00000050592598
 20
-824.2499998810013
 10
37.70000050592489
 20
-824.2499998810013
 10
37.70000050592489
 20
-823.1099998810014
 10
37.00000050592598
 20
-823.1099998810014
1001
JETIS
1000
R02 LOD100
1000
SOURCE
1000
1BAE3
  0
LWPOLYLINE
  5
8BD00
330
1F
100
AcDbEntity
  8
OPENING
  6
CONTINUOUS
100
AcDbPolyline
 90
4
 70
1
 10
51.00000050592598
 20
-824.2499998810013
 10
51.70000050592489
 20
-824.2499998810013
 10
51.70000050592489
 20
-823.1099998810014
 10
51.00000050592598
 20
-823.1099998810014
1001
JETIS
1000
R02 LOD100
1000
SOURCE
1000
1BAF3
  0
LWPOLYLINE
  5
8BF00
330
1F
100
AcDbEntity
  8
OPENING
  6
CONTINUOUS
100
AcDbPolyline
 90
4
 70
1
 10
50.30000050592707
 20
-824.2499998810013
 10
51.00000050592598
 20
-824.2499998810013
 10
51.00000050592598
 20
-823.1099998810014
 10
50.30000050592707
 20
-823.1099998810014
1001
JETIS
1000
R02 LOD100
1000
SOURCE
1000
1BAF9
  0
LWPOLYLINE
  5
8C100
330
1F
100
AcDbEntity
  8
OPENING
  6
CONTINUOUS
100
AcDbPolyline
 90
4
 70
1
 10
48.30000050592707
 20
-824.2499998810013
 10
49.00000050592598
 20
-824.2499998810013
 10
49.00000050592598
 20
-823.1099998810014
 10
48.30000050592707
 20
-823.1099998810014
1001
JETIS
1000
R02 LOD100
1000
SOURCE
1000
1BAFF
  0
LWPOLYLINE
  5
8C300
330
1F
100
AcDbEntity
  8
OPENING
  6
CONTINUOUS
100
AcDbPolyline
 90
4
 70
1
 10
49.00000050592598
 20
-824.2499998810013
 10
49.70000050592489
 20
-824.2499998810013
 10
49.70000050592489
 20
-823.1099998810014
 10
49.00000050592598
 20
-823.1099998810014
1001
JETIS
1000
R02 LOD100
1000
SOURCE
1000
1BB05
  0
LWPOLYLINE
  5
8C500
330
1F
100
AcDbEntity
  8
OPENING
  6
CONTINUOUS
100
AcDbPolyline
 90
4
 70
1
 10
63.00000050592598
 20
-824.2499998810013
 10
63.70000050592489
 20
-824.2499998810013
 10
63.70000050592489
 20
-823.1099998810014
 10
63.00000050592598
 20
-823.1099998810014
1001
JETIS
1000
R02 LOD100
1000
SOURCE
1000
1BB0B
  0
LWPOLYLINE
  5
8C700
330
1F
100
AcDbEntity
  8
OPENING
  6
CONTINUOUS
100
AcDbPolyline
 90
4
 70
1
 10
62.30000050592707
 20
-824.2499998810013
 10
63.00000050592598
 20
-824.2499998810013
 10
63.00000050592598
 20
-823.1099998810014
 10
62.30000050592707
 20
-823.1099998810014
1001
JETIS
1000
R02 LOD100
1000
SOURCE
1000
1BB11
  0
LWPOLYLINE
  5
8C900
330
1F
100
AcDbEntity
  8
OPENING
  6
CONTINUOUS
100
AcDbPolyline
 90
4
 70
1
 10
60.30000050592707
 20
-824.2499998810013
 10
61.00000050592598
 20
-824.2499998810013
 10
61.00000050592598
 20
-823.1099998810014
 10
60.30000050592707
 20
-823.1099998810014
1001
JETIS
1000
R02 LOD100
1000
SOURCE
1000
1BB17
  0
LWPOLYLINE
  5
8CB00
330
1F
100
AcDbEntity
  8
OPENING
  6
CONTINUOUS
100
AcDbPolyline
 90
4
 70
1
 10
61.00000050592598
 20
-824.2499998810013
 10
61.70000050592489
 20
-824.2499998810013
 10
61.70000050592489
 20
-823.1099998810014
 10
61.00000050592598
 20
-823.1099998810014
1001
JETIS
1000
R02 LOD100
1000
SOURCE
1000
1BB1D
  0
LWPOLYLINE
  5
8CD00
330
1F
100
AcDbEntity
  8
OPENING
  6
CONTINUOUS
100
AcDbPolyline
 90
4
 70
1
 10
60.30000050592707
 20
-827.9900000610369
 10
61.00000050592598
 20
-827.9900000610369
 10
61.00000050592598
 20
-826.850000061037
 10
60.30000050592707
 20
-826.850000061037
1001
JETIS
1000
R02 LOD100
1000
SOURCE
1000
1BB2B
  0
LWPOLYLINE
  5
8CF00
330
1F
100
AcDbEntity
  8
OPENING
  6
CONTINUOUS
100
AcDbPolyline
 90
4
 70
1
 10
61.00000050592598
 20
-827.9900000610369
 10
61.70000050592489
 20
-827.9900000610369
 10
61.70000050592489
 20
-826.850000061037
 10
61.00000050592598
 20
-826.850000061037
1001
JETIS
1000
R02 LOD100
1000
SOURCE
1000
1BB31
  0
LINE
  5
8D100
330
1F
100
AcDbEntity
  8
SECTION
  6
CONTINUOUS
100
AcDbLine
 10
3.0
 20
-830.25
 30
0.0
 11
67.0
 21
-830.25
 31
0.0
1001
JETIS
1000
R02 LOD100
1000
SOURCE
1000

  0
LINE
  5
8D200
330
1F
100
AcDbEntity
  8
DIMENSION
  6
CONTINUOUS
100
AcDbLine
 10
5.0
 20
-830.25
 30
0.0
 11
5.0
 21
-832.55
 31
0.0
1001
JETIS
1000
R02 LOD100
1000
SOURCE
1000

  0
LINE
  5
8D300
330
1F
100
AcDbEntity
  8
DIMENSION
  6
CONTINUOUS
100
AcDbLine
 10
65.0
 20
-830.25
 30
0.0
 11
65.0
 21
-832.55
 31
0.0
1001
JETIS
1000
R02 LOD100
1000
SOURCE
1000

  0
LINE
  5
8D400
330
1F
100
AcDbEntity
  8
DIMENSION
  6
CONTINUOUS
100
AcDbLine
 10
5.0
 20
-832.55
 30
0.0
 11
65.0
 21
-832.55
 31
0.0
1001
JETIS
1000
R02 LOD100
1000
SOURCE
1000

  0
LINE
  5
8D500
330
1F
100
AcDbEntity
  8
DIMENSION
  6
CONTINUOUS
100
AcDbLine
 10
4.825
 20
-832.725
 30
0.0
 11
5.175
 21
-832.375
 31
0.0
1001
JETIS
1000
R02 LOD100
1000
SOURCE
1000

  0
LINE
  5
8D600
330
1F
100
AcDbEntity
  8
DIMENSION
  6
CONTINUOUS
100
AcDbLine
 10
64.825
 20
-832.725
 30
0.0
 11
65.175
 21
-832.375
 31
0.0
1001
JETIS
1000
R02 LOD100
1000
SOURCE
1000

  0
TEXT
  5
8D700
330
1F
100
AcDbEntity
  8
DIMENSION
100
AcDbText
 10
35.0
 20
-833.1
 30
0.0
 40
0.65
  1
60.00
 72
1
 11
35.0
 21
-833.1
 31
0.0
100
AcDbText
 73
2
  0
DIMENSION
  5
8D800
330
1F
100
AcDbEntity
  8
DIMENSION
100
AcDbDimension
  2
*D22
  3
EZDXF
 10
5.0
 20
-832.55
 30
0.0
 11
35.0
 21
-832.125
 31
0.0
 70
32
 71
5
 41
1.0
 42
60.0
  1
<>
100
AcDbAlignedDimension
 13
5.0
 23
-830.25
 33
0.0
 14
65.0
 24
-830.25
 34
0.0
 50
0.0
100
AcDbRotatedDimension
1001
ACAD
1000
DSTYLE
1002
{
1070
140
1040
0.65
1070
41
1040
0.2
1070
42
1040
0.15
1070
44
1040
0.2
1070
271
1070
2
1070
77
1070
1
1070
176
1070
8
1070
177
1070
8
1070
178
1070
8
1002
}
  0
LINE
  5
8E700
330
1F
100
AcDbEntity
  8
DIMENSION
  6
CONTINUOUS
100
AcDbLine
 10
5.0
 20
-830.25
 30
0.0
 11
2.0
 21
-830.25
 31
0.0
1001
JETIS
1000
R02 LOD100
1000
SOURCE
1000

  0
TEXT
  5
8E800
330
1F
100
AcDbEntity
  8
NOTE
100
AcDbText
 10
1.0
 20
-830.25
 30
0.0
 40
0.625
  1
±0.00
 72
2
 11
1.0
 21
-830.25
 31
0.0
100
AcDbText
  0
LINE
  5
8E900
330
1F
100
AcDbEntity
  8
DIMENSION
  6
CONTINUOUS
100
AcDbLine
 10
5.0
 20
-829.05
 30
0.0
 11
2.0
 21
-829.05
 31
0.0
1001
JETIS
1000
R02 LOD100
1000
SOURCE
1000

  0
TEXT
  5
8EA00
330
1F
100
AcDbEntity
  8
NOTE
100
AcDbText
 10
1.0
 20
-829.05
 30
0.0
 40
0.625
  1
+1.20 ambang
 72
2
 11
1.0
 21
-829.05
 31
0.0
100
AcDbText
  0
LINE
  5
8EB00
330
1F
100
AcDbEntity
  8
DIMENSION
  6
CONTINUOUS
100
AcDbLine
 10
5.0
 20
-825.75
 30
0.0
 11
2.0
 21
-825.75
 31
0.0
1001
JETIS
1000
R02 LOD100
1000
SOURCE
1000

  0
TEXT
  5
8EC00
330
1F
100
AcDbEntity
  8
NOTE
100
AcDbText
 10
1.0
 20
-825.75
 30
0.0
 40
0.625
  1
+4.50 L2
 72
2
 11
1.0
 21
-825.75
 31
0.0
100
AcDbText
  0
LINE
  5
8ED00
330
1F
100
AcDbEntity
  8
DIMENSION
  6
CONTINUOUS
100
AcDbLine
 10
5.0
 20
-821.25
 30
0.0
 11
2.0
 21
-821.25
 31
0.0
1001
JETIS
1000
R02 LOD100
1000
SOURCE
1000

  0
TEXT
  5
8EE00
330
1F
100
AcDbEntity
  8
NOTE
100
AcDbText
 10
1.0
 20
-821.25
 30
0.0
 40
0.625
  1
+9.00 acuan
 72
2
 11
1.0
 21
-821.25
 31
0.0
100
AcDbText
  0
LINE
  5
8EF00
330
1F
100
AcDbEntity
  8
DIMENSION
  6
CONTINUOUS
100
AcDbLine
 10
5.0
 20
-816.75
 30
0.0
 11
2.0
 21
-816.75
 31
0.0
1001
JETIS
1000
R02 LOD100
1000
SOURCE
1000

  0
TEXT
  5
8F000
330
1F
100
AcDbEntity
  8
NOTE
100
AcDbText
 10
1.0
 20
-816.75
 30
0.0
 40
0.625
  1
+13.50 nok
 72
2
 11
1.0
 21
-816.75
 31
0.0
100
AcDbText
  0
TEXT
  5
8F100
330
1F
100
AcDbEntity
  8
TITLE
100
AcDbText
 10
5.0
 20
-813.0
 30
0.0
 40
0.8
  1
03 SELATAN · +X pandang ke bangunan
 11
5.0
 21
-813.0
 31
0.0
100
AcDbText
  0
LWPOLYLINE
  5
8F200
330
1F
100
AcDbEntity
  8
WALL
  6
CONTINUOUS
100
AcDbPolyline
 90
5
 70
1
 10
5.0
 20
-854.25
 10
35.0
 20
-854.25
 10
35.0
 20
-844.7692378864668
 10
20.0
 20
-840.75
 10
5.0
 20
-844.7692378864668
1001
JETIS
1000
R02 LOD100
1000
SOURCE
1000

  0
LWPOLYLINE
  5
8F400
330
1F
100
AcDbEntity
  8
ROOF
  6
CONTINUOUS
100
AcDbPolyline
 90
3
 70
0
 10
4.0
 20
-845.037187078898
 10
20.0
 20
-840.75
 10
36.0
 20
-845.037187078898
1001
JETIS
1000
R02 LOD100
1000
SOURCE
1000

  0
LWPOLYLINE
  5
8F500
330
1F
100
AcDbEntity
  8
OPENING
  6
CONTINUOUS
100
AcDbPolyline
 90
5
 70
1
 10
17.45
 20
-843.711246
 10
22.55
 20
-843.711246
 10
22.55
 20
-843.069838
 10
20.0
 20
-842.266038
 10
17.45
 20
-843.069838
1001
JETIS
1000
R02 LOD100
1000
SOURCE / NORTH REPETITION ASSUMPTION
1000
1BA16,1BA93
  0
LWPOLYLINE
  5
8F700
330
1F
100
AcDbEntity
  8
WALL
  6
CONTINUOUS
100
AcDbPolyline
 90
5
 70
1
 10
35.0
 20
-854.25
 10
65.0
 20
-854.25
 10
65.0
 20
-844.7692378864668
 10
50.0
 20
-840.75
 10
35.0
 20
-844.7692378864668
1001
JETIS
1000
R02 LOD100
1000
SOURCE
1000

  0
LWPOLYLINE
  5
8F900
330
1F
100
AcDbEntity
  8
ROOF
  6
CONTINUOUS
100
AcDbPolyline
 90
3
 70
0
 10
34.0
 20
-845.037187078898
 10
50.0
 20
-840.75
 10
66.0
 20
-845.037187078898
1001
JETIS
1000
R02 LOD100
1000
SOURCE
1000

  0
LWPOLYLINE
  5
8FA00
330
1F
100
AcDbEntity
  8
OPENING
  6
CONTINUOUS
100
AcDbPolyline
 90
5
 70
1
 10
47.45
 20
-843.711246
 10
52.55
 20
-843.711246
 10
52.55
 20
-843.069838
 10
50.0
 20
-842.266038
 10
47.45
 20
-843.069838
1001
JETIS
1000
R02 LOD100
1000
SOURCE / NORTH REPETITION ASSUMPTION
1000
1BA16,1BA93
  0
LINE
  5
8FC00
330
1F
100
AcDbEntity
  8
GRID
  6
CONTINUOUS
100
AcDbLine
 10
35.0
 20
-854.25
 30
0.0
 11
35.0
 21
-840.75
 31
0.0
1001
JETIS
1000
R02 LOD100
1000
SOURCE
1000

  0
LINE
  5
8FD00
330
1F
100
AcDbEntity
  8
SECTION
  6
CONTINUOUS
100
AcDbLine
 10
3.0
 20
-854.25
 30
0.0
 11
67.0
 21
-854.25
 31
0.0
1001
JETIS
1000
R02 LOD100
1000
SOURCE
1000

  0
LINE
  5
8FE00
330
1F
100
AcDbEntity
  8
DIMENSION
  6
CONTINUOUS
100
AcDbLine
 10
5.0
 20
-854.25
 30
0.0
 11
5.0
 21
-856.55
 31
0.0
1001
JETIS
1000
R02 LOD100
1000
SOURCE
1000

  0
LINE
  5
8FF00
330
1F
100
AcDbEntity
  8
DIMENSION
  6
CONTINUOUS
100
AcDbLine
 10
65.0
 20
-854.25
 30
0.0
 11
65.0
 21
-856.55
 31
0.0
1001
JETIS
1000
R02 LOD100
1000
SOURCE
1000

  0
LINE
  5
90000
330
1F
100
AcDbEntity
  8
DIMENSION
  6
CONTINUOUS
100
AcDbLine
 10
5.0
 20
-856.55
 30
0.0
 11
65.0
 21
-856.55
 31
0.0
1001
JETIS
1000
R02 LOD100
1000
SOURCE
1000

  0
LINE
  5
90100
330
1F
100
AcDbEntity
  8
DIMENSION
  6
CONTINUOUS
100
AcDbLine
 10
4.825
 20
-856.725
 30
0.0
 11
5.175
 21
-856.375
 31
0.0
1001
JETIS
1000
R02 LOD100
1000
SOURCE
1000

  0
LINE
  5
90200
330
1F
100
AcDbEntity
  8
DIMENSION
  6
CONTINUOUS
100
AcDbLine
 10
64.825
 20
-856.725
 30
0.0
 11
65.175
 21
-856.375
 31
0.0
1001
JETIS
1000
R02 LOD100
1000
SOURCE
1000

  0
TEXT
  5
90300
330
1F
100
AcDbEntity
  8
DIMENSION
100
AcDbText
 10
35.0
 20
-857.1
 30
0.0
 40
0.65
  1
60.00
 72
1
 11
35.0
 21
-857.1
 31
0.0
100
AcDbText
 73
2
  0
DIMENSION
  5
90400
330
1F
100
AcDbEntity
  8
DIMENSION
100
AcDbDimension
  2
*D23
  3
EZDXF
 10
5.0
 20
-856.55
 30
0.0
 11
35.0
 21
-856.125
 31
0.0
 70
32
 71
5
 41
1.0
 42
60.0
  1
<>
100
AcDbAlignedDimension
 13
5.0
 23
-854.25
 33
0.0
 14
65.0
 24
-854.25
 34
0.0
 50
0.0
100
AcDbRotatedDimension
1001
ACAD
1000
DSTYLE
1002
{
1070
140
1040
0.65
1070
41
1040
0.2
1070
42
1040
0.15
1070
44
1040
0.2
1070
271
1070
2
1070
77
1070
1
1070
176
1070
8
1070
177
1070
8
1070
178
1070
8
1002
}
  0
LINE
  5
91300
330
1F
100
AcDbEntity
  8
DIMENSION
  6
CONTINUOUS
100
AcDbLine
 10
5.0
 20
-854.25
 30
0.0
 11
2.0
 21
-854.25
 31
0.0
1001
JETIS
1000
R02 LOD100
1000
SOURCE
1000

  0
TEXT
  5
91400
330
1F
100
AcDbEntity
  8
NOTE
100
AcDbText
 10
1.0
 20
-854.25
 30
0.0
 40
0.625
  1
±0.00
 72
2
 11
1.0
 21
-854.25
 31
0.0
100
AcDbText
  0
LINE
  5
91500
330
1F
100
AcDbEntity
  8
DIMENSION
  6
CONTINUOUS
100
AcDbLine
 10
5.0
 20
-853.05
 30
0.0
 11
2.0
 21
-853.05
 31
0.0
1001
JETIS
1000
R02 LOD100
1000
SOURCE
1000

  0
TEXT
  5
91600
330
1F
100
AcDbEntity
  8
NOTE
100
AcDbText
 10
1.0
 20
-853.05
 30
0.0
 40
0.625
  1
+1.20 ambang
 72
2
 11
1.0
 21
-853.05
 31
0.0
100
AcDbText
  0
LINE
  5
91700
330
1F
100
AcDbEntity
  8
DIMENSION
  6
CONTINUOUS
100
AcDbLine
 10
5.0
 20
-849.75
 30
0.0
 11
2.0
 21
-849.75
 31
0.0
1001
JETIS
1000
R02 LOD100
1000
SOURCE
1000

  0
TEXT
  5
91800
330
1F
100
AcDbEntity
  8
NOTE
100
AcDbText
 10
1.0
 20
-849.75
 30
0.0
 40
0.625
  1
+4.50 L2
 72
2
 11
1.0
 21
-849.75
 31
0.0
100
AcDbText
  0
LINE
  5
91900
330
1F
100
AcDbEntity
  8
DIMENSION
  6
CONTINUOUS
100
AcDbLine
 10
5.0
 20
-845.25
 30
0.0
 11
2.0
 21
-845.25
 31
0.0
1001
JETIS
1000
R02 LOD100
1000
SOURCE
1000

  0
TEXT
  5
91A00
330
1F
100
AcDbEntity
  8
NOTE
100
AcDbText
 10
1.0
 20
-845.25
 30
0.0
 40
0.625
  1
+9.00 acuan
 72
2
 11
1.0
 21
-845.25
 31
0.0
100
AcDbText
  0
LINE
  5
91B00
330
1F
100
AcDbEntity
  8
DIMENSION
  6
CONTINUOUS
100
AcDbLine
 10
5.0
 20
-840.75
 30
0.0
 11
2.0
 21
-840.75
 31
0.0
1001
JETIS
1000
R02 LOD100
1000
SOURCE
1000

  0
TEXT
  5
91C00
330
1F
100
AcDbEntity
  8
NOTE
100
AcDbText
 10
1.0
 20
-840.75
 30
0.0
 40
0.625
  1
+13.50 nok
 72
2
 11
1.0
 21
-840.75
 31
0.0
100
AcDbText
  0
TEXT
  5
91D00
330
1F
100
AcDbEntity
  8
TITLE
100
AcDbText
 10
5.0
 20
-837.0
 30
0.0
 40
0.8
  1
04 UTARA · -X pandang ke bangunan
 11
5.0
 21
-837.0
 31
0.0
100
AcDbText
  0
LINE
  5
91E00
330
1F
100
AcDbEntity
  8
GRID
100
AcDbLine
 10
132.5
 20
-753.75
 30
0.0
 11
132.5
 21
-863.25
 31
0.0
  0
TEXT
  5
91F00
330
1F
100
AcDbEntity
  8
TITLE
100
AcDbText
 10
135.0
 20
-756.25
 30
0.0
 40
0.875
  1
BUKAAN SUMBER
 11
135.0
 21
-756.25
 31
0.0
100
AcDbText
  0
TEXT
  5
92000
330
1F
100
AcDbEntity
  8
TITLE
100
AcDbText
 10
135.0
 20
-758.5
 30
0.0
 40
0.7
  1
27 industri dua daun: 3 × 3 m
 11
135.0
 21
-758.5
 31
0.0
100
AcDbText
  0
TEXT
  5
92100
330
1F
100
AcDbEntity
  8
TITLE
100
AcDbText
 10
135.0
 20
-760.0
 30
0.0
 40
0.7
  1
Personel: 1,80 × 2,20 m
 11
135.0
 21
-760.0
 31
0.0
100
AcDbText
  0
TEXT
  5
92200
330
1F
100
AcDbEntity
  8
TITLE
100
AcDbText
 10
135.0
 20
-761.5
 30
0.0
 40
0.7
  1
42 kusen: 0,70 × 1,14 m
 11
135.0
 21
-761.5
 31
0.0
100
AcDbText
  0
TEXT
  5
92300
330
1F
100
AcDbEntity
  8
TITLE
100
AcDbText
 10
135.0
 20
-763.0
 30
0.0
 40
0.7
  1
38 di tampak selatan; 4 di timur
 11
135.0
 21
-763.0
 31
0.0
100
AcDbText
  0
TEXT
  5
92400
330
1F
100
AcDbEntity
  8
TITLE
100
AcDbText
 10
135.0
 20
-764.5
 30
0.0
 40
0.7
  1
Ambang industri +1,20 dipilih Bam
 11
135.0
 21
-764.5
 31
0.0
100
AcDbText
  0
TEXT
  5
92500
330
1F
100
AcDbEntity
  8
TITLE
100
AcDbText
 10
135.0
 20
-768.5
 30
0.0
 40
0.875
  1
LEVEL / ORIENTASI
 11
135.0
 21
-768.5
 31
0.0
100
AcDbText
  0
TEXT
  5
92600
330
1F
100
AcDbEntity
  8
TITLE
100
AcDbText
 10
135.0
 20
-770.75
 30
0.0
 40
0.7
  1
±0,00 lantai utama
 11
135.0
 21
-770.75
 31
0.0
100
AcDbText
  0
TEXT
  5
92700
330
1F
100
AcDbEntity
  8
TITLE
100
AcDbText
 10
135.0
 20
-772.25
 30
0.0
 40
0.7
  1
+4,50 lantai dua, baris timur
 11
135.0
 21
-772.25
 31
0.0
100
AcDbText
  0
TEXT
  5
92800
330
1F
100
AcDbEntity
  8
TITLE
100
AcDbText
 10
135.0
 20
-773.75
 30
0.0
 40
0.7
  1
+9,00 referensi tumpuan
 11
135.0
 21
-773.75
 31
0.0
100
AcDbText
  0
TEXT
  5
92900
330
1F
100
AcDbEntity
  8
TITLE
100
AcDbText
 10
135.0
 20
-775.25
 30
0.0
 40
0.7
  1
+13,50 nok nominal
 11
135.0
 21
-775.25
 31
0.0
100
AcDbText
  0
TEXT
  5
92A00
330
1F
100
AcDbEntity
  8
TITLE
100
AcDbText
 10
135.0
 20
-776.75
 30
0.0
 40
0.7
  1
Utara berada pada +X model
 11
135.0
 21
-776.75
 31
0.0
100
AcDbText
  0
TEXT
  5
92B00
330
1F
100
AcDbEntity
  8
TITLE
100
AcDbText
 10
135.0
 20
-780.75
 30
0.0
 40
0.875
  1
BATAS REPRESENTASI
 11
135.0
 21
-780.75
 31
0.0
100
AcDbText
  0
TEXT
  5
92C00
330
1F
100
AcDbEntity
  8
TITLE
100
AcDbText
 10
135.0
 20
-783.0
 30
0.0
 40
0.7
  1
Tampak tanpa garis sambungan produksi
 11
135.0
 21
-783.0
 31
0.0
100
AcDbText
  0
TEXT
  5
92D00
330
1F
100
AcDbEntity
  8
TITLE
100
AcDbText
 10
135.0
 20
-784.5
 30
0.0
 40
0.7
  1
Atap/baris tetap menerus 114 / 120
 11
135.0
 21
-784.5
 31
0.0
100
AcDbText
  0
TEXT
  5
92E00
330
1F
100
AcDbEntity
  8
TITLE
100
AcDbText
 10
135.0
 20
-786.0
 30
0.0
 40
0.7
  1
Fasad utara mengulang motif ventilasi
 11
135.0
 21
-786.0
 31
0.0
100
AcDbText
  0
TEXT
  5
92F00
330
1F
100
AcDbEntity
  8
TITLE
100
AcDbText
 10
135.0
 20
-787.5
 30
0.0
 40
0.7
  1
Tidak mengesahkan desain struktur
 11
135.0
 21
-787.5
 31
0.0
100
AcDbText
  0
TEXT
  5
93000
330
1F
100
AcDbEntity
  8
TITLE
100
AcDbText
 10
135.0
 20
-789.0
 30
0.0
 40
0.7
  1
Platform +1,20 tercatat di denah
 11
135.0
 21
-789.0
 31
0.0
100
AcDbText
  0
TEXT
  5
93100
330
1F
100
AcDbEntity
  8
TITLE
100
AcDbText
 10
-10.75
 20
-859.75
 30
0.0
 40
0.65
  1
Tampak membedakan selubung dan bukaan; dimensi geometri dalam meter. Kanopi/platform diringkas pada denah
 11
-10.75
 21
-859.75
 31
0.0
100
AcDbText
  0
TEXT
  5
93200
330
1F
100
AcDbEntity
  8
TITLE
100
AcDbText
 10
-10.75
 20
-861.25
 30
0.0
 40
0.65
  1
Nama orientasi mengikuti utara +X sumber; tidak mengikuti kebiasaan utara ke atas layar
 11
-10.75
 21
-861.25
 31
0.0
100
AcDbText
  0
TEXT
  5
93300
330
1F
100
AcDbEntity
  8
TITLE
100
AcDbText
 10
-10.75
 20
-862.75
 30
0.0
 40
0.65
  1
Header DWG INSUNITS=4 (mm), tetapi ukuran/koordinat berskala meter; CAD baru INSUNITS=6 (m)
 11
-10.75
 21
-862.75
 31
0.0
100
AcDbText
  0
LINE
  5
93A00
330
1F
100
AcDbEntity
  8
TITLE
100
AcDbLine
 10
585.5
 20
-736.75
 30
0.0
 11
789.75
 21
-736.75
 31
0.0
  0
LINE
  5
93B00
330
1F
100
AcDbEntity
  8
TITLE
100
AcDbLine
 10
789.75
 20
-736.75
 30
0.0
 11
789.75
 21
-879.25
 31
0.0
  0
LINE
  5
93C00
330
1F
100
AcDbEntity
  8
TITLE
100
AcDbLine
 10
789.75
 20
-879.25
 30
0.0
 11
585.5
 21
-879.25
 31
0.0
  0
LINE
  5
93D00
330
1F
100
AcDbEntity
  8
TITLE
100
AcDbLine
 10
585.5
 20
-879.25
 30
0.0
 11
585.5
 21
-736.75
 31
0.0
  0
LINE
  5
93E00
330
1F
100
AcDbEntity
  8
TITLE
100
AcDbLine
 10
585.5
 20
-749.75
 30
0.0
 11
789.75
 21
-749.75
 31
0.0
  0
LINE
  5
93F00
330
1F
100
AcDbEntity
  8
TITLE
100
AcDbLine
 10
585.5
 20
-868.5
 30
0.0
 11
789.75
 21
-868.5
 31
0.0
  0
LINE
  5
94000
330
1F
100
AcDbEntity
  8
TITLE
100
AcDbLine
 10
585.5
 20
-876.0
 30
0.0
 11
789.75
 21
-876.0
 31
0.0
  0
TEXT
  5
94100
330
1F
100
AcDbEntity
  8
TITLE
100
AcDbText
 10
588.75
 20
-741.5
 30
0.0
 40
2.25
  1
JETIS
 11
588.75
 21
-741.5
 31
0.0
100
AcDbText
  0
TEXT
  5
94200
330
1F
100
AcDbEntity
  8
TITLE
100
AcDbText
 10
588.75
 20
-744.5
 30
0.0
 40
0.9
  1
PENGOLAHAN HASIL LAUT
 11
588.75
 21
-744.5
 31
0.0
100
AcDbText
  0
TEXT
  5
94300
330
1F
100
AcDbEntity
  8
TITLE
100
AcDbText
 10
638.0
 20
-741.75
 30
0.0
 40
1.575
  1
TAMPAK TAHAP 2
 11
638.0
 21
-741.75
 31
0.0
100
AcDbText
  0
TEXT
  5
94400
330
1F
100
AcDbEntity
  8
TITLE
100
AcDbText
 10
638.0
 20
-744.75
 30
0.0
 40
0.775
  1
Selubung trapesium 84 m; kedalaman berubah 36 menjadi 30 m
 11
638.0
 21
-744.75
 31
0.0
100
AcDbText
  0
TEXT
  5
94500
330
1F
100
AcDbEntity
  8
TITLE
100
AcDbText
 10
766.25
 20
-740.75
 30
0.0
 40
1.5
  1
A106
 11
766.25
 21
-740.75
 31
0.0
100
AcDbText
  0
TEXT
  5
94600
330
1F
100
AcDbEntity
  8
TITLE
100
AcDbText
 10
766.25
 20
-744.0
 30
0.0
 40
0.8
  1
R02 / LOD100
 11
766.25
 21
-744.0
 31
0.0
100
AcDbText
  0
TEXT
  5
94700
330
1F
100
AcDbEntity
  8
TITLE
100
AcDbText
 10
588.75
 20
-871.75
 30
0.0
 40
0.575
  1
SUMBER PENGENDALI
 11
588.75
 21
-871.75
 31
0.0
100
AcDbText
  0
TEXT
  5
94800
330
1F
100
AcDbEntity
  8
TITLE
100
AcDbText
 10
588.75
 20
-873.75
 30
0.0
 40
0.675
  1
LAYOUT PLAN ALT.2 · 165A2 · 30 SEPTEMBER 2026
 11
588.75
 21
-873.75
 31
0.0
100
AcDbText
  0
TEXT
  5
94900
330
1F
100
AcDbEntity
  8
TITLE
100
AcDbText
 10
668.75
 20
-871.75
 30
0.0
 40
0.575
  1
SATUAN / SKALA CETAK
 11
668.75
 21
-871.75
 31
0.0
100
AcDbText
  0
TEXT
  5
94A00
330
1F
100
AcDbEntity
  8
TITLE
100
AcDbText
 10
668.75
 20
-873.75
 30
0.0
 40
0.675
  1
meter / 1:250 pada A1; perbesaran layar mengubah skala
 11
668.75
 21
-873.75
 31
0.0
100
AcDbText
  0
TEXT
  5
94B00
330
1F
100
AcDbEntity
  8
TITLE
100
AcDbText
 10
742.5
 20
-871.75
 30
0.0
 40
0.575
  1
STATUS
 11
742.5
 21
-871.75
 31
0.0
100
AcDbText
  0
TEXT
  5
94C00
330
1F
100
AcDbEntity
  8
TITLE
100
AcDbText
 10
742.5
 20
-873.75
 30
0.0
 40
0.675
  1
STUDI SUMBER + ASUMSI TERBUKA
 11
742.5
 21
-873.75
 31
0.0
100
AcDbText
  0
TEXT
  5
94D00
330
1F
100
AcDbEntity
  8
TITLE
100
AcDbText
 10
588.75
 20
-878.25
 30
0.0
 40
0.675
  1
BUKAN DOKUMEN KONSTRUKSI · Tidak georeferensi · Dimensi angka mengendalikan, jangan ukur layar
 11
588.75
 21
-878.25
 31
0.0
100
AcDbText
  0
TEXT
  5
94E00
330
1F
100
AcDbEntity
  8
TITLE
100
AcDbText
 10
751.25
 20
-878.25
 30
0.0
 40
0.625
  1
DWG sumber tetap tidak diedit
 11
751.25
 21
-878.25
 31
0.0
100
AcDbText
  0
LWPOLYLINE
  5
94F00
330
1F
100
AcDbEntity
  8
WALL
  6
CONTINUOUS
100
AcDbPolyline
 90
4
 70
1
 10
607.5
 20
-777.25
 10
691.5
 20
-777.25
 10
691.5
 20
-767.7692378864668
 10
607.5
 20
-767.7692378864668
1001
JETIS
1000
R02 LOD100
1000
SOURCE
1000

  0
LWPOLYLINE
  5
95100
330
1F
100
AcDbEntity
  8
ROOF
  6
CONTINUOUS
100
AcDbPolyline
 90
4
 70
1
 10
607.5
 20
-767.7692378864668
 10
691.5
 20
-767.7692378864668
 10
691.5
 20
-763.75
 10
607.5
 20
-763.75
1001
JETIS
1000
R02 LOD100
1000
SOURCE
1000

  0
LINE
  5
95300
330
1F
100
AcDbEntity
  8
GRID
  6
CONTINUOUS
100
AcDbLine
 10
607.5
 20
-777.25
 30
0.0
 11
607.5
 21
-767.7692378864668
 31
0.0
1001
JETIS
1000
R02 LOD100
1000
SOURCE
1000

  0
LINE
  5
95400
330
1F
100
AcDbEntity
  8
GRID
  6
CONTINUOUS
100
AcDbLine
 10
613.5
 20
-777.25
 30
0.0
 11
613.5
 21
-767.7692378864668
 31
0.0
1001
JETIS
1000
R02 LOD100
1000
SOURCE
1000

  0
LINE
  5
95500
330
1F
100
AcDbEntity
  8
GRID
  6
CONTINUOUS
100
AcDbLine
 10
619.5
 20
-777.25
 30
0.0
 11
619.5
 21
-767.7692378864668
 31
0.0
1001
JETIS
1000
R02 LOD100
1000
SOURCE
1000

  0
LINE
  5
95600
330
1F
100
AcDbEntity
  8
GRID
  6
CONTINUOUS
100
AcDbLine
 10
625.5
 20
-777.25
 30
0.0
 11
625.5
 21
-767.7692378864668
 31
0.0
1001
JETIS
1000
R02 LOD100
1000
SOURCE
1000

  0
LINE
  5
95700
330
1F
100
AcDbEntity
  8
GRID
  6
CONTINUOUS
100
AcDbLine
 10
631.5
 20
-777.25
 30
0.0
 11
631.5
 21
-767.7692378864668
 31
0.0
1001
JETIS
1000
R02 LOD100
1000
SOURCE
1000

  0
LINE
  5
95800
330
1F
100
AcDbEntity
  8
GRID
  6
CONTINUOUS
100
AcDbLine
 10
637.5
 20
-777.25
 30
0.0
 11
637.5
 21
-767.7692378864668
 31
0.0
1001
JETIS
1000
R02 LOD100
1000
SOURCE
1000

  0
LINE
  5
95900
330
1F
100
AcDbEntity
  8
GRID
  6
CONTINUOUS
100
AcDbLine
 10
643.5
 20
-777.25
 30
0.0
 11
643.5
 21
-767.7692378864668
 31
0.0
1001
JETIS
1000
R02 LOD100
1000
SOURCE
1000

  0
LINE
  5
95A00
330
1F
100
AcDbEntity
  8
GRID
  6
CONTINUOUS
100
AcDbLine
 10
649.5
 20
-777.25
 30
0.0
 11
649.5
 21
-767.7692378864668
 31
0.0
1001
JETIS
1000
R02 LOD100
1000
SOURCE
1000

  0
LINE
  5
95B00
330
1F
100
AcDbEntity
  8
GRID
  6
CONTINUOUS
100
AcDbLine
 10
655.5
 20
-777.25
 30
0.0
 11
655.5
 21
-767.7692378864668
 31
0.0
1001
JETIS
1000
R02 LOD100
1000
SOURCE
1000

  0
LINE
  5
95C00
330
1F
100
AcDbEntity
  8
GRID
  6
CONTINUOUS
100
AcDbLine
 10
661.5
 20
-777.25
 30
0.0
 11
661.5
 21
-767.7692378864668
 31
0.0
1001
JETIS
1000
R02 LOD100
1000
SOURCE
1000

  0
LINE
  5
95D00
330
1F
100
AcDbEntity
  8
GRID
  6
CONTINUOUS
100
AcDbLine
 10
667.5
 20
-777.25
 30
0.0
 11
667.5
 21
-767.7692378864668
 31
0.0
1001
JETIS
1000
R02 LOD100
1000
SOURCE
1000

  0
LINE
  5
95E00
330
1F
100
AcDbEntity
  8
GRID
  6
CONTINUOUS
100
AcDbLine
 10
673.5
 20
-777.25
 30
0.0
 11
673.5
 21
-767.7692378864668
 31
0.0
1001
JETIS
1000
R02 LOD100
1000
SOURCE
1000

  0
LINE
  5
95F00
330
1F
100
AcDbEntity
  8
GRID
  6
CONTINUOUS
100
AcDbLine
 10
679.5
 20
-777.25
 30
0.0
 11
679.5
 21
-767.7692378864668
 31
0.0
1001
JETIS
1000
R02 LOD100
1000
SOURCE
1000

  0
LINE
  5
96000
330
1F
100
AcDbEntity
  8
GRID
  6
CONTINUOUS
100
AcDbLine
 10
685.5
 20
-777.25
 30
0.0
 11
685.5
 21
-767.7692378864668
 31
0.0
1001
JETIS
1000
R02 LOD100
1000
SOURCE
1000

  0
LINE
  5
96100
330
1F
100
AcDbEntity
  8
GRID
  6
CONTINUOUS
100
AcDbLine
 10
691.5
 20
-777.25
 30
0.0
 11
691.5
 21
-767.7692378864668
 31
0.0
1001
JETIS
1000
R02 LOD100
1000
SOURCE
1000

  0
LWPOLYLINE
  5
96200
330
1F
100
AcDbEntity
  8
OPENING
  6
CONTINUOUS
100
AcDbPolyline
 90
4
 70
1
 10
609.0
 20
-776.05
 10
612.0
 20
-776.05
 10
612.0
 20
-773.05
 10
609.0
 20
-773.05
1001
JETIS
1000
R02 LOD100
1000
SOURCE
1000
265F3
  0
LINE
  5
96400
330
1F
100
AcDbEntity
  8
OPENING
  6
CONTINUOUS
100
AcDbLine
 10
610.5
 20
-776.05
 30
0.0
 11
610.5
 21
-773.05
 31
0.0
1001
JETIS
1000
R02 LOD100
1000
SOURCE
1000

  0
LWPOLYLINE
  5
96500
330
1F
100
AcDbEntity
  8
OPENING
  6
CONTINUOUS
100
AcDbPolyline
 90
4
 70
1
 10
621.0
 20
-776.05
 10
624.0
 20
-776.05
 10
624.0
 20
-773.05
 10
621.0
 20
-773.05
1001
JETIS
1000
R02 LOD100
1000
SOURCE
1000
26622
  0
LINE
  5
96700
330
1F
100
AcDbEntity
  8
OPENING
  6
CONTINUOUS
100
AcDbLine
 10
622.5
 20
-776.05
 30
0.0
 11
622.5
 21
-773.05
 31
0.0
1001
JETIS
1000
R02 LOD100
1000
SOURCE
1000

  0
LWPOLYLINE
  5
96800
330
1F
100
AcDbEntity
  8
OPENING
  6
CONTINUOUS
100
AcDbPolyline
 90
4
 70
1
 10
633.0
 20
-776.05
 10
636.0
 20
-776.05
 10
636.0
 20
-773.05
 10
633.0
 20
-773.05
1001
JETIS
1000
R02 LOD100
1000
SOURCE
1000
26628
  0
LINE
  5
96A00
330
1F
100
AcDbEntity
  8
OPENING
  6
CONTINUOUS
100
AcDbLine
 10
634.5
 20
-776.05
 30
0.0
 11
634.5
 21
-773.05
 31
0.0
1001
JETIS
1000
R02 LOD100
1000
SOURCE
1000

  0
LWPOLYLINE
  5
96B00
330
1F
100
AcDbEntity
  8
OPENING
  6
CONTINUOUS
100
AcDbPolyline
 90
4
 70
1
 10
645.0
 20
-776.05
 10
648.0
 20
-776.05
 10
648.0
 20
-773.05
 10
645.0
 20
-773.05
1001
JETIS
1000
R02 LOD100
1000
SOURCE
1000
2662E
  0
LINE
  5
96D00
330
1F
100
AcDbEntity
  8
OPENING
  6
CONTINUOUS
100
AcDbLine
 10
646.5
 20
-776.05
 30
0.0
 11
646.5
 21
-773.05
 31
0.0
1001
JETIS
1000
R02 LOD100
1000
SOURCE
1000

  0
LWPOLYLINE
  5
96E00
330
1F
100
AcDbEntity
  8
OPENING
  6
CONTINUOUS
100
AcDbPolyline
 90
4
 70
1
 10
657.0
 20
-776.05
 10
660.0
 20
-776.05
 10
660.0
 20
-773.05
 10
657.0
 20
-773.05
1001
JETIS
1000
R02 LOD100
1000
SOURCE
1000
26634
  0
LINE
  5
97000
330
1F
100
AcDbEntity
  8
OPENING
  6
CONTINUOUS
100
AcDbLine
 10
658.5
 20
-776.05
 30
0.0
 11
658.5
 21
-773.05
 31
0.0
1001
JETIS
1000
R02 LOD100
1000
SOURCE
1000

  0
LWPOLYLINE
  5
97100
330
1F
100
AcDbEntity
  8
OPENING
  6
CONTINUOUS
100
AcDbPolyline
 90
4
 70
1
 10
669.0
 20
-776.05
 10
672.0
 20
-776.05
 10
672.0
 20
-773.05
 10
669.0
 20
-773.05
1001
JETIS
1000
R02 LOD100
1000
SOURCE
1000
2663A
  0
LINE
  5
97300
330
1F
100
AcDbEntity
  8
OPENING
  6
CONTINUOUS
100
AcDbLine
 10
670.5
 20
-776.05
 30
0.0
 11
670.5
 21
-773.05
 31
0.0
1001
JETIS
1000
R02 LOD100
1000
SOURCE
1000

  0
LWPOLYLINE
  5
97400
330
1F
100
AcDbEntity
  8
OPENING
  6
CONTINUOUS
100
AcDbPolyline
 90
4
 70
1
 10
681.0
 20
-776.05
 10
684.0
 20
-776.05
 10
684.0
 20
-773.05
 10
681.0
 20
-773.05
1001
JETIS
1000
R02 LOD100
1000
SOURCE
1000
26640
  0
LINE
  5
97600
330
1F
100
AcDbEntity
  8
OPENING
  6
CONTINUOUS
100
AcDbLine
 10
682.5
 20
-776.05
 30
0.0
 11
682.5
 21
-773.05
 31
0.0
1001
JETIS
1000
R02 LOD100
1000
SOURCE
1000

  0
LINE
  5
97700
330
1F
100
AcDbEntity
  8
SECTION
  6
CONTINUOUS
100
AcDbLine
 10
605.5
 20
-777.25
 30
0.0
 11
693.5
 21
-777.25
 31
0.0
1001
JETIS
1000
R02 LOD100
1000
SOURCE
1000

  0
LINE
  5
97800
330
1F
100
AcDbEntity
  8
DIMENSION
  6
CONTINUOUS
100
AcDbLine
 10
607.5
 20
-777.25
 30
0.0
 11
607.5
 21
-779.55
 31
0.0
1001
JETIS
1000
R02 LOD100
1000
SOURCE
1000

  0
LINE
  5
97900
330
1F
100
AcDbEntity
  8
DIMENSION
  6
CONTINUOUS
100
AcDbLine
 10
691.5
 20
-777.25
 30
0.0
 11
691.5
 21
-779.55
 31
0.0
1001
JETIS
1000
R02 LOD100
1000
SOURCE
1000

  0
LINE
  5
97A00
330
1F
100
AcDbEntity
  8
DIMENSION
  6
CONTINUOUS
100
AcDbLine
 10
607.5
 20
-779.55
 30
0.0
 11
691.5
 21
-779.55
 31
0.0
1001
JETIS
1000
R02 LOD100
1000
SOURCE
1000

  0
LINE
  5
97B00
330
1F
100
AcDbEntity
  8
DIMENSION
  6
CONTINUOUS
100
AcDbLine
 10
607.325
 20
-779.725
 30
0.0
 11
607.675
 21
-779.375
 31
0.0
1001
JETIS
1000
R02 LOD100
1000
SOURCE
1000

  0
LINE
  5
97C00
330
1F
100
AcDbEntity
  8
DIMENSION
  6
CONTINUOUS
100
AcDbLine
 10
691.325
 20
-779.725
 30
0.0
 11
691.675
 21
-779.375
 31
0.0
1001
JETIS
1000
R02 LOD100
1000
SOURCE
1000

  0
TEXT
  5
97D00
330
1F
100
AcDbEntity
  8
DIMENSION
100
AcDbText
 10
649.5
 20
-780.1
 30
0.0
 40
0.65
  1
84.00
 72
1
 11
649.5
 21
-780.1
 31
0.0
100
AcDbText
 73
2
  0
DIMENSION
  5
97E00
330
1F
100
AcDbEntity
  8
DIMENSION
100
AcDbDimension
  2
*D24
  3
EZDXF
 10
607.5
 20
-779.55
 30
0.0
 11
649.5
 21
-779.125
 31
0.0
 70
32
 71
5
 41
1.0
 42
84.0
  1
<>
100
AcDbAlignedDimension
 13
607.5
 23
-777.25
 33
0.0
 14
691.5
 24
-777.25
 34
0.0
 50
0.0
100
AcDbRotatedDimension
1001
ACAD
1000
DSTYLE
1002
{
1070
140
1040
0.65
1070
41
1040
0.2
1070
42
1040
0.15
1070
44
1040
0.2
1070
271
1070
2
1070
77
1070
1
1070
176
1070
8
1070
177
1070
8
1070
178
1070
8
1002
}
  0
LINE
  5
98D00
330
1F
100
AcDbEntity
  8
DIMENSION
  6
CONTINUOUS
100
AcDbLine
 10
607.5
 20
-777.25
 30
0.0
 11
604.5
 21
-777.25
 31
0.0
1001
JETIS
1000
R02 LOD100
1000
SOURCE
1000

  0
TEXT
  5
98E00
330
1F
100
AcDbEntity
  8
NOTE
100
AcDbText
 10
603.5
 20
-777.25
 30
0.0
 40
0.625
  1
±0.00
 72
2
 11
603.5
 21
-777.25
 31
0.0
100
AcDbText
  0
LINE
  5
98F00
330
1F
100
AcDbEntity
  8
DIMENSION
  6
CONTINUOUS
100
AcDbLine
 10
607.5
 20
-776.05
 30
0.0
 11
604.5
 21
-776.05
 31
0.0
1001
JETIS
1000
R02 LOD100
1000
SOURCE
1000

  0
TEXT
  5
99000
330
1F
100
AcDbEntity
  8
NOTE
100
AcDbText
 10
603.5
 20
-776.05
 30
0.0
 40
0.625
  1
+1.20 ambang
 72
2
 11
603.5
 21
-776.05
 31
0.0
100
AcDbText
  0
LINE
  5
99100
330
1F
100
AcDbEntity
  8
DIMENSION
  6
CONTINUOUS
100
AcDbLine
 10
607.5
 20
-772.75
 30
0.0
 11
604.5
 21
-772.75
 31
0.0
1001
JETIS
1000
R02 LOD100
1000
SOURCE
1000

  0
TEXT
  5
99200
330
1F
100
AcDbEntity
  8
NOTE
100
AcDbText
 10
603.5
 20
-772.75
 30
0.0
 40
0.625
  1
+4.50 L2
 72
2
 11
603.5
 21
-772.75
 31
0.0
100
AcDbText
  0
LINE
  5
99300
330
1F
100
AcDbEntity
  8
DIMENSION
  6
CONTINUOUS
100
AcDbLine
 10
607.5
 20
-768.25
 30
0.0
 11
604.5
 21
-768.25
 31
0.0
1001
JETIS
1000
R02 LOD100
1000
SOURCE
1000

  0
TEXT
  5
99400
330
1F
100
AcDbEntity
  8
NOTE
100
AcDbText
 10
603.5
 20
-768.25
 30
0.0
 40
0.625
  1
+9.00 acuan
 72
2
 11
603.5
 21
-768.25
 31
0.0
100
AcDbText
  0
LINE
  5
99500
330
1F
100
AcDbEntity
  8
DIMENSION
  6
CONTINUOUS
100
AcDbLine
 10
607.5
 20
-763.75
 30
0.0
 11
604.5
 21
-763.75
 31
0.0
1001
JETIS
1000
R02 LOD100
1000
SOURCE
1000

  0
TEXT
  5
99600
330
1F
100
AcDbEntity
  8
NOTE
100
AcDbText
 10
603.5
 20
-763.75
 30
0.0
 40
0.625
  1
+13.50 nok
 72
2
 11
603.5
 21
-763.75
 31
0.0
100
AcDbText
  0
TEXT
  5
99700
330
1F
100
AcDbEntity
  8
TITLE
100
AcDbText
 10
607.5
 20
-759.5
 30
0.0
 40
0.75
  1
01 TIMUR · FASAD 84 m
 11
607.5
 21
-759.5
 31
0.0
100
AcDbText
  0
LWPOLYLINE
  5
99800
330
1F
100
AcDbEntity
  8
WALL
  6
CONTINUOUS
100
AcDbPolyline
 90
4
 70
1
 10
607.5
 20
-804.25
 10
691.5
 20
-804.25
 10
691.5
 20
-794.7692378864668
 10
607.5
 20
-796.3769330410536
1001
JETIS
1000
R02 LOD100
1000
SOURCE
1000

  0
LWPOLYLINE
  5
99A00
330
1F
100
AcDbEntity
  8
ROOF
  6
CONTINUOUS
100
AcDbPolyline
 90
4
 70
1
 10
607.5
 20
-796.3769330410536
 10
691.5
 20
-794.7692378864668
 10
691.5
 20
-790.75
 10
607.5
 20
-790.75
1001
JETIS
1000
R02 LOD100
1000
SOURCE
1000

  0
LINE
  5
99C00
330
1F
100
AcDbEntity
  8
GRID
  6
CONTINUOUS
100
AcDbLine
 10
607.5
 20
-804.25
 30
0.0
 11
607.5
 21
-796.3769330410536
 31
0.0
1001
JETIS
1000
R02 LOD100
1000
SOURCE
1000

  0
LINE
  5
99D00
330
1F
100
AcDbEntity
  8
GRID
  6
CONTINUOUS
100
AcDbLine
 10
613.5
 20
-804.25
 30
0.0
 11
613.5
 21
-796.2620976728688
 31
0.0
1001
JETIS
1000
R02 LOD100
1000
SOURCE
1000

  0
LINE
  5
99E00
330
1F
100
AcDbEntity
  8
GRID
  6
CONTINUOUS
100
AcDbLine
 10
619.5
 20
-804.25
 30
0.0
 11
619.5
 21
-796.1472623046841
 31
0.0
1001
JETIS
1000
R02 LOD100
1000
SOURCE
1000

  0
LINE
  5
99F00
330
1F
100
AcDbEntity
  8
GRID
  6
CONTINUOUS
100
AcDbLine
 10
625.5
 20
-804.25
 30
0.0
 11
625.5
 21
-796.0324269364993
 31
0.0
1001
JETIS
1000
R02 LOD100
1000
SOURCE
1000

  0
LINE
  5
9A000
330
1F
100
AcDbEntity
  8
GRID
  6
CONTINUOUS
100
AcDbLine
 10
631.5
 20
-804.25
 30
0.0
 11
631.5
 21
-795.9175915683145
 31
0.0
1001
JETIS
1000
R02 LOD100
1000
SOURCE
1000

  0
LINE
  5
9A100
330
1F
100
AcDbEntity
  8
GRID
  6
CONTINUOUS
100
AcDbLine
 10
637.5
 20
-804.25
 30
0.0
 11
637.5
 21
-795.8027562001297
 31
0.0
1001
JETIS
1000
R02 LOD100
1000
SOURCE
1000

  0
LINE
  5
9A200
330
1F
100
AcDbEntity
  8
GRID
  6
CONTINUOUS
100
AcDbLine
 10
643.5
 20
-804.25
 30
0.0
 11
643.5
 21
-795.687920831945
 31
0.0
1001
JETIS
1000
R02 LOD100
1000
SOURCE
1000

  0
LINE
  5
9A300
330
1F
100
AcDbEntity
  8
GRID
  6
CONTINUOUS
100
AcDbLine
 10
649.5
 20
-804.25
 30
0.0
 11
649.5
 21
-795.5730854637602
 31
0.0
1001
JETIS
1000
R02 LOD100
1000
SOURCE
1000

  0
LINE
  5
9A400
330
1F
100
AcDbEntity
  8
GRID
  6
CONTINUOUS
100
AcDbLine
 10
655.5
 20
-804.25
 30
0.0
 11
655.5
 21
-795.4582500955754
 31
0.0
1001
JETIS
1000
R02 LOD100
1000
SOURCE
1000

  0
LINE
  5
9A500
330
1F
100
AcDbEntity
  8
GRID
  6
CONTINUOUS
100
AcDbLine
 10
661.5
 20
-804.25
 30
0.0
 11
661.5
 21
-795.3434147273907
 31
0.0
1001
JETIS
1000
R02 LOD100
1000
SOURCE
1000

  0
LINE
  5
9A600
330
1F
100
AcDbEntity
  8
GRID
  6
CONTINUOUS
100
AcDbLine
 10
667.5
 20
-804.25
 30
0.0
 11
667.5
 21
-795.2285793592059
 31
0.0
1001
JETIS
1000
R02 LOD100
1000
SOURCE
1000

  0
LINE
  5
9A700
330
1F
100
AcDbEntity
  8
GRID
  6
CONTINUOUS
100
AcDbLine
 10
673.5
 20
-804.25
 30
0.0
 11
673.5
 21
-795.1137439910211
 31
0.0
1001
JETIS
1000
R02 LOD100
1000
SOURCE
1000

  0
LINE
  5
9A800
330
1F
100
AcDbEntity
  8
GRID
  6
CONTINUOUS
100
AcDbLine
 10
679.5
 20
-804.25
 30
0.0
 11
679.5
 21
-794.9989086228363
 31
0.0
1001
JETIS
1000
R02 LOD100
1000
SOURCE
1000

  0
LINE
  5
9A900
330
1F
100
AcDbEntity
  8
GRID
  6
CONTINUOUS
100
AcDbLine
 10
685.5
 20
-804.25
 30
0.0
 11
685.5
 21
-794.8840732546516
 31
0.0
1001
JETIS
1000
R02 LOD100
1000
SOURCE
1000

  0
LINE
  5
9AA00
330
1F
100
AcDbEntity
  8
GRID
  6
CONTINUOUS
100
AcDbLine
 10
691.5
 20
-804.25
 30
0.0
 11
691.5
 21
-794.7692378864668
 31
0.0
1001
JETIS
1000
R02 LOD100
1000
SOURCE
1000

  0
LWPOLYLINE
  5
9AB00
330
1F
100
AcDbEntity
  8
OPENING
  6
CONTINUOUS
100
AcDbPolyline
 90
4
 70
1
 10
687.0000000085292
 20
-803.05
 10
690.0000000085292
 20
-803.05
 10
690.0000000085292
 20
-800.05
 10
687.0000000085292
 20
-800.05
1001
JETIS
1000
R02 LOD100
1000
SOURCE
1000
1651A
  0
LINE
  5
9AD00
330
1F
100
AcDbEntity
  8
OPENING
  6
CONTINUOUS
100
AcDbLine
 10
688.5000000085292
 20
-803.05
 30
0.0
 11
688.5000000085292
 21
-800.05
 31
0.0
1001
JETIS
1000
R02 LOD100
1000
SOURCE
1000

  0
LWPOLYLINE
  5
9AE00
330
1F
100
AcDbEntity
  8
OPENING
  6
CONTINUOUS
100
AcDbPolyline
 90
4
 70
1
 10
675.0000000085292
 20
-803.05
 10
678.0000000085292
 20
-803.05
 10
678.0000000085292
 20
-800.05
 10
675.0000000085292
 20
-800.05
1001
JETIS
1000
R02 LOD100
1000
SOURCE
1000
1653E
  0
LINE
  5
9B000
330
1F
100
AcDbEntity
  8
OPENING
  6
CONTINUOUS
100
AcDbLine
 10
676.5000000085292
 20
-803.05
 30
0.0
 11
676.5000000085292
 21
-800.05
 31
0.0
1001
JETIS
1000
R02 LOD100
1000
SOURCE
1000

  0
LWPOLYLINE
  5
9B100
330
1F
100
AcDbEntity
  8
OPENING
  6
CONTINUOUS
100
AcDbPolyline
 90
4
 70
1
 10
663.0000000085292
 20
-803.05
 10
666.0000000085292
 20
-803.05
 10
666.0000000085292
 20
-800.05
 10
663.0000000085292
 20
-800.05
1001
JETIS
1000
R02 LOD100
1000
SOURCE
1000
16544
  0
LINE
  5
9B300
330
1F
100
AcDbEntity
  8
OPENING
  6
CONTINUOUS
100
AcDbLine
 10
664.5000000085292
 20
-803.05
 30
0.0
 11
664.5000000085292
 21
-800.05
 31
0.0
1001
JETIS
1000
R02 LOD100
1000
SOURCE
1000

  0
LWPOLYLINE
  5
9B400
330
1F
100
AcDbEntity
  8
OPENING
  6
CONTINUOUS
100
AcDbPolyline
 90
4
 70
1
 10
651.0000000085292
 20
-803.05
 10
654.0000000085292
 20
-803.05
 10
654.0000000085292
 20
-800.05
 10
651.0000000085292
 20
-800.05
1001
JETIS
1000
R02 LOD100
1000
SOURCE
1000
1654A
  0
LINE
  5
9B600
330
1F
100
AcDbEntity
  8
OPENING
  6
CONTINUOUS
100
AcDbLine
 10
652.5000000085292
 20
-803.05
 30
0.0
 11
652.5000000085292
 21
-800.05
 31
0.0
1001
JETIS
1000
R02 LOD100
1000
SOURCE
1000

  0
LWPOLYLINE
  5
9B700
330
1F
100
AcDbEntity
  8
OPENING
  6
CONTINUOUS
100
AcDbPolyline
 90
4
 70
1
 10
639.0000000085292
 20
-803.05
 10
642.0000000085292
 20
-803.05
 10
642.0000000085292
 20
-800.05
 10
639.0000000085292
 20
-800.05
1001
JETIS
1000
R02 LOD100
1000
SOURCE
1000
2165F
  0
LINE
  5
9B900
330
1F
100
AcDbEntity
  8
OPENING
  6
CONTINUOUS
100
AcDbLine
 10
640.5000000085292
 20
-803.05
 30
0.0
 11
640.5000000085292
 21
-800.05
 31
0.0
1001
JETIS
1000
R02 LOD100
1000
SOURCE
1000

  0
LWPOLYLINE
  5
9BA00
330
1F
100
AcDbEntity
  8
OPENING
  6
CONTINUOUS
100
AcDbPolyline
 90
4
 70
1
 10
627.0000000085329
 20
-803.05
 10
630.0000000085329
 20
-803.05
 10
630.0000000085329
 20
-800.05
 10
627.0000000085329
 20
-800.05
1001
JETIS
1000
R02 LOD100
1000
SOURCE
1000
21665
  0
LINE
  5
9BC00
330
1F
100
AcDbEntity
  8
OPENING
  6
CONTINUOUS
100
AcDbLine
 10
628.5000000085329
 20
-803.05
 30
0.0
 11
628.5000000085329
 21
-800.05
 31
0.0
1001
JETIS
1000
R02 LOD100
1000
SOURCE
1000

  0
LINE
  5
9BD00
330
1F
100
AcDbEntity
  8
SECTION
  6
CONTINUOUS
100
AcDbLine
 10
605.5
 20
-804.25
 30
0.0
 11
693.5
 21
-804.25
 31
0.0
1001
JETIS
1000
R02 LOD100
1000
SOURCE
1000

  0
LINE
  5
9BE00
330
1F
100
AcDbEntity
  8
DIMENSION
  6
CONTINUOUS
100
AcDbLine
 10
607.5
 20
-804.25
 30
0.0
 11
607.5
 21
-806.55
 31
0.0
1001
JETIS
1000
R02 LOD100
1000
SOURCE
1000

  0
LINE
  5
9BF00
330
1F
100
AcDbEntity
  8
DIMENSION
  6
CONTINUOUS
100
AcDbLine
 10
691.5
 20
-804.25
 30
0.0
 11
691.5
 21
-806.55
 31
0.0
1001
JETIS
1000
R02 LOD100
1000
SOURCE
1000

  0
LINE
  5
9C000
330
1F
100
AcDbEntity
  8
DIMENSION
  6
CONTINUOUS
100
AcDbLine
 10
607.5
 20
-806.55
 30
0.0
 11
691.5
 21
-806.55
 31
0.0
1001
JETIS
1000
R02 LOD100
1000
SOURCE
1000

  0
LINE
  5
9C100
330
1F
100
AcDbEntity
  8
DIMENSION
  6
CONTINUOUS
100
AcDbLine
 10
607.325
 20
-806.725
 30
0.0
 11
607.675
 21
-806.375
 31
0.0
1001
JETIS
1000
R02 LOD100
1000
SOURCE
1000

  0
LINE
  5
9C200
330
1F
100
AcDbEntity
  8
DIMENSION
  6
CONTINUOUS
100
AcDbLine
 10
691.325
 20
-806.725
 30
0.0
 11
691.675
 21
-806.375
 31
0.0
1001
JETIS
1000
R02 LOD100
1000
SOURCE
1000

  0
TEXT
  5
9C300
330
1F
100
AcDbEntity
  8
DIMENSION
100
AcDbText
 10
649.5
 20
-807.1
 30
0.0
 40
0.65
  1
84.00
 72
1
 11
649.5
 21
-807.1
 31
0.0
100
AcDbText
 73
2
  0
DIMENSION
  5
9C400
330
1F
100
AcDbEntity
  8
DIMENSION
100
AcDbDimension
  2
*D25
  3
EZDXF
 10
607.5
 20
-806.55
 30
0.0
 11
649.5
 21
-806.125
 31
0.0
 70
32
 71
5
 41
1.0
 42
84.0
  1
<>
100
AcDbAlignedDimension
 13
607.5
 23
-804.25
 33
0.0
 14
691.5
 24
-804.25
 34
0.0
 50
0.0
100
AcDbRotatedDimension
1001
ACAD
1000
DSTYLE
1002
{
1070
140
1040
0.65
1070
41
1040
0.2
1070
42
1040
0.15
1070
44
1040
0.2
1070
271
1070
2
1070
77
1070
1
1070
176
1070
8
1070
177
1070
8
1070
178
1070
8
1002
}
  0
LINE
  5
9D300
330
1F
100
AcDbEntity
  8
DIMENSION
  6
CONTINUOUS
100
AcDbLine
 10
607.5
 20
-804.25
 30
0.0
 11
604.5
 21
-804.25
 31
0.0
1001
JETIS
1000
R02 LOD100
1000
SOURCE
1000

  0
TEXT
  5
9D400
330
1F
100
AcDbEntity
  8
NOTE
100
AcDbText
 10
603.5
 20
-804.25
 30
0.0
 40
0.625
  1
±0.00
 72
2
 11
603.5
 21
-804.25
 31
0.0
100
AcDbText
  0
LINE
  5
9D500
330
1F
100
AcDbEntity
  8
DIMENSION
  6
CONTINUOUS
100
AcDbLine
 10
607.5
 20
-803.05
 30
0.0
 11
604.5
 21
-803.05
 31
0.0
1001
JETIS
1000
R02 LOD100
1000
SOURCE
1000

  0
TEXT
  5
9D600
330
1F
100
AcDbEntity
  8
NOTE
100
AcDbText
 10
603.5
 20
-803.05
 30
0.0
 40
0.625
  1
+1.20 ambang
 72
2
 11
603.5
 21
-803.05
 31
0.0
100
AcDbText
  0
LINE
  5
9D700
330
1F
100
AcDbEntity
  8
DIMENSION
  6
CONTINUOUS
100
AcDbLine
 10
607.5
 20
-799.75
 30
0.0
 11
604.5
 21
-799.75
 31
0.0
1001
JETIS
1000
R02 LOD100
1000
SOURCE
1000

  0
TEXT
  5
9D800
330
1F
100
AcDbEntity
  8
NOTE
100
AcDbText
 10
603.5
 20
-799.75
 30
0.0
 40
0.625
  1
+4.50 L2
 72
2
 11
603.5
 21
-799.75
 31
0.0
100
AcDbText
  0
LINE
  5
9D900
330
1F
100
AcDbEntity
  8
DIMENSION
  6
CONTINUOUS
100
AcDbLine
 10
607.5
 20
-795.25
 30
0.0
 11
604.5
 21
-795.25
 31
0.0
1001
JETIS
1000
R02 LOD100
1000
SOURCE
1000

  0
TEXT
  5
9DA00
330
1F
100
AcDbEntity
  8
NOTE
100
AcDbText
 10
603.5
 20
-795.25
 30
0.0
 40
0.625
  1
+9.00 acuan
 72
2
 11
603.5
 21
-795.25
 31
0.0
100
AcDbText
  0
LINE
  5
9DB00
330
1F
100
AcDbEntity
  8
DIMENSION
  6
CONTINUOUS
100
AcDbLine
 10
607.5
 20
-790.75
 30
0.0
 11
604.5
 21
-790.75
 31
0.0
1001
JETIS
1000
R02 LOD100
1000
SOURCE
1000

  0
TEXT
  5
9DC00
330
1F
100
AcDbEntity
  8
NOTE
100
AcDbText
 10
603.5
 20
-790.75
 30
0.0
 40
0.625
  1
+13.50 nok
 72
2
 11
603.5
 21
-790.75
 31
0.0
100
AcDbText
  0
TEXT
  5
9DD00
330
1F
100
AcDbEntity
  8
TITLE
100
AcDbText
 10
607.5
 20
-786.5
 30
0.0
 40
0.75
  1
02 BARAT · TEPI MERUNCING
 11
607.5
 21
-786.5
 31
0.0
100
AcDbText
  0
LWPOLYLINE
  5
9DE00
330
1F
100
AcDbEntity
  8
WALL
  6
CONTINUOUS
100
AcDbPolyline
 90
5
 70
1
 10
607.5
 20
-833.0
 10
643.5
 20
-833.0
 10
643.5
 20
-825.1269330410536
 10
622.5
 20
-819.5
 10
607.5
 20
-823.5192378864668
1001
JETIS
1000
R02 LOD100
1000
SOURCE
1000

  0
LWPOLYLINE
  5
9E000
330
1F
100
AcDbEntity
  8
ROOF
  6
CONTINUOUS
100
AcDbPolyline
 90
3
 70
0
 10
606.5
 20
-823.787187078898
 10
622.5
 20
-819.5
 10
644.5
 20
-825.3948822334847
1001
JETIS
1000
R02 LOD100
1000
SOURCE
1000

  0
LINE
  5
9E100
330
1F
100
AcDbEntity
  8
SECTION
  6
CONTINUOUS
100
AcDbLine
 10
605.5
 20
-833.0
 30
0.0
 11
645.5
 21
-833.0
 31
0.0
1001
JETIS
1000
R02 LOD100
1000
SOURCE
1000

  0
LINE
  5
9E200
330
1F
100
AcDbEntity
  8
DIMENSION
  6
CONTINUOUS
100
AcDbLine
 10
607.5
 20
-833.0
 30
0.0
 11
607.5
 21
-835.3
 31
0.0
1001
JETIS
1000
R02 LOD100
1000
SOURCE
1000

  0
LINE
  5
9E300
330
1F
100
AcDbEntity
  8
DIMENSION
  6
CONTINUOUS
100
AcDbLine
 10
643.5
 20
-833.0
 30
0.0
 11
643.5
 21
-835.3
 31
0.0
1001
JETIS
1000
R02 LOD100
1000
SOURCE
1000

  0
LINE
  5
9E400
330
1F
100
AcDbEntity
  8
DIMENSION
  6
CONTINUOUS
100
AcDbLine
 10
607.5
 20
-835.3
 30
0.0
 11
643.5
 21
-835.3
 31
0.0
1001
JETIS
1000
R02 LOD100
1000
SOURCE
1000

  0
LINE
  5
9E500
330
1F
100
AcDbEntity
  8
DIMENSION
  6
CONTINUOUS
100
AcDbLine
 10
607.325
 20
-835.475
 30
0.0
 11
607.675
 21
-835.125
 31
0.0
1001
JETIS
1000
R02 LOD100
1000
SOURCE
1000

  0
LINE
  5
9E600
330
1F
100
AcDbEntity
  8
DIMENSION
  6
CONTINUOUS
100
AcDbLine
 10
643.325
 20
-835.475
 30
0.0
 11
643.675
 21
-835.125
 31
0.0
1001
JETIS
1000
R02 LOD100
1000
SOURCE
1000

  0
TEXT
  5
9E700
330
1F
100
AcDbEntity
  8
DIMENSION
100
AcDbText
 10
625.5
 20
-835.85
 30
0.0
 40
0.65
  1
36.00
 72
1
 11
625.5
 21
-835.85
 31
0.0
100
AcDbText
 73
2
  0
DIMENSION
  5
9E800
330
1F
100
AcDbEntity
  8
DIMENSION
100
AcDbDimension
  2
*D26
  3
EZDXF
 10
607.5
 20
-835.3
 30
0.0
 11
625.5
 21
-834.875
 31
0.0
 70
32
 71
5
 41
1.0
 42
36.0
  1
<>
100
AcDbAlignedDimension
 13
607.5
 23
-833.0
 33
0.0
 14
643.5
 24
-833.0
 34
0.0
 50
0.0
100
AcDbRotatedDimension
1001
ACAD
1000
DSTYLE
1002
{
1070
140
1040
0.65
1070
41
1040
0.2
1070
42
1040
0.15
1070
44
1040
0.2
1070
271
1070
2
1070
77
1070
1
1070
176
1070
8
1070
177
1070
8
1070
178
1070
8
1002
}
  0
LINE
  5
9F700
330
1F
100
AcDbEntity
  8
DIMENSION
  6
CONTINUOUS
100
AcDbLine
 10
607.5
 20
-833.0
 30
0.0
 11
604.5
 21
-833.0
 31
0.0
1001
JETIS
1000
R02 LOD100
1000
SOURCE
1000

  0
TEXT
  5
9F800
330
1F
100
AcDbEntity
  8
NOTE
100
AcDbText
 10
603.5
 20
-833.0
 30
0.0
 40
0.625
  1
±0.00
 72
2
 11
603.5
 21
-833.0
 31
0.0
100
AcDbText
  0
LINE
  5
9F900
330
1F
100
AcDbEntity
  8
DIMENSION
  6
CONTINUOUS
100
AcDbLine
 10
607.5
 20
-831.8
 30
0.0
 11
604.5
 21
-831.8
 31
0.0
1001
JETIS
1000
R02 LOD100
1000
SOURCE
1000

  0
TEXT
  5
9FA00
330
1F
100
AcDbEntity
  8
NOTE
100
AcDbText
 10
603.5
 20
-831.8
 30
0.0
 40
0.625
  1
+1.20 ambang
 72
2
 11
603.5
 21
-831.8
 31
0.0
100
AcDbText
  0
LINE
  5
9FB00
330
1F
100
AcDbEntity
  8
DIMENSION
  6
CONTINUOUS
100
AcDbLine
 10
607.5
 20
-828.5
 30
0.0
 11
604.5
 21
-828.5
 31
0.0
1001
JETIS
1000
R02 LOD100
1000
SOURCE
1000

  0
TEXT
  5
9FC00
330
1F
100
AcDbEntity
  8
NOTE
100
AcDbText
 10
603.5
 20
-828.5
 30
0.0
 40
0.625
  1
+4.50 L2
 72
2
 11
603.5
 21
-828.5
 31
0.0
100
AcDbText
  0
LINE
  5
9FD00
330
1F
100
AcDbEntity
  8
DIMENSION
  6
CONTINUOUS
100
AcDbLine
 10
607.5
 20
-824.0
 30
0.0
 11
604.5
 21
-824.0
 31
0.0
1001
JETIS
1000
R02 LOD100
1000
SOURCE
1000

  0
TEXT
  5
9FE00
330
1F
100
AcDbEntity
  8
NOTE
100
AcDbText
 10
603.5
 20
-824.0
 30
0.0
 40
0.625
  1
+9.00 acuan
 72
2
 11
603.5
 21
-824.0
 31
0.0
100
AcDbText
  0
LINE
  5
9FF00
330
1F
100
AcDbEntity
  8
DIMENSION
  6
CONTINUOUS
100
AcDbLine
 10
607.5
 20
-819.5
 30
0.0
 11
604.5
 21
-819.5
 31
0.0
1001
JETIS
1000
R02 LOD100
1000
SOURCE
1000

  0
TEXT
  5
A0000
330
1F
100
AcDbEntity
  8
NOTE
100
AcDbText
 10
603.5
 20
-819.5
 30
0.0
 40
0.625
  1
+13.50 nok
 72
2
 11
603.5
 21
-819.5
 31
0.0
100
AcDbText
  0
TEXT
  5
A0100
330
1F
100
AcDbEntity
  8
TITLE
100
AcDbText
 10
607.5
 20
-815.25
 30
0.0
 40
0.75
  1
03 SELATAN · KEDALAMAN 36 m
 11
607.5
 21
-815.25
 31
0.0
100
AcDbText
  0
LWPOLYLINE
  5
A0200
330
1F
100
AcDbEntity
  8
WALL
  6
CONTINUOUS
100
AcDbPolyline
 90
5
 70
1
 10
665.0
 20
-833.0
 10
695.0
 20
-833.0
 10
695.0
 20
-823.5192378864668
 10
680.0
 20
-819.5
 10
665.0
 20
-823.5192378864668
1001
JETIS
1000
R02 LOD100
1000
SOURCE
1000

  0
LWPOLYLINE
  5
A0400
330
1F
100
AcDbEntity
  8
ROOF
  6
CONTINUOUS
100
AcDbPolyline
 90
3
 70
0
 10
664.0
 20
-823.787187078898
 10
680.0
 20
-819.5
 10
696.0
 20
-823.787187078898
1001
JETIS
1000
R02 LOD100
1000
SOURCE
1000

  0
LINE
  5
A0500
330
1F
100
AcDbEntity
  8
SECTION
  6
CONTINUOUS
100
AcDbLine
 10
663.0
 20
-833.0
 30
0.0
 11
697.0
 21
-833.0
 31
0.0
1001
JETIS
1000
R02 LOD100
1000
SOURCE
1000

  0
LINE
  5
A0600
330
1F
100
AcDbEntity
  8
DIMENSION
  6
CONTINUOUS
100
AcDbLine
 10
665.0
 20
-833.0
 30
0.0
 11
665.0
 21
-835.3
 31
0.0
1001
JETIS
1000
R02 LOD100
1000
SOURCE
1000

  0
LINE
  5
A0700
330
1F
100
AcDbEntity
  8
DIMENSION
  6
CONTINUOUS
100
AcDbLine
 10
695.0
 20
-833.0
 30
0.0
 11
695.0
 21
-835.3
 31
0.0
1001
JETIS
1000
R02 LOD100
1000
SOURCE
1000

  0
LINE
  5
A0800
330
1F
100
AcDbEntity
  8
DIMENSION
  6
CONTINUOUS
100
AcDbLine
 10
665.0
 20
-835.3
 30
0.0
 11
695.0
 21
-835.3
 31
0.0
1001
JETIS
1000
R02 LOD100
1000
SOURCE
1000

  0
LINE
  5
A0900
330
1F
100
AcDbEntity
  8
DIMENSION
  6
CONTINUOUS
100
AcDbLine
 10
664.825
 20
-835.475
 30
0.0
 11
665.175
 21
-835.125
 31
0.0
1001
JETIS
1000
R02 LOD100
1000
SOURCE
1000

  0
LINE
  5
A0A00
330
1F
100
AcDbEntity
  8
DIMENSION
  6
CONTINUOUS
100
AcDbLine
 10
694.825
 20
-835.475
 30
0.0
 11
695.175
 21
-835.125
 31
0.0
1001
JETIS
1000
R02 LOD100
1000
SOURCE
1000

  0
TEXT
  5
A0B00
330
1F
100
AcDbEntity
  8
DIMENSION
100
AcDbText
 10
680.0
 20
-835.85
 30
0.0
 40
0.65
  1
30.00
 72
1
 11
680.0
 21
-835.85
 31
0.0
100
AcDbText
 73
2
  0
DIMENSION
  5
A0C00
330
1F
100
AcDbEntity
  8
DIMENSION
100
AcDbDimension
  2
*D27
  3
EZDXF
 10
665.0
 20
-835.3
 30
0.0
 11
680.0
 21
-834.875
 31
0.0
 70
32
 71
5
 41
1.0
 42
30.0
  1
<>
100
AcDbAlignedDimension
 13
665.0
 23
-833.0
 33
0.0
 14
695.0
 24
-833.0
 34
0.0
 50
0.0
100
AcDbRotatedDimension
1001
ACAD
1000
DSTYLE
1002
{
1070
140
1040
0.65
1070
41
1040
0.2
1070
42
1040
0.15
1070
44
1040
0.2
1070
271
1070
2
1070
77
1070
1
1070
176
1070
8
1070
177
1070
8
1070
178
1070
8
1002
}
  0
LINE
  5
A1B00
330
1F
100
AcDbEntity
  8
DIMENSION
  6
CONTINUOUS
100
AcDbLine
 10
665.0
 20
-833.0
 30
0.0
 11
662.0
 21
-833.0
 31
0.0
1001
JETIS
1000
R02 LOD100
1000
SOURCE
1000

  0
TEXT
  5
A1C00
330
1F
100
AcDbEntity
  8
NOTE
100
AcDbText
 10
661.0
 20
-833.0
 30
0.0
 40
0.625
  1
±0.00
 72
2
 11
661.0
 21
-833.0
 31
0.0
100
AcDbText
  0
LINE
  5
A1D00
330
1F
100
AcDbEntity
  8
DIMENSION
  6
CONTINUOUS
100
AcDbLine
 10
665.0
 20
-831.8
 30
0.0
 11
662.0
 21
-831.8
 31
0.0
1001
JETIS
1000
R02 LOD100
1000
SOURCE
1000

  0
TEXT
  5
A1E00
330
1F
100
AcDbEntity
  8
NOTE
100
AcDbText
 10
661.0
 20
-831.8
 30
0.0
 40
0.625
  1
+1.20 ambang
 72
2
 11
661.0
 21
-831.8
 31
0.0
100
AcDbText
  0
LINE
  5
A1F00
330
1F
100
AcDbEntity
  8
DIMENSION
  6
CONTINUOUS
100
AcDbLine
 10
665.0
 20
-828.5
 30
0.0
 11
662.0
 21
-828.5
 31
0.0
1001
JETIS
1000
R02 LOD100
1000
SOURCE
1000

  0
TEXT
  5
A2000
330
1F
100
AcDbEntity
  8
NOTE
100
AcDbText
 10
661.0
 20
-828.5
 30
0.0
 40
0.625
  1
+4.50 L2
 72
2
 11
661.0
 21
-828.5
 31
0.0
100
AcDbText
  0
LINE
  5
A2100
330
1F
100
AcDbEntity
  8
DIMENSION
  6
CONTINUOUS
100
AcDbLine
 10
665.0
 20
-824.0
 30
0.0
 11
662.0
 21
-824.0
 31
0.0
1001
JETIS
1000
R02 LOD100
1000
SOURCE
1000

  0
TEXT
  5
A2200
330
1F
100
AcDbEntity
  8
NOTE
100
AcDbText
 10
661.0
 20
-824.0
 30
0.0
 40
0.625
  1
+9.00 acuan
 72
2
 11
661.0
 21
-824.0
 31
0.0
100
AcDbText
  0
LINE
  5
A2300
330
1F
100
AcDbEntity
  8
DIMENSION
  6
CONTINUOUS
100
AcDbLine
 10
665.0
 20
-819.5
 30
0.0
 11
662.0
 21
-819.5
 31
0.0
1001
JETIS
1000
R02 LOD100
1000
SOURCE
1000

  0
TEXT
  5
A2400
330
1F
100
AcDbEntity
  8
NOTE
100
AcDbText
 10
661.0
 20
-819.5
 30
0.0
 40
0.625
  1
+13.50 nok
 72
2
 11
661.0
 21
-819.5
 31
0.0
100
AcDbText
  0
TEXT
  5
A2500
330
1F
100
AcDbEntity
  8
TITLE
100
AcDbText
 10
665.0
 20
-815.25
 30
0.0
 40
0.75
  1
04 UTARA · KEDALAMAN 30 m
 11
665.0
 21
-815.25
 31
0.0
100
AcDbText
  0
TEXT
  5
A2600
330
1F
100
AcDbEntity
  8
TITLE
100
AcDbText
 10
602.5
 20
-849.25
 30
0.0
 40
0.775
  1
T2 bukan massa kotak: tepi jauh dan atap mempertahankan taper sumber
 11
602.5
 21
-849.25
 31
0.0
100
AcDbText
  0
TEXT
  5
A2700
330
1F
100
AcDbEntity
  8
TITLE
100
AcDbText
 10
602.5
 20
-851.5
 30
0.0
 40
0.7
  1
Kemiringan atap 15°; profil tepi jauh berubah mengikuti jarak dari nok
 11
602.5
 21
-851.5
 31
0.0
100
AcDbText
  0
LINE
  5
A2800
330
1F
100
AcDbEntity
  8
GRID
100
AcDbLine
 10
732.5
 20
-753.75
 30
0.0
 11
732.5
 21
-863.25
 31
0.0
  0
TEXT
  5
A2900
330
1F
100
AcDbEntity
  8
TITLE
100
AcDbText
 10
735.0
 20
-756.25
 30
0.0
 40
0.875
  1
FAKTA GEOMETRI
 11
735.0
 21
-756.25
 31
0.0
100
AcDbText
  0
TEXT
  5
A2A00
330
1F
100
AcDbEntity
  8
TITLE
100
AcDbText
 10
735.0
 20
-758.5
 30
0.0
 40
0.7
  1
Footprint: handle 2A2D5
 11
735.0
 21
-758.5
 31
0.0
100
AcDbText
  0
TEXT
  5
A2B00
330
1F
100
AcDbEntity
  8
TITLE
100
AcDbText
 10
735.0
 20
-760.0
 30
0.0
 40
0.7
  1
Panjang sumbu: 84,00 m
 11
735.0
 21
-760.0
 31
0.0
100
AcDbText
  0
TEXT
  5
A2C00
330
1F
100
AcDbEntity
  8
TITLE
100
AcDbText
 10
735.0
 20
-761.5
 30
0.0
 40
0.7
  1
Kedalaman sisi selatan: 36,00 m
 11
735.0
 21
-761.5
 31
0.0
100
AcDbText
  0
TEXT
  5
A2D00
330
1F
100
AcDbEntity
  8
TITLE
100
AcDbText
 10
735.0
 20
-763.0
 30
0.0
 40
0.7
  1
Kedalaman sisi utara: 30,00 m
 11
735.0
 21
-763.0
 31
0.0
100
AcDbText
  0
TEXT
  5
A2E00
330
1F
100
AcDbEntity
  8
TITLE
100
AcDbText
 10
735.0
 20
-764.5
 30
0.0
 40
0.7
  1
Atap: poligon 16817
 11
735.0
 21
-764.5
 31
0.0
100
AcDbText
  0
TEXT
  5
A2F00
330
1F
100
AcDbEntity
  8
TITLE
100
AcDbText
 10
735.0
 20
-768.5
 30
0.0
 40
0.875
  1
FAKTA TAMPAK
 11
735.0
 21
-768.5
 31
0.0
100
AcDbText
  0
TEXT
  5
A3000
330
1F
100
AcDbEntity
  8
TITLE
100
AcDbText
 10
735.0
 20
-770.75
 30
0.0
 40
0.7
  1
7 bukaan industri di fasad timur
 11
735.0
 21
-770.75
 31
0.0
100
AcDbText
  0
TEXT
  5
A3100
330
1F
100
AcDbEntity
  8
TITLE
100
AcDbText
 10
735.0
 20
-772.25
 30
0.0
 40
0.7
  1
Ukuran total daun 3 × 3 m
 11
735.0
 21
-772.25
 31
0.0
100
AcDbText
  0
TEXT
  5
A3200
330
1F
100
AcDbEntity
  8
TITLE
100
AcDbText
 10
735.0
 20
-773.75
 30
0.0
 40
0.7
  1
Nok nominal +13,50 m
 11
735.0
 21
-773.75
 31
0.0
100
AcDbText
  0
TEXT
  5
A3300
330
1F
100
AcDbEntity
  8
TITLE
100
AcDbText
 10
735.0
 20
-775.25
 30
0.0
 40
0.7
  1
Kemiringan utama 15°
 11
735.0
 21
-775.25
 31
0.0
100
AcDbText
  0
TEXT
  5
A3400
330
1F
100
AcDbEntity
  8
TITLE
100
AcDbText
 10
735.0
 20
-776.75
 30
0.0
 40
0.7
  1
Tepi jauh tidak seragam +9,00
 11
735.0
 21
-776.75
 31
0.0
100
AcDbText
  0
TEXT
  5
A3500
330
1F
100
AcDbEntity
  8
TITLE
100
AcDbText
 10
735.0
 20
-780.75
 30
0.0
 40
0.875
  1
ASUMSI / BATAS
 11
735.0
 21
-780.75
 31
0.0
100
AcDbText
  0
TEXT
  5
A3600
330
1F
100
AcDbEntity
  8
TITLE
100
AcDbText
 10
735.0
 20
-783.0
 30
0.0
 40
0.7
  1
Rangka ekstensi taper belum desain
 11
735.0
 21
-783.0
 31
0.0
100
AcDbText
  0
TEXT
  5
A3700
330
1F
100
AcDbEntity
  8
TITLE
100
AcDbText
 10
735.0
 20
-784.5
 30
0.0
 40
0.7
  1
Tebal flange/web dan sambungan visual
 11
735.0
 21
-784.5
 31
0.0
100
AcDbText
  0
TEXT
  5
A3800
330
1F
100
AcDbEntity
  8
TITLE
100
AcDbText
 10
735.0
 20
-786.0
 30
0.0
 40
0.7
  1
Kanopi longitudinal hanya studi
 11
735.0
 21
-786.0
 31
0.0
100
AcDbText
  0
TEXT
  5
A3900
330
1F
100
AcDbEntity
  8
TITLE
100
AcDbText
 10
735.0
 20
-787.5
 30
0.0
 40
0.7
  1
Tidak ada klaim kapasitas struktur
 11
735.0
 21
-787.5
 31
0.0
100
AcDbText
  0
TEXT
  5
A3A00
330
1F
100
AcDbEntity
  8
TITLE
100
AcDbText
 10
735.0
 20
-789.0
 30
0.0
 40
0.7
  1
Level akses +1,20 tetap asumsi
 11
735.0
 21
-789.0
 31
0.0
100
AcDbText
  0
TEXT
  5
A3B00
330
1F
100
AcDbEntity
  8
TITLE
100
AcDbText
 10
589.25
 20
-859.75
 30
0.0
 40
0.65
  1
Panjang 84,00 adalah proyeksi sumbu; tepi miring T2 lebih panjang daripada proyeksi tersebut
 11
589.25
 21
-859.75
 31
0.0
100
AcDbText
  0
TEXT
  5
A3C00
330
1F
100
AcDbEntity
  8
TITLE
100
AcDbText
 10
589.25
 20
-861.25
 30
0.0
 40
0.65
  1
Selubung merupakan LOD100 dari scene sumber; detail konstruksi, fondasi dan sambungan tidak diterbitkan
 11
589.25
 21
-861.25
 31
0.0
100
AcDbText
  0
TEXT
  5
A3D00
330
1F
100
AcDbEntity
  8
TITLE
100
AcDbText
 10
589.25
 20
-862.75
 30
0.0
 40
0.65
  1
Header DWG INSUNITS=4 (mm), tetapi ukuran/koordinat berskala meter; CAD baru INSUNITS=6 (m)
 11
589.25
 21
-862.75
 31
0.0
100
AcDbText
  0
LINE
  5
A4400
330
1F
100
AcDbEntity
  8
TITLE
100
AcDbLine
 10
-8.7
 20
-1231.3
 30
0.0
 11
113.85
 21
-1231.3
 31
0.0
  0
LINE
  5
A4500
330
1F
100
AcDbEntity
  8
TITLE
100
AcDbLine
 10
113.85
 20
-1231.3
 30
0.0
 11
113.85
 21
-1316.8
 31
0.0
  0
LINE
  5
A4600
330
1F
100
AcDbEntity
  8
TITLE
100
AcDbLine
 10
113.85
 20
-1316.8
 30
0.0
 11
-8.7
 21
-1316.8
 31
0.0
  0
LINE
  5
A4700
330
1F
100
AcDbEntity
  8
TITLE
100
AcDbLine
 10
-8.7
 20
-1316.8
 30
0.0
 11
-8.7
 21
-1231.3
 31
0.0
  0
LINE
  5
A4800
330
1F
100
AcDbEntity
  8
TITLE
100
AcDbLine
 10
-8.7
 20
-1239.1
 30
0.0
 11
113.85
 21
-1239.1
 31
0.0
  0
LINE
  5
A4900
330
1F
100
AcDbEntity
  8
TITLE
100
AcDbLine
 10
-8.7
 20
-1310.35
 30
0.0
 11
113.85
 21
-1310.35
 31
0.0
  0
LINE
  5
A4A00
330
1F
100
AcDbEntity
  8
TITLE
100
AcDbLine
 10
-8.7
 20
-1314.85
 30
0.0
 11
113.85
 21
-1314.85
 31
0.0
  0
TEXT
  5
A4B00
330
1F
100
AcDbEntity
  8
TITLE
100
AcDbText
 10
-6.75
 20
-1234.15
 30
0.0
 40
1.3499999999999999
  1
JETIS
 11
-6.75
 21
-1234.15
 31
0.0
100
AcDbText
  0
TEXT
  5
A4C00
330
1F
100
AcDbEntity
  8
TITLE
100
AcDbText
 10
-6.75
 20
-1235.95
 30
0.0
 40
0.54
  1
PENGOLAHAN HASIL LAUT
 11
-6.75
 21
-1235.95
 31
0.0
100
AcDbText
  0
TEXT
  5
A4D00
330
1F
100
AcDbEntity
  8
TITLE
100
AcDbText
 10
22.8
 20
-1234.3
 30
0.0
 40
0.945
  1
POTONGAN & LEVEL
 11
22.8
 21
-1234.3
 31
0.0
100
AcDbText
  0
TEXT
  5
A4E00
330
1F
100
AcDbEntity
  8
TITLE
100
AcDbText
 10
22.8
 20
-1236.1
 30
0.0
 40
0.46499999999999997
  1
Potongan A-A / C-C, hubungan lantai dua dan diagram kenaikan tangga
 11
22.8
 21
-1236.1
 31
0.0
100
AcDbText
  0
TEXT
  5
A4F00
330
1F
100
AcDbEntity
  8
TITLE
100
AcDbText
 10
99.75
 20
-1233.7
 30
0.0
 40
0.8999999999999999
  1
A107
 11
99.75
 21
-1233.7
 31
0.0
100
AcDbText
  0
TEXT
  5
A5000
330
1F
100
AcDbEntity
  8
TITLE
100
AcDbText
 10
99.75
 20
-1235.65
 30
0.0
 40
0.48
  1
R02 / LOD100
 11
99.75
 21
-1235.65
 31
0.0
100
AcDbText
  0
TEXT
  5
A5100
330
1F
100
AcDbEntity
  8
TITLE
100
AcDbText
 10
-6.75
 20
-1312.3
 30
0.0
 40
0.345
  1
SUMBER PENGENDALI
 11
-6.75
 21
-1312.3
 31
0.0
100
AcDbText
  0
TEXT
  5
A5200
330
1F
100
AcDbEntity
  8
TITLE
100
AcDbText
 10
-6.75
 20
-1313.5
 30
0.0
 40
0.405
  1
LAYOUT PLAN ALT.2 · 165A2 · 30 SEPTEMBER 2026
 11
-6.75
 21
-1313.5
 31
0.0
100
AcDbText
  0
TEXT
  5
A5300
330
1F
100
AcDbEntity
  8
TITLE
100
AcDbText
 10
41.25
 20
-1312.3
 30
0.0
 40
0.345
  1
SATUAN / SKALA CETAK
 11
41.25
 21
-1312.3
 31
0.0
100
AcDbText
  0
TEXT
  5
A5400
330
1F
100
AcDbEntity
  8
TITLE
100
AcDbText
 10
41.25
 20
-1313.5
 30
0.0
 40
0.405
  1
meter / 1:150 pada A1; perbesaran layar mengubah skala
 11
41.25
 21
-1313.5
 31
0.0
100
AcDbText
  0
TEXT
  5
A5500
330
1F
100
AcDbEntity
  8
TITLE
100
AcDbText
 10
85.5
 20
-1312.3
 30
0.0
 40
0.345
  1
STATUS
 11
85.5
 21
-1312.3
 31
0.0
100
AcDbText
  0
TEXT
  5
A5600
330
1F
100
AcDbEntity
  8
TITLE
100
AcDbText
 10
85.5
 20
-1313.5
 30
0.0
 40
0.405
  1
STUDI SUMBER + ASUMSI TERBUKA
 11
85.5
 21
-1313.5
 31
0.0
100
AcDbText
  0
TEXT
  5
A5700
330
1F
100
AcDbEntity
  8
TITLE
100
AcDbText
 10
-6.75
 20
-1316.2
 30
0.0
 40
0.405
  1
BUKAN DOKUMEN KONSTRUKSI · Tidak georeferensi · Dimensi angka mengendalikan, jangan ukur layar
 11
-6.75
 21
-1316.2
 31
0.0
100
AcDbText
  0
TEXT
  5
A5800
330
1F
100
AcDbEntity
  8
TITLE
100
AcDbText
 10
90.75
 20
-1316.2
 30
0.0
 40
0.375
  1
DWG sumber tetap tidak diedit
 11
90.75
 21
-1316.2
 31
0.0
100
AcDbText
  0
LINE
  5
A5900
330
1F
100
AcDbEntity
  8
SECTION
  6
CONTINUOUS
100
AcDbLine
 10
3.4499999999999997
 20
-1260.4
 30
0.0
 11
63.45
 21
-1260.4
 31
0.0
1001
JETIS
1000
R02 LOD100
1000
SOURCE
1000

  0
LWPOLYLINE
  5
A5A00
330
1F
100
AcDbEntity
  8
ROOF
  6
CONTINUOUS
100
AcDbPolyline
 90
3
 70
0
 10
2.4499999999999997
 20
-1251.187187078898
 10
18.45
 20
-1246.9
 10
34.45
 20
-1251.187187078898
1001
JETIS
1000
R02 LOD100
1000
SOURCE
1000

  0
LWPOLYLINE
  5
A5B00
330
1F
100
AcDbEntity
  8
STRUCTURE
  6
CONTINUOUS
100
AcDbPolyline
 90
3
 70
0
 10
2.4499999999999997
 20
-1251.503061078898
 10
18.45
 20
-1247.215874
 10
34.45
 20
-1251.503061078898
1001
JETIS
1000
R02 LOD100
1000
SOURCE
1000

  0
LWPOLYLINE
  5
A5C00
330
1F
100
AcDbEntity
  8
ROOF
  6
CONTINUOUS
100
AcDbPolyline
 90
3
 70
0
 10
32.45
 20
-1251.187187078898
 10
48.45
 20
-1246.9
 10
64.45
 20
-1251.187187078898
1001
JETIS
1000
R02 LOD100
1000
SOURCE
1000

  0
LWPOLYLINE
  5
A5D00
330
1F
100
AcDbEntity
  8
STRUCTURE
  6
CONTINUOUS
100
AcDbPolyline
 90
3
 70
0
 10
32.45
 20
-1251.503061078898
 10
48.45
 20
-1247.215874
 10
64.45
 20
-1251.503061078898
1001
JETIS
1000
R02 LOD100
1000
SOURCE
1000

  0
LWPOLYLINE
  5
A5E00
330
1F
100
AcDbEntity
  8
SECTION
  6
CONTINUOUS
100
AcDbPolyline
 90
4
 70
1
 10
3.275
 20
-1259.4
 10
3.6249999999999996
 20
-1259.4
 10
3.6249999999999996
 20
-1251.4
 10
3.275
 20
-1251.4
1001
JETIS
1000
R02 LOD100
1000
SOURCE
1000

  0
LWPOLYLINE
  5
A6000
330
1F
100
AcDbEntity
  8
SECTION
  6
CONTINUOUS
100
AcDbPolyline
 90
4
 70
1
 10
3.2499999999999996
 20
-1260.6000000000001
 10
3.65
 20
-1260.6000000000001
 10
3.65
 20
-1259.4
 10
3.2499999999999996
 20
-1259.4
1001
JETIS
1000
R02 LOD100
1000
NOMINAL / FOUNDATION VISUAL
1000
145A9
  0
LWPOLYLINE
  5
A6200
330
1F
100
AcDbEntity
  8
SECTION
  6
CONTINUOUS
100
AcDbPolyline
 90
4
 70
1
 10
33.275
 20
-1259.4
 10
33.625
 20
-1259.4
 10
33.625
 20
-1251.4
 10
33.275
 20
-1251.4
1001
JETIS
1000
R02 LOD100
1000
SOURCE
1000

  0
LWPOLYLINE
  5
A6400
330
1F
100
AcDbEntity
  8
SECTION
  6
CONTINUOUS
100
AcDbPolyline
 90
4
 70
1
 10
33.25
 20
-1260.6000000000001
 10
33.65
 20
-1260.6000000000001
 10
33.65
 20
-1259.4
 10
33.25
 20
-1259.4
1001
JETIS
1000
R02 LOD100
1000
NOMINAL / FOUNDATION VISUAL
1000
145A9
  0
LWPOLYLINE
  5
A6600
330
1F
100
AcDbEntity
  8
SECTION
  6
CONTINUOUS
100
AcDbPolyline
 90
4
 70
1
 10
63.275000000000006
 20
-1259.4
 10
63.62500000000001
 20
-1259.4
 10
63.62500000000001
 20
-1251.4
 10
63.275000000000006
 20
-1251.4
1001
JETIS
1000
R02 LOD100
1000
SOURCE
1000

  0
LWPOLYLINE
  5
A6800
330
1F
100
AcDbEntity
  8
SECTION
  6
CONTINUOUS
100
AcDbPolyline
 90
4
 70
1
 10
63.25
 20
-1260.6000000000001
 10
63.65
 20
-1260.6000000000001
 10
63.65
 20
-1259.4
 10
63.25
 20
-1259.4
1001
JETIS
1000
R02 LOD100
1000
NOMINAL / FOUNDATION VISUAL
1000
145A9
  0
LWPOLYLINE
  5
A6A00
330
1F
100
AcDbEntity
  8
UPPER_FLOOR
  6
CONTINUOUS
100
AcDbPolyline
 90
4
 70
1
 10
3.525
 20
-1256.0500000000002
 10
33.375
 20
-1256.0500000000002
 10
33.375
 20
-1255.9
 10
3.525
 20
-1255.9
1001
JETIS
1000
R02 LOD100
1000
ASSUMED 150mm SLAB
1000

  0
LINE
  5
A6C00
330
1F
100
AcDbEntity
  8
SECTION
  6
CONTINUOUS
100
AcDbLine
 10
3.4499999999999997
 20
-1255.9
 30
0.0
 11
33.45
 21
-1255.9
 31
0.0
1001
JETIS
1000
R02 LOD100
1000
SOURCE
1000

  0
TEXT
  5
A6D00
330
1F
100
AcDbEntity
  8
UPPER_FLOOR
100
AcDbText
 10
18.45
 20
-1255.1000000000001
 30
0.0
 40
0.44999999999999996
  1
L2 +4.50
 72
1
 11
18.45
 21
-1255.1000000000001
 31
0.0
100
AcDbText
 73
2
  0
TEXT
  5
A6E00
330
1F
100
AcDbEntity
  8
NOTE
100
AcDbText
 10
48.45
 20
-1258.2
 30
0.0
 40
0.41999999999999993
  1
VOLUME SATU TINGKAT
 72
1
 11
48.45
 21
-1258.2
 31
0.0
100
AcDbText
 73
2
  0
LINE
  5
A6F00
330
1F
100
AcDbEntity
  8
DIMENSION
  6
CONTINUOUS
100
AcDbLine
 10
3.4499999999999997
 20
-1260.4
 30
0.0
 11
3.4499999999999997
 21
-1263.4
 31
0.0
1001
JETIS
1000
R02 LOD100
1000
SOURCE
1000

  0
LINE
  5
A7000
330
1F
100
AcDbEntity
  8
DIMENSION
  6
CONTINUOUS
100
AcDbLine
 10
33.45
 20
-1260.4
 30
0.0
 11
33.45
 21
-1263.4
 31
0.0
1001
JETIS
1000
R02 LOD100
1000
SOURCE
1000

  0
LINE
  5
A7100
330
1F
100
AcDbEntity
  8
DIMENSION
  6
CONTINUOUS
100
AcDbLine
 10
3.4499999999999997
 20
-1263.4
 30
0.0
 11
33.45
 21
-1263.4
 31
0.0
1001
JETIS
1000
R02 LOD100
1000
SOURCE
1000

  0
LINE
  5
A7200
330
1F
100
AcDbEntity
  8
DIMENSION
  6
CONTINUOUS
100
AcDbLine
 10
3.3449999999999998
 20
-1263.505
 30
0.0
 11
3.5549999999999997
 21
-1263.295
 31
0.0
1001
JETIS
1000
R02 LOD100
1000
SOURCE
1000

  0
LINE
  5
A7300
330
1F
100
AcDbEntity
  8
DIMENSION
  6
CONTINUOUS
100
AcDbLine
 10
33.345
 20
-1263.505
 30
0.0
 11
33.555
 21
-1263.295
 31
0.0
1001
JETIS
1000
R02 LOD100
1000
SOURCE
1000

  0
TEXT
  5
A7400
330
1F
100
AcDbEntity
  8
DIMENSION
100
AcDbText
 10
18.45
 20
-1263.73
 30
0.0
 40
0.39
  1
30.00
 72
1
 11
18.45
 21
-1263.73
 31
0.0
100
AcDbText
 73
2
  0
DIMENSION
  5
A7500
330
1F
100
AcDbEntity
  8
DIMENSION
100
AcDbDimension
  2
*D28
  3
EZDXF
 10
3.4499999999999997
 20
-1263.4
 30
0.0
 11
18.450000000000003
 21
-1263.105
 31
0.0
 70
32
 71
5
 41
1.0
 42
30.000000000000004
  1
<>
100
AcDbAlignedDimension
 13
3.4499999999999997
 23
-1260.4
 33
0.0
 14
33.45
 24
-1260.4
 34
0.0
 50
0.0
100
AcDbRotatedDimension
1001
ACAD
1000
DSTYLE
1002
{
1070
140
1040
0.39
1070
41
1040
0.12
1070
42
1040
0.09
1070
44
1040
0.12
1070
271
1070
2
1070
77
1070
1
1070
176
1070
8
1070
177
1070
8
1070
178
1070
8
1002
}
  0
LINE
  5
A8400
330
1F
100
AcDbEntity
  8
DIMENSION
  6
CONTINUOUS
100
AcDbLine
 10
33.45
 20
-1260.4
 30
0.0
 11
33.45
 21
-1263.4
 31
0.0
1001
JETIS
1000
R02 LOD100
1000
SOURCE
1000

  0
LINE
  5
A8500
330
1F
100
AcDbEntity
  8
DIMENSION
  6
CONTINUOUS
100
AcDbLine
 10
63.45
 20
-1260.4
 30
0.0
 11
63.45
 21
-1263.4
 31
0.0
1001
JETIS
1000
R02 LOD100
1000
SOURCE
1000

  0
LINE
  5
A8600
330
1F
100
AcDbEntity
  8
DIMENSION
  6
CONTINUOUS
100
AcDbLine
 10
33.45
 20
-1263.4
 30
0.0
 11
63.45
 21
-1263.4
 31
0.0
1001
JETIS
1000
R02 LOD100
1000
SOURCE
1000

  0
LINE
  5
A8700
330
1F
100
AcDbEntity
  8
DIMENSION
  6
CONTINUOUS
100
AcDbLine
 10
33.345
 20
-1263.505
 30
0.0
 11
33.555
 21
-1263.295
 31
0.0
1001
JETIS
1000
R02 LOD100
1000
SOURCE
1000

  0
LINE
  5
A8800
330
1F
100
AcDbEntity
  8
DIMENSION
  6
CONTINUOUS
100
AcDbLine
 10
63.345000000000006
 20
-1263.505
 30
0.0
 11
63.555
 21
-1263.295
 31
0.0
1001
JETIS
1000
R02 LOD100
1000
SOURCE
1000

  0
TEXT
  5
A8900
330
1F
100
AcDbEntity
  8
DIMENSION
100
AcDbText
 10
48.45
 20
-1263.73
 30
0.0
 40
0.39
  1
30.00
 72
1
 11
48.45
 21
-1263.73
 31
0.0
100
AcDbText
 73
2
  0
DIMENSION
  5
A8A00
330
1F
100
AcDbEntity
  8
DIMENSION
100
AcDbDimension
  2
*D29
  3
EZDXF
 10
33.45
 20
-1263.4
 30
0.0
 11
48.45
 21
-1263.105
 31
0.0
 70
32
 71
5
 41
1.0
 42
30.0
  1
<>
100
AcDbAlignedDimension
 13
33.45
 23
-1260.4
 33
0.0
 14
63.45
 24
-1260.4
 34
0.0
 50
0.0
100
AcDbRotatedDimension
1001
ACAD
1000
DSTYLE
1002
{
1070
140
1040
0.39
1070
41
1040
0.12
1070
42
1040
0.09
1070
44
1040
0.12
1070
271
1070
2
1070
77
1070
1
1070
176
1070
8
1070
177
1070
8
1070
178
1070
8
1002
}
  0
TEXT
  5
A9900
330
1F
100
AcDbEntity
  8
ROOF
100
AcDbText
 10
18.45
 20
-1248.4
 30
0.0
 40
0.44999999999999996
  1
15°
 72
1
 11
18.45
 21
-1248.4
 31
0.0
100
AcDbText
 73
2
  0
TEXT
  5
A9A00
330
1F
100
AcDbEntity
  8
TITLE
100
AcDbText
 10
18.45
 20
-1259.2
 30
0.0
 40
0.44999999999999996
  1
LANTAI UTAMA ±0.00
 72
1
 11
18.45
 21
-1259.2
 31
0.0
100
AcDbText
 73
2
  0
LINE
  5
A9B00
330
1F
100
AcDbEntity
  8
DIMENSION
  6
CONTINUOUS
100
AcDbLine
 10
2.4499999999999997
 20
-1260.4
 30
0.0
 11
-0.5500000000000003
 21
-1260.4
 31
0.0
1001
JETIS
1000
R02 LOD100
1000
SOURCE
1000

  0
TEXT
  5
A9C00
330
1F
100
AcDbEntity
  8
NOTE
100
AcDbText
 10
-1.5500000000000003
 20
-1260.4
 30
0.0
 40
0.375
  1
±0.00
 72
2
 11
-1.5500000000000003
 21
-1260.4
 31
0.0
100
AcDbText
  0
LINE
  5
A9D00
330
1F
100
AcDbEntity
  8
DIMENSION
  6
CONTINUOUS
100
AcDbLine
 10
2.4499999999999997
 20
-1259.4
 30
0.0
 11
-0.5500000000000003
 21
-1259.4
 31
0.0
1001
JETIS
1000
R02 LOD100
1000
SOURCE
1000

  0
TEXT
  5
A9E00
330
1F
100
AcDbEntity
  8
NOTE
100
AcDbText
 10
-1.5500000000000003
 20
-1259.4
 30
0.0
 40
0.375
  1
+1.00 pedestal
 72
2
 11
-1.5500000000000003
 21
-1259.4
 31
0.0
100
AcDbText
  0
LINE
  5
A9F00
330
1F
100
AcDbEntity
  8
DIMENSION
  6
CONTINUOUS
100
AcDbLine
 10
2.4499999999999997
 20
-1255.9
 30
0.0
 11
-0.5500000000000003
 21
-1255.9
 31
0.0
1001
JETIS
1000
R02 LOD100
1000
SOURCE
1000

  0
TEXT
  5
AA000
330
1F
100
AcDbEntity
  8
NOTE
100
AcDbText
 10
-1.5500000000000003
 20
-1255.9
 30
0.0
 40
0.375
  1
+4.50
 72
2
 11
-1.5500000000000003
 21
-1255.9
 31
0.0
100
AcDbText
  0
LINE
  5
AA100
330
1F
100
AcDbEntity
  8
DIMENSION
  6
CONTINUOUS
100
AcDbLine
 10
2.4499999999999997
 20
-1251.4
 30
0.0
 11
-0.5500000000000003
 21
-1251.4
 31
0.0
1001
JETIS
1000
R02 LOD100
1000
SOURCE
1000

  0
TEXT
  5
AA200
330
1F
100
AcDbEntity
  8
NOTE
100
AcDbText
 10
-1.5500000000000003
 20
-1251.4
 30
0.0
 40
0.375
  1
+9.00 acuan
 72
2
 11
-1.5500000000000003
 21
-1251.4
 31
0.0
100
AcDbText
  0
LINE
  5
AA300
330
1F
100
AcDbEntity
  8
DIMENSION
  6
CONTINUOUS
100
AcDbLine
 10
2.4499999999999997
 20
-1246.9
 30
0.0
 11
-0.5500000000000003
 21
-1246.9
 31
0.0
1001
JETIS
1000
R02 LOD100
1000
SOURCE
1000

  0
TEXT
  5
AA400
330
1F
100
AcDbEntity
  8
NOTE
100
AcDbText
 10
-1.5500000000000003
 20
-1246.9
 30
0.0
 40
0.375
  1
+13.50
 72
2
 11
-1.5500000000000003
 21
-1246.9
 31
0.0
100
AcDbText
  0
TEXT
  5
AA500
330
1F
100
AcDbEntity
  8
TITLE
100
AcDbText
 10
3.3
 20
-1242.4
 30
0.0
 40
0.525
  1
01  A-A · MELINTANG 2 × 30 m
 11
3.3
 21
-1242.4
 31
0.0
100
AcDbText
  0
TEXT
  5
AA600
330
1F
100
AcDbEntity
  8
TITLE
100
AcDbText
 10
3.3
 20
-1243.6
 30
0.0
 40
0.41999999999999993
  1
1:150 pada A1 · garis potongan lihat A102
 11
3.3
 21
-1243.6
 31
0.0
100
AcDbText
  0
LINE
  5
AA700
330
1F
100
AcDbEntity
  8
SECTION
  6
CONTINUOUS
100
AcDbLine
 10
11000.0
 20
8700.0
 30
0.0
 11
11120.0
 21
8700.0
 31
0.0
1001
JETIS
1000
R02 LOD100
1000
SOURCE
1000

  0
LWPOLYLINE
  5
AA800
330
1F
100
AcDbEntity
  8
UPPER_FLOOR
  6
CONTINUOUS
100
AcDbPolyline
 90
4
 70
1
 10
11000.0
 20
8704.35
 10
11120.0
 20
8704.35
 10
11120.0
 20
8704.5
 10
11000.0
 20
8704.5
1001
JETIS
1000
R02 LOD100
1000
ASSUMED CONTINUOUS SLAB
1000

  0
LINE
  5
AAA00
330
1F
100
AcDbEntity
  8
ROOF
  6
CONTINUOUS
100
AcDbLine
 10
10999.0
 20
8713.5
 30
0.0
 11
11121.0
 21
8713.5
 31
0.0
1001
JETIS
1000
R02 LOD100
1000
SOURCE
1000

  0
LINE
  5
AAB00
330
1F
100
AcDbEntity
  8
STRUCTURE
  6
CONTINUOUS
100
AcDbLine
 10
11000.0
 20
8701.0
 30
0.0
 11
11000.0
 21
8709.0
 31
0.0
1001
JETIS
1000
R02 LOD100
1000
SOURCE
1000

  0
LWPOLYLINE
  5
AAC00
330
1F
100
AcDbEntity
  8
SECTION
  6
CONTINUOUS
100
AcDbPolyline
 90
4
 70
1
 10
10999.8
 20
8699.8
 10
11000.2
 20
8699.8
 10
11000.2
 20
8701.0
 10
10999.8
 20
8701.0
1001
JETIS
1000
R02 LOD100
1000
NOMINAL / FOUNDATION VISUAL
1000

  0
LINE
  5
AAE00
330
1F
100
AcDbEntity
  8
STRUCTURE
  6
CONTINUOUS
100
AcDbLine
 10
11006.0
 20
8701.0
 30
0.0
 11
11006.0
 21
8709.0
 31
0.0
1001
JETIS
1000
R02 LOD100
1000
SOURCE
1000

  0
LWPOLYLINE
  5
AAF00
330
1F
100
AcDbEntity
  8
SECTION
  6
CONTINUOUS
100
AcDbPolyline
 90
4
 70
1
 10
11005.8
 20
8699.8
 10
11006.2
 20
8699.8
 10
11006.2
 20
8701.0
 10
11005.8
 20
8701.0
1001
JETIS
1000
R02 LOD100
1000
NOMINAL / FOUNDATION VISUAL
1000

  0
LINE
  5
AB100
330
1F
100
AcDbEntity
  8
STRUCTURE
  6
CONTINUOUS
100
AcDbLine
 10
11012.0
 20
8701.0
 30
0.0
 11
11012.0
 21
8709.0
 31
0.0
1001
JETIS
1000
R02 LOD100
1000
SOURCE
1000

  0
LWPOLYLINE
  5
AB200
330
1F
100
AcDbEntity
  8
SECTION
  6
CONTINUOUS
100
AcDbPolyline
 90
4
 70
1
 10
11011.8
 20
8699.8
 10
11012.2
 20
8699.8
 10
11012.2
 20
8701.0
 10
11011.8
 20
8701.0
1001
JETIS
1000
R02 LOD100
1000
NOMINAL / FOUNDATION VISUAL
1000

  0
LINE
  5
AB400
330
1F
100
AcDbEntity
  8
STRUCTURE
  6
CONTINUOUS
100
AcDbLine
 10
11018.0
 20
8701.0
 30
0.0
 11
11018.0
 21
8709.0
 31
0.0
1001
JETIS
1000
R02 LOD100
1000
SOURCE
1000

  0
LWPOLYLINE
  5
AB500
330
1F
100
AcDbEntity
  8
SECTION
  6
CONTINUOUS
100
AcDbPolyline
 90
4
 70
1
 10
11017.8
 20
8699.8
 10
11018.2
 20
8699.8
 10
11018.2
 20
8701.0
 10
11017.8
 20
8701.0
1001
JETIS
1000
R02 LOD100
1000
NOMINAL / FOUNDATION VISUAL
1000

  0
LINE
  5
AB700
330
1F
100
AcDbEntity
  8
STRUCTURE
  6
CONTINUOUS
100
AcDbLine
 10
11024.0
 20
8701.0
 30
0.0
 11
11024.0
 21
8709.0
 31
0.0
1001
JETIS
1000
R02 LOD100
1000
SOURCE
1000

  0
LWPOLYLINE
  5
AB800
330
1F
100
AcDbEntity
  8
SECTION
  6
CONTINUOUS
100
AcDbPolyline
 90
4
 70
1
 10
11023.8
 20
8699.8
 10
11024.2
 20
8699.8
 10
11024.2
 20
8701.0
 10
11023.8
 20
8701.0
1001
JETIS
1000
R02 LOD100
1000
NOMINAL / FOUNDATION VISUAL
1000

  0
LINE
  5
ABA00
330
1F
100
AcDbEntity
  8
STRUCTURE
  6
CONTINUOUS
100
AcDbLine
 10
11030.0
 20
8701.0
 30
0.0
 11
11030.0
 21
8709.0
 31
0.0
1001
JETIS
1000
R02 LOD100
1000
SOURCE
1000

  0
LWPOLYLINE
  5
ABB00
330
1F
100
AcDbEntity
  8
SECTION
  6
CONTINUOUS
100
AcDbPolyline
 90
4
 70
1
 10
11029.8
 20
8699.8
 10
11030.2
 20
8699.8
 10
11030.2
 20
8701.0
 10
11029.8
 20
8701.0
1001
JETIS
1000
R02 LOD100
1000
NOMINAL / FOUNDATION VISUAL
1000

  0
LINE
  5
ABD00
330
1F
100
AcDbEntity
  8
STRUCTURE
  6
CONTINUOUS
100
AcDbLine
 10
11036.0
 20
8701.0
 30
0.0
 11
11036.0
 21
8709.0
 31
0.0
1001
JETIS
1000
R02 LOD100
1000
SOURCE
1000

  0
LWPOLYLINE
  5
ABE00
330
1F
100
AcDbEntity
  8
SECTION
  6
CONTINUOUS
100
AcDbPolyline
 90
4
 70
1
 10
11035.8
 20
8699.8
 10
11036.2
 20
8699.8
 10
11036.2
 20
8701.0
 10
11035.8
 20
8701.0
1001
JETIS
1000
R02 LOD100
1000
NOMINAL / FOUNDATION VISUAL
1000

  0
LINE
  5
AC000
330
1F
100
AcDbEntity
  8
STRUCTURE
  6
CONTINUOUS
100
AcDbLine
 10
11042.0
 20
8701.0
 30
0.0
 11
11042.0
 21
8709.0
 31
0.0
1001
JETIS
1000
R02 LOD100
1000
SOURCE
1000

  0
LWPOLYLINE
  5
AC100
330
1F
100
AcDbEntity
  8
SECTION
  6
CONTINUOUS
100
AcDbPolyline
 90
4
 70
1
 10
11041.8
 20
8699.8
 10
11042.2
 20
8699.8
 10
11042.2
 20
8701.0
 10
11041.8
 20
8701.0
1001
JETIS
1000
R02 LOD100
1000
NOMINAL / FOUNDATION VISUAL
1000

  0
LINE
  5
AC300
330
1F
100
AcDbEntity
  8
STRUCTURE
  6
CONTINUOUS
100
AcDbLine
 10
11048.0
 20
8701.0
 30
0.0
 11
11048.0
 21
8709.0
 31
0.0
1001
JETIS
1000
R02 LOD100
1000
SOURCE
1000

  0
LWPOLYLINE
  5
AC400
330
1F
100
AcDbEntity
  8
SECTION
  6
CONTINUOUS
100
AcDbPolyline
 90
4
 70
1
 10
11047.8
 20
8699.8
 10
11048.2
 20
8699.8
 10
11048.2
 20
8701.0
 10
11047.8
 20
8701.0
1001
JETIS
1000
R02 LOD100
1000
NOMINAL / FOUNDATION VISUAL
1000

  0
LINE
  5
AC600
330
1F
100
AcDbEntity
  8
STRUCTURE
  6
CONTINUOUS
100
AcDbLine
 10
11054.0
 20
8701.0
 30
0.0
 11
11054.0
 21
8709.0
 31
0.0
1001
JETIS
1000
R02 LOD100
1000
SOURCE
1000

  0
LWPOLYLINE
  5
AC700
330
1F
100
AcDbEntity
  8
SECTION
  6
CONTINUOUS
100
AcDbPolyline
 90
4
 70
1
 10
11053.8
 20
8699.8
 10
11054.2
 20
8699.8
 10
11054.2
 20
8701.0
 10
11053.8
 20
8701.0
1001
JETIS
1000
R02 LOD100
1000
NOMINAL / FOUNDATION VISUAL
1000

  0
LINE
  5
AC900
330
1F
100
AcDbEntity
  8
STRUCTURE
  6
CONTINUOUS
100
AcDbLine
 10
11060.0
 20
8701.0
 30
0.0
 11
11060.0
 21
8709.0
 31
0.0
1001
JETIS
1000
R02 LOD100
1000
SOURCE
1000

  0
LWPOLYLINE
  5
ACA00
330
1F
100
AcDbEntity
  8
SECTION
  6
CONTINUOUS
100
AcDbPolyline
 90
4
 70
1
 10
11059.8
 20
8699.8
 10
11060.2
 20
8699.8
 10
11060.2
 20
8701.0
 10
11059.8
 20
8701.0
1001
JETIS
1000
R02 LOD100
1000
NOMINAL / FOUNDATION VISUAL
1000

  0
LINE
  5
ACC00
330
1F
100
AcDbEntity
  8
STRUCTURE
  6
CONTINUOUS
100
AcDbLine
 10
11066.0
 20
8701.0
 30
0.0
 11
11066.0
 21
8709.0
 31
0.0
1001
JETIS
1000
R02 LOD100
1000
SOURCE
1000

  0
LWPOLYLINE
  5
ACD00
330
1F
100
AcDbEntity
  8
SECTION
  6
CONTINUOUS
100
AcDbPolyline
 90
4
 70
1
 10
11065.8
 20
8699.8
 10
11066.2
 20
8699.8
 10
11066.2
 20
8701.0
 10
11065.8
 20
8701.0
1001
JETIS
1000
R02 LOD100
1000
NOMINAL / FOUNDATION VISUAL
1000

  0
LINE
  5
ACF00
330
1F
100
AcDbEntity
  8
STRUCTURE
  6
CONTINUOUS
100
AcDbLine
 10
11072.0
 20
8701.0
 30
0.0
 11
11072.0
 21
8709.0
 31
0.0
1001
JETIS
1000
R02 LOD100
1000
SOURCE
1000

  0
LWPOLYLINE
  5
AD000
330
1F
100
AcDbEntity
  8
SECTION
  6
CONTINUOUS
100
AcDbPolyline
 90
4
 70
1
 10
11071.8
 20
8699.8
 10
11072.2
 20
8699.8
 10
11072.2
 20
8701.0
 10
11071.8
 20
8701.0
1001
JETIS
1000
R02 LOD100
1000
NOMINAL / FOUNDATION VISUAL
1000

  0
LINE
  5
AD200
330
1F
100
AcDbEntity
  8
STRUCTURE
  6
CONTINUOUS
100
AcDbLine
 10
11078.0
 20
8701.0
 30
0.0
 11
11078.0
 21
8709.0
 31
0.0
1001
JETIS
1000
R02 LOD100
1000
SOURCE
1000

  0
LWPOLYLINE
  5
AD300
330
1F
100
AcDbEntity
  8
SECTION
  6
CONTINUOUS
100
AcDbPolyline
 90
4
 70
1
 10
11077.8
 20
8699.8
 10
11078.2
 20
8699.8
 10
11078.2
 20
8701.0
 10
11077.8
 20
8701.0
1001
JETIS
1000
R02 LOD100
1000
NOMINAL / FOUNDATION VISUAL
1000

  0
LINE
  5
AD500
330
1F
100
AcDbEntity
  8
STRUCTURE
  6
CONTINUOUS
100
AcDbLine
 10
11084.0
 20
8701.0
 30
0.0
 11
11084.0
 21
8709.0
 31
0.0
1001
JETIS
1000
R02 LOD100
1000
SOURCE
1000

  0
LWPOLYLINE
  5
AD600
330
1F
100
AcDbEntity
  8
SECTION
  6
CONTINUOUS
100
AcDbPolyline
 90
4
 70
1
 10
11083.8
 20
8699.8
 10
11084.2
 20
8699.8
 10
11084.2
 20
8701.0
 10
11083.8
 20
8701.0
1001
JETIS
1000
R02 LOD100
1000
NOMINAL / FOUNDATION VISUAL
1000

  0
LINE
  5
AD800
330
1F
100
AcDbEntity
  8
STRUCTURE
  6
CONTINUOUS
100
AcDbLine
 10
11090.0
 20
8701.0
 30
0.0
 11
11090.0
 21
8709.0
 31
0.0
1001
JETIS
1000
R02 LOD100
1000
SOURCE
1000

  0
LWPOLYLINE
  5
AD900
330
1F
100
AcDbEntity
  8
SECTION
  6
CONTINUOUS
100
AcDbPolyline
 90
4
 70
1
 10
11089.8
 20
8699.8
 10
11090.2
 20
8699.8
 10
11090.2
 20
8701.0
 10
11089.8
 20
8701.0
1001
JETIS
1000
R02 LOD100
1000
NOMINAL / FOUNDATION VISUAL
1000

  0
LINE
  5
ADB00
330
1F
100
AcDbEntity
  8
STRUCTURE
  6
CONTINUOUS
100
AcDbLine
 10
11096.0
 20
8701.0
 30
0.0
 11
11096.0
 21
8709.0
 31
0.0
1001
JETIS
1000
R02 LOD100
1000
SOURCE
1000

  0
LWPOLYLINE
  5
ADC00
330
1F
100
AcDbEntity
  8
SECTION
  6
CONTINUOUS
100
AcDbPolyline
 90
4
 70
1
 10
11095.8
 20
8699.8
 10
11096.2
 20
8699.8
 10
11096.2
 20
8701.0
 10
11095.8
 20
8701.0
1001
JETIS
1000
R02 LOD100
1000
NOMINAL / FOUNDATION VISUAL
1000

  0
LINE
  5
ADE00
330
1F
100
AcDbEntity
  8
STRUCTURE
  6
CONTINUOUS
100
AcDbLine
 10
11102.0
 20
8701.0
 30
0.0
 11
11102.0
 21
8709.0
 31
0.0
1001
JETIS
1000
R02 LOD100
1000
SOURCE
1000

  0
LWPOLYLINE
  5
ADF00
330
1F
100
AcDbEntity
  8
SECTION
  6
CONTINUOUS
100
AcDbPolyline
 90
4
 70
1
 10
11101.8
 20
8699.8
 10
11102.2
 20
8699.8
 10
11102.2
 20
8701.0
 10
11101.8
 20
8701.0
1001
JETIS
1000
R02 LOD100
1000
NOMINAL / FOUNDATION VISUAL
1000

  0
LINE
  5
AE100
330
1F
100
AcDbEntity
  8
STRUCTURE
  6
CONTINUOUS
100
AcDbLine
 10
11108.0
 20
8701.0
 30
0.0
 11
11108.0
 21
8709.0
 31
0.0
1001
JETIS
1000
R02 LOD100
1000
SOURCE
1000

  0
LWPOLYLINE
  5
AE200
330
1F
100
AcDbEntity
  8
SECTION
  6
CONTINUOUS
100
AcDbPolyline
 90
4
 70
1
 10
11107.8
 20
8699.8
 10
11108.2
 20
8699.8
 10
11108.2
 20
8701.0
 10
11107.8
 20
8701.0
1001
JETIS
1000
R02 LOD100
1000
NOMINAL / FOUNDATION VISUAL
1000

  0
LINE
  5
AE400
330
1F
100
AcDbEntity
  8
STRUCTURE
  6
CONTINUOUS
100
AcDbLine
 10
11114.0
 20
8701.0
 30
0.0
 11
11114.0
 21
8709.0
 31
0.0
1001
JETIS
1000
R02 LOD100
1000
SOURCE
1000

  0
LWPOLYLINE
  5
AE500
330
1F
100
AcDbEntity
  8
SECTION
  6
CONTINUOUS
100
AcDbPolyline
 90
4
 70
1
 10
11113.8
 20
8699.8
 10
11114.2
 20
8699.8
 10
11114.2
 20
8701.0
 10
11113.8
 20
8701.0
1001
JETIS
1000
R02 LOD100
1000
NOMINAL / FOUNDATION VISUAL
1000

  0
LINE
  5
AE700
330
1F
100
AcDbEntity
  8
STRUCTURE
  6
CONTINUOUS
100
AcDbLine
 10
11120.0
 20
8701.0
 30
0.0
 11
11120.0
 21
8709.0
 31
0.0
1001
JETIS
1000
R02 LOD100
1000
SOURCE
1000

  0
LWPOLYLINE
  5
AE800
330
1F
100
AcDbEntity
  8
SECTION
  6
CONTINUOUS
100
AcDbPolyline
 90
4
 70
1
 10
11119.8
 20
8699.8
 10
11120.2
 20
8699.8
 10
11120.2
 20
8701.0
 10
11119.8
 20
8701.0
1001
JETIS
1000
R02 LOD100
1000
NOMINAL / FOUNDATION VISUAL
1000

  0
TEXT
  5
AEA00
330
1F
100
AcDbEntity
  8
UPPER_FLOOR
100
AcDbText
 10
11061.0
 20
8706.0
 30
0.0
 40
0.75
  1
L2 MENERUS +4.50 · INFILL PELAT ASUMSI
 72
1
 11
11061.0
 21
8706.0
 31
0.0
100
AcDbText
 73
2
  0
TEXT
  5
AEB00
330
1F
100
AcDbEntity
  8
ROOF
100
AcDbText
 10
11060.0
 20
8714.9
 30
0.0
 40
0.75
  1
NOK +13.50
 72
1
 11
11060.0
 21
8714.9
 31
0.0
100
AcDbText
 73
2
  0
LINE
  5
AEC00
330
1F
100
AcDbEntity
  8
DIMENSION
  6
CONTINUOUS
100
AcDbLine
 10
11000.0
 20
8700.0
 30
0.0
 11
11000.0
 21
8697.0
 31
0.0
1001
JETIS
1000
R02 LOD100
1000
SOURCE
1000

  0
LINE
  5
AED00
330
1F
100
AcDbEntity
  8
DIMENSION
  6
CONTINUOUS
100
AcDbLine
 10
11120.0
 20
8700.0
 30
0.0
 11
11120.0
 21
8697.0
 31
0.0
1001
JETIS
1000
R02 LOD100
1000
SOURCE
1000

  0
LINE
  5
AEE00
330
1F
100
AcDbEntity
  8
DIMENSION
  6
CONTINUOUS
100
AcDbLine
 10
11000.0
 20
8697.0
 30
0.0
 11
11120.0
 21
8697.0
 31
0.0
1001
JETIS
1000
R02 LOD100
1000
SOURCE
1000

  0
LINE
  5
AEF00
330
1F
100
AcDbEntity
  8
DIMENSION
  6
CONTINUOUS
100
AcDbLine
 10
10999.825
 20
8696.825
 30
0.0
 11
11000.175
 21
8697.175
 31
0.0
1001
JETIS
1000
R02 LOD100
1000
SOURCE
1000

  0
LINE
  5
AF000
330
1F
100
AcDbEntity
  8
DIMENSION
  6
CONTINUOUS
100
AcDbLine
 10
11119.825
 20
8696.825
 30
0.0
 11
11120.175
 21
8697.175
 31
0.0
1001
JETIS
1000
R02 LOD100
1000
SOURCE
1000

  0
TEXT
  5
AF100
330
1F
100
AcDbEntity
  8
DIMENSION
100
AcDbText
 10
11060.0
 20
8696.45
 30
0.0
 40
0.65
  1
120.00
 72
1
 11
11060.0
 21
8696.45
 31
0.0
100
AcDbText
 73
2
  0
DIMENSION
  5
AF200
330
1F
100
AcDbEntity
  8
DIMENSION
100
AcDbDimension
  2
*D30
  3
EZDXF
 10
11000.0
 20
8697.0
 30
0.0
 11
11060.0
 21
8697.425
 31
0.0
 70
32
 71
5
 41
1.0
 42
120.0
  1
<>
100
AcDbAlignedDimension
 13
11000.0
 23
8700.0
 33
0.0
 14
11120.0
 24
8700.0
 34
0.0
 50
0.0
100
AcDbRotatedDimension
1001
ACAD
1000
DSTYLE
1002
{
1070
140
1040
0.65
1070
41
1040
0.2
1070
42
1040
0.15
1070
44
1040
0.2
1070
271
1070
2
1070
77
1070
1
1070
176
1070
8
1070
177
1070
8
1070
178
1070
8
1002
}
  0
LINE
  5
B0100
330
1F
100
AcDbEntity
  8
DIMENSION
  6
CONTINUOUS
100
AcDbLine
 10
11000.0
 20
8700.0
 30
0.0
 11
11000.0
 21
8694.0
 31
0.0
1001
JETIS
1000
R02 LOD100
1000
SOURCE
1000

  0
LINE
  5
B0200
330
1F
100
AcDbEntity
  8
DIMENSION
  6
CONTINUOUS
100
AcDbLine
 10
11006.0
 20
8700.0
 30
0.0
 11
11006.0
 21
8694.0
 31
0.0
1001
JETIS
1000
R02 LOD100
1000
SOURCE
1000

  0
LINE
  5
B0300
330
1F
100
AcDbEntity
  8
DIMENSION
  6
CONTINUOUS
100
AcDbLine
 10
11000.0
 20
8694.0
 30
0.0
 11
11006.0
 21
8694.0
 31
0.0
1001
JETIS
1000
R02 LOD100
1000
SOURCE
1000

  0
LINE
  5
B0400
330
1F
100
AcDbEntity
  8
DIMENSION
  6
CONTINUOUS
100
AcDbLine
 10
10999.825
 20
8693.825
 30
0.0
 11
11000.175
 21
8694.175
 31
0.0
1001
JETIS
1000
R02 LOD100
1000
SOURCE
1000

  0
LINE
  5
B0500
330
1F
100
AcDbEntity
  8
DIMENSION
  6
CONTINUOUS
100
AcDbLine
 10
11005.825
 20
8693.825
 30
0.0
 11
11006.175
 21
8694.175
 31
0.0
1001
JETIS
1000
R02 LOD100
1000
SOURCE
1000

  0
TEXT
  5
B0600
330
1F
100
AcDbEntity
  8
DIMENSION
100
AcDbText
 10
11003.0
 20
8693.45
 30
0.0
 40
0.65
  1
6.00 modul
 72
1
 11
11003.0
 21
8693.45
 31
0.0
100
AcDbText
 73
2
  0
DIMENSION
  5
B0700
330
1F
100
AcDbEntity
  8
DIMENSION
100
AcDbDimension
  2
*D31
  3
EZDXF
 10
11000.0
 20
8694.0
 30
0.0
 11
11003.0
 21
8694.425
 31
0.0
 70
32
 71
5
 41
1.0
 42
6.0
  1
<>
100
AcDbAlignedDimension
 13
11000.0
 23
8700.0
 33
0.0
 14
11006.0
 24
8700.0
 34
0.0
 50
0.0
100
AcDbRotatedDimension
1001
ACAD
1000
DSTYLE
1002
{
1070
140
1040
0.65
1070
41
1040
0.2
1070
42
1040
0.15
1070
44
1040
0.2
1070
271
1070
2
1070
77
1070
1
1070
176
1070
8
1070
177
1070
8
1070
178
1070
8
1002
}
  0
TEXT
  5
B1600
330
1F
100
AcDbEntity
  8
TITLE
100
AcDbText
 10
0.3
 20
-1267.45
 30
0.0
 40
0.51
  1
02  C-C · MEMANJANG BARIS 120 m
 11
0.3
 21
-1267.45
 31
0.0
100
AcDbText
  0
TEXT
  5
B1700
330
1F
100
AcDbEntity
  8
TITLE
100
AcDbText
 10
0.3
 20
-1268.65
 30
0.0
 40
0.405
  1
1:250 pada A1 · bidang pada sumbu nok; rangka disederhanakan
 11
0.3
 21
-1268.65
 31
0.0
100
AcDbText
  0
LWPOLYLINE
  5
B1800
330
1F
100
AcDbEntity
  8
STAIR
  6
CONTINUOUS
100
AcDbPolyline
 90
61
 70
0
 10
12000.0
 20
8700.0
 10
12000.0
 20
8700.15
 10
12000.3
 20
8700.15
 10
12000.3
 20
8700.3
 10
12000.6
 20
8700.3
 10
12000.6
 20
8700.45
 10
12000.9
 20
8700.45
 10
12000.9
 20
8700.6
 10
12001.2
 20
8700.6
 10
12001.2
 20
8700.75
 10
12001.5
 20
8700.75
 10
12001.5
 20
8700.9
 10
12001.8
 20
8700.9
 10
12001.8
 20
8701.05
 10
12002.1
 20
8701.05
 10
12002.1
 20
8701.2
 10
12002.4
 20
8701.2
 10
12002.4
 20
8701.35
 10
12002.7
 20
8701.35
 10
12002.7
 20
8701.5
 10
12003.0
 20
8701.5
 10
12003.0
 20
8701.65
 10
12003.3
 20
8701.65
 10
12003.3
 20
8701.8
 10
12003.6
 20
8701.8
 10
12003.6
 20
8701.95
 10
12003.9
 20
8701.95
 10
12003.9
 20
8702.1
 10
12004.2
 20
8702.1
 10
12004.2
 20
8702.25
 10
12005.1
 20
8702.25
 10
12005.1
 20
8702.4
 10
12005.4
 20
8702.4
 10
12005.4
 20
8702.55
 10
12005.7
 20
8702.55
 10
12005.7
 20
8702.7
 10
12006.0
 20
8702.7
 10
12006.0
 20
8702.85
 10
12006.3
 20
8702.85
 10
12006.3
 20
8703.0
 10
12006.6
 20
8703.0
 10
12006.6
 20
8703.15
 10
12006.9
 20
8703.15
 10
12006.9
 20
8703.3
 10
12007.2
 20
8703.3
 10
12007.2
 20
8703.45
 10
12007.5
 20
8703.45
 10
12007.5
 20
8703.6
 10
12007.8
 20
8703.6
 10
12007.8
 20
8703.75
 10
12008.1
 20
8703.75
 10
12008.1
 20
8703.9
 10
12009.0
 20
8703.9
 10
12009.0
 20
8704.05
 10
12009.3
 20
8704.05
 10
12009.3
 20
8704.2
 10
12009.6
 20
8704.2
 10
12009.6
 20
8704.35
 10
12009.9
 20
8704.35
 10
12009.9
 20
8704.5
 10
12010.2
 20
8704.5
1001
JETIS
1000
R02 LOD100
1000
SOURCE
1000

  0
LINE
  5
B1900
330
1F
100
AcDbEntity
  8
GRID
  6
CONTINUOUS
100
AcDbLine
 10
12000.0
 20
8700.0
 30
0.0
 11
12010.2
 21
8700.0
 31
0.0
1001
JETIS
1000
R02 LOD100
1000
SOURCE
1000

  0
LINE
  5
B1A00
330
1F
100
AcDbEntity
  8
UPPER_FLOOR
  6
CONTINUOUS
100
AcDbLine
 10
12010.2
 20
8704.5
 30
0.0
 11
12011.2
 21
8704.5
 31
0.0
1001
JETIS
1000
R02 LOD100
1000
SOURCE
1000

  0
LINE
  5
B1B00
330
1F
100
AcDbEntity
  8
DIMENSION
  6
CONTINUOUS
100
AcDbLine
 10
12000.0
 20
8700.0
 30
0.0
 11
12000.0
 21
8699.3
 31
0.0
1001
JETIS
1000
R02 LOD100
1000
SOURCE
1000

  0
LINE
  5
B1C00
330
1F
100
AcDbEntity
  8
DIMENSION
  6
CONTINUOUS
100
AcDbLine
 10
12010.2
 20
8700.0
 30
0.0
 11
12010.2
 21
8699.3
 31
0.0
1001
JETIS
1000
R02 LOD100
1000
SOURCE
1000

  0
LINE
  5
B1D00
330
1F
100
AcDbEntity
  8
DIMENSION
  6
CONTINUOUS
100
AcDbLine
 10
12000.0
 20
8699.3
 30
0.0
 11
12010.2
 21
8699.3
 31
0.0
1001
JETIS
1000
R02 LOD100
1000
SOURCE
1000

  0
LINE
  5
B1E00
330
1F
100
AcDbEntity
  8
DIMENSION
  6
CONTINUOUS
100
AcDbLine
 10
11999.965
 20
8699.265
 30
0.0
 11
12000.035
 21
8699.335
 31
0.0
1001
JETIS
1000
R02 LOD100
1000
SOURCE
1000

  0
LINE
  5
B1F00
330
1F
100
AcDbEntity
  8
DIMENSION
  6
CONTINUOUS
100
AcDbLine
 10
12010.165
 20
8699.265
 30
0.0
 11
12010.235
 21
8699.335
 31
0.0
1001
JETIS
1000
R02 LOD100
1000
SOURCE
1000

  0
TEXT
  5
B2000
330
1F
100
AcDbEntity
  8
DIMENSION
100
AcDbText
 10
12005.1
 20
8699.19
 30
0.0
 40
0.13
  1
10.20 · run terurai
 72
1
 11
12005.1
 21
8699.19
 31
0.0
100
AcDbText
 73
2
  0
DIMENSION
  5
B2100
330
1F
100
AcDbEntity
  8
DIMENSION
100
AcDbDimension
  2
*D32
  3
EZDXF
 10
12000.0
 20
8699.3
 30
0.0
 11
12005.1
 21
8699.465
 31
0.0
 70
32
 71
5
 41
1.0
 42
10.200000000000728
  1
<>
100
AcDbAlignedDimension
 13
12000.0
 23
8700.0
 33
0.0
 14
12010.2
 24
8700.0
 34
0.0
 50
0.0
100
AcDbRotatedDimension
1001
ACAD
1000
DSTYLE
1002
{
1070
140
1040
0.13
1070
41
1040
0.04
1070
42
1040
0.03
1070
44
1040
0.04
1070
271
1070
2
1070
77
1070
1
1070
176
1070
8
1070
177
1070
8
1070
178
1070
8
1002
}
  0
LINE
  5
B3000
330
1F
100
AcDbEntity
  8
DIMENSION
  6
CONTINUOUS
100
AcDbLine
 10
12000.0
 20
8700.0
 30
0.0
 11
11999.4
 21
8700.0
 31
0.0
1001
JETIS
1000
R02 LOD100
1000
SOURCE
1000

  0
LINE
  5
B3100
330
1F
100
AcDbEntity
  8
DIMENSION
  6
CONTINUOUS
100
AcDbLine
 10
12000.0
 20
8704.5
 30
0.0
 11
11999.4
 21
8704.5
 31
0.0
1001
JETIS
1000
R02 LOD100
1000
SOURCE
1000

  0
LINE
  5
B3200
330
1F
100
AcDbEntity
  8
DIMENSION
  6
CONTINUOUS
100
AcDbLine
 10
11999.4
 20
8700.0
 30
0.0
 11
11999.4
 21
8704.5
 31
0.0
1001
JETIS
1000
R02 LOD100
1000
SOURCE
1000

  0
LINE
  5
B3300
330
1F
100
AcDbEntity
  8
DIMENSION
  6
CONTINUOUS
100
AcDbLine
 10
11999.365
 20
8699.965
 30
0.0
 11
11999.435
 21
8700.035
 31
0.0
1001
JETIS
1000
R02 LOD100
1000
SOURCE
1000

  0
LINE
  5
B3400
330
1F
100
AcDbEntity
  8
DIMENSION
  6
CONTINUOUS
100
AcDbLine
 10
11999.365
 20
8704.465
 30
0.0
 11
11999.435
 21
8704.535
 31
0.0
1001
JETIS
1000
R02 LOD100
1000
SOURCE
1000

  0
TEXT
  5
B3500
330
1F
100
AcDbEntity
  8
DIMENSION
100
AcDbText
 10
11999.285
 20
8702.25
 30
0.0
 40
0.13
  1
4.50
 50
90.0
 72
1
 11
11999.285
 21
8702.25
 31
0.0
100
AcDbText
 73
2
  0
DIMENSION
  5
B3600
330
1F
100
AcDbEntity
  8
DIMENSION
100
AcDbDimension
  2
*D33
  3
EZDXF
 10
11999.4
 20
8700.0
 30
0.0
 11
11999.234999999999
 21
8702.25
 31
0.0
 70
32
 71
5
 41
1.0
 42
4.5
  1
<>
100
AcDbAlignedDimension
 13
12000.0
 23
8700.0
 33
0.0
 14
12000.0
 24
8704.5
 34
0.0
 50
90.0
100
AcDbRotatedDimension
1001
ACAD
1000
DSTYLE
1002
{
1070
140
1040
0.13
1070
41
1040
0.04
1070
42
1040
0.03
1070
44
1040
0.04
1070
271
1070
2
1070
77
1070
1
1070
176
1070
8
1070
177
1070
8
1070
178
1070
8
1002
}
  0
TEXT
  5
B4500
330
1F
100
AcDbEntity
  8
TITLE
100
AcDbText
 10
1.65
 20
-1284.4
 30
0.0
 40
0.48
  1
03  TANGGA · DIAGRAM JALUR TERURAI
 11
1.65
 21
-1284.4
 31
0.0
100
AcDbText
  0
TEXT
  5
B4600
330
1F
100
AcDbEntity
  8
TITLE
100
AcDbText
 10
1.65
 20
-1285.6
 30
0.0
 40
0.405
  1
1:50 pada A1 · belokan tidak digambar sebagai satu flight
 11
1.65
 21
-1285.6
 31
0.0
100
AcDbText
  0
TEXT
  5
B4700
330
1F
100
AcDbEntity
  8
TITLE
100
AcDbText
 10
40.949999999999996
 20
-1289.2
 30
0.0
 40
0.41999999999999993
  1
28 injakan 0,30 m + dua bordes 0,90 m
 11
40.949999999999996
 21
-1289.2
 31
0.0
100
AcDbText
  0
TEXT
  5
B4800
330
1F
100
AcDbEntity
  8
TITLE
100
AcDbText
 10
40.949999999999996
 20
-1290.4
 30
0.0
 40
0.41999999999999993
  1
30 kenaikan 0,15 m: asumsi mencapai +4,50
 11
40.949999999999996
 21
-1290.4
 31
0.0
100
AcDbText
  0
TEXT
  5
B4900
330
1F
100
AcDbEntity
  8
TITLE
100
AcDbText
 10
40.949999999999996
 20
-1291.6
 30
0.0
 40
0.41999999999999993
  1
Geometri denah/belokan lihat A103
 11
40.949999999999996
 21
-1291.6
 31
0.0
100
AcDbText
  0
TEXT
  5
B4A00
330
1F
100
AcDbEntity
  8
TITLE
100
AcDbText
 10
40.949999999999996
 20
-1292.8
 30
0.0
 40
0.41999999999999993
  1
Lebar tangga 0,90 m mengikuti sumber
 11
40.949999999999996
 21
-1292.8
 31
0.0
100
AcDbText
  0
TEXT
  5
B4B00
330
1F
100
AcDbEntity
  8
TITLE
100
AcDbText
 10
40.949999999999996
 20
-1294.0
 30
0.0
 40
0.41999999999999993
  1
Sambungan dan struktur tangga belum desain
 11
40.949999999999996
 21
-1294.0
 31
0.0
100
AcDbText
  0
LINE
  5
B4C00
330
1F
100
AcDbEntity
  8
GRID
100
AcDbLine
 10
79.5
 20
-1241.5
 30
0.0
 11
79.5
 21
-1307.2
 31
0.0
  0
TEXT
  5
B4D00
330
1F
100
AcDbEntity
  8
TITLE
100
AcDbText
 10
81.0
 20
-1243.0
 30
0.0
 40
0.525
  1
LEVEL SUMBER
 11
81.0
 21
-1243.0
 31
0.0
100
AcDbText
  0
TEXT
  5
B4E00
330
1F
100
AcDbEntity
  8
TITLE
100
AcDbText
 10
81.0
 20
-1244.35
 30
0.0
 40
0.41999999999999993
  1
Lantai utama: ±0,00
 11
81.0
 21
-1244.35
 31
0.0
100
AcDbText
  0
TEXT
  5
B4F00
330
1F
100
AcDbEntity
  8
TITLE
100
AcDbText
 10
81.0
 20
-1245.25
 30
0.0
 40
0.41999999999999993
  1
Lantai dua: +4,50
 11
81.0
 21
-1245.25
 31
0.0
100
AcDbText
  0
TEXT
  5
B5000
330
1F
100
AcDbEntity
  8
TITLE
100
AcDbText
 10
81.0
 20
-1246.15
 30
0.0
 40
0.41999999999999993
  1
Kepala pedestal: +1,00
 11
81.0
 21
-1246.15
 31
0.0
100
AcDbText
  0
TEXT
  5
B5100
330
1F
100
AcDbEntity
  8
TITLE
100
AcDbText
 10
81.0
 20
-1247.05
 30
0.0
 40
0.41999999999999993
  1
Acuan tumpuan: +9,00
 11
81.0
 21
-1247.05
 31
0.0
100
AcDbText
  0
TEXT
  5
B5200
330
1F
100
AcDbEntity
  8
TITLE
100
AcDbText
 10
81.0
 20
-1247.95
 30
0.0
 40
0.41999999999999993
  1
Nok nominal: +13,50
 11
81.0
 21
-1247.95
 31
0.0
100
AcDbText
  0
TEXT
  5
B5300
330
1F
100
AcDbEntity
  8
TITLE
100
AcDbText
 10
81.0
 20
-1250.35
 30
0.0
 40
0.525
  1
SUMBER PROFIL
 11
81.0
 21
-1250.35
 31
0.0
100
AcDbText
  0
TEXT
  5
B5400
330
1F
100
AcDbEntity
  8
TITLE
100
AcDbText
 10
81.0
 20
-1251.7
 30
0.0
 40
0.41999999999999993
  1
Lereng atap: 15°
 11
81.0
 21
-1251.7
 31
0.0
100
AcDbText
  0
TEXT
  5
B5500
330
1F
100
AcDbEntity
  8
TITLE
100
AcDbText
 10
81.0
 20
-1252.6
 30
0.0
 40
0.41999999999999993
  1
WF350 / WF300 / WF150 nominal
 11
81.0
 21
-1252.6
 31
0.0
100
AcDbText
  0
TEXT
  5
B5600
330
1F
100
AcDbEntity
  8
TITLE
100
AcDbText
 10
81.0
 20
-1253.5
 30
0.0
 40
0.41999999999999993
  1
WF300 0,30 m adalah profil rangka
 11
81.0
 21
-1253.5
 31
0.0
100
AcDbText
  0
TEXT
  5
B5700
330
1F
100
AcDbEntity
  8
TITLE
100
AcDbText
 10
81.0
 20
-1254.4
 30
0.0
 40
0.41999999999999993
  1
CNP125 × 50 × 2 tiap 1,20 lereng
 11
81.0
 21
-1254.4
 31
0.0
100
AcDbText
  0
TEXT
  5
B5800
330
1F
100
AcDbEntity
  8
TITLE
100
AcDbText
 10
81.0
 20
-1255.3
 30
0.0
 40
0.41999999999999993
  1
Penutup galvalume 0,40 mm
 11
81.0
 21
-1255.3
 31
0.0
100
AcDbText
  0
TEXT
  5
B5900
330
1F
100
AcDbEntity
  8
TITLE
100
AcDbText
 10
81.0
 20
-1257.7
 30
0.0
 40
0.525
  1
ASUMSI TERBUKA
 11
81.0
 21
-1257.7
 31
0.0
100
AcDbText
  0
TEXT
  5
B5A00
330
1F
100
AcDbEntity
  8
TITLE
100
AcDbText
 10
81.0
 20
-1259.05
 30
0.0
 40
0.41999999999999993
  1
Tebal pelat L2 150 mm
 11
81.0
 21
-1259.05
 31
0.0
100
AcDbText
  0
TEXT
  5
B5B00
330
1F
100
AcDbEntity
  8
TITLE
100
AcDbText
 10
81.0
 20
-1259.95
 30
0.0
 40
0.41999999999999993
  1
Dock/ambang +1,20: pilihan Bam
 11
81.0
 21
-1259.95
 31
0.0
100
AcDbText
  0
TEXT
  5
B5C00
330
1F
100
AcDbEntity
  8
TITLE
100
AcDbText
 10
81.0
 20
-1260.85
 30
0.0
 40
0.41999999999999993
  1
Rangka sambungan/fondasi: visual
 11
81.0
 21
-1260.85
 31
0.0
100
AcDbText
  0
TEXT
  5
B5D00
330
1F
100
AcDbEntity
  8
TITLE
100
AcDbText
 10
81.0
 20
-1261.75
 30
0.0
 40
0.41999999999999993
  1
Tidak ada perhitungan struktur
 11
81.0
 21
-1261.75
 31
0.0
100
AcDbText
  0
TEXT
  5
B5E00
330
1F
100
AcDbEntity
  8
TITLE
100
AcDbText
 10
81.0
 20
-1262.65
 30
0.0
 40
0.41999999999999993
  1
Bukan instruksi pelaksanaan
 11
81.0
 21
-1262.65
 31
0.0
100
AcDbText
  0
TEXT
  5
B5F00
330
1F
100
AcDbEntity
  8
TITLE
100
AcDbText
 10
-6.449999999999999
 20
-1305.1
 30
0.0
 40
0.39
  1
Potongan LOD100 menyatakan hubungan ruang dan level; ketebalan simbol tidak boleh dipakai untuk fabrikasi
 11
-6.449999999999999
 21
-1305.1
 31
0.0
100
AcDbText
  0
TEXT
  5
B6000
330
1F
100
AcDbEntity
  8
TITLE
100
AcDbText
 10
-6.449999999999999
 20
-1306.0
 30
0.0
 40
0.39
  1
Diagram tangga terurai mempertahankan 30 level dari scene R02; rencana belokan dan void tetap di A103
 11
-6.449999999999999
 21
-1306.0
 31
0.0
100
AcDbText
  0
TEXT
  5
B6100
330
1F
100
AcDbEntity
  8
TITLE
100
AcDbText
 10
-6.449999999999999
 20
-1306.9
 30
0.0
 40
0.39
  1
Header DWG INSUNITS=4 (mm), tetapi ukuran/koordinat berskala meter; CAD baru INSUNITS=6 (m)
 11
-6.449999999999999
 21
-1306.9
 31
0.0
100
AcDbText
  0
VIEWPORT
  5
24600
330
24200
100
AcDbEntity
 67
1
  8
VIEWPORTS
100
AcDbViewport
 10
420.5
 20
297.0
 30
0.0
 40
925.1
 41
653.4000000000001
 68
1
 69
1
 12
420.5
 22
297.0
 13
0.0
 23
0.0
 14
10.0
 24
10.0
 15
10.0
 25
10.0
 16
0.0
 26
0.0
 36
1.0
 17
0.0
 27
0.0
 37
0.0
 42
50.0
 43
0.0
 44
0.0
 45
653.4000000000001
 50
0.0
 51
0.0
 72
100
 90
557088
  1

281
0
 71
0
 74
0
110
0.0
120
0.0
130
0.0
111
1.0
121
0.0
131
0.0
112
0.0
122
1.0
132
0.0
 79
0
146
0.0
1001
JETIS_VPORT
1000
R02 viewport authoring metadata
1070
1
1070
1
  0
VIEWPORT
  5
24700
330
24200
100
AcDbEntity
 67
1
  8
0
100
AcDbViewport
 10
420.5
 20
297.0
 30
0.0
 40
841.0
 41
594.0
 68
2
 69
3
 12
164.25
 22
75.0
 13
0.0
 23
0.0
 14
10.0
 24
10.0
 15
10.0
 25
10.0
 16
0.0
 26
0.0
 36
1.0
 17
0.0
 27
0.0
 37
0.0
 42
50.0
 43
0.0
 44
0.0
 45
297.0
 50
0.0
 51
0.0
 72
100
 90
0
  1

281
0
 71
0
 74
0
110
0.0
120
0.0
130
0.0
111
1.0
121
0.0
131
0.0
112
0.0
122
1.0
132
0.0
 79
0
146
0.0
1001
JETIS_VPORT
1000
R02 viewport authoring metadata
1070
3
1070
2
  0
ENDSEC
  0
SECTION
  2
OBJECTS
  0
DICTIONARY
  5
10A00
330
0
100
AcDbDictionary
281
1
  3
ACAD_COLOR
350
10B00
  3
ACAD_GROUP
350
10C00
  3
ACAD_LAYOUT
350
10D00
  3
ACAD_MATERIAL
350
10E00
  3
ACAD_MLEADERSTYLE
350
10F00
  3
ACAD_MLINESTYLE
350
11000
  3
ACAD_PLOTSETTINGS
350
11100
  3
ACAD_PLOTSTYLENAME
350
11200
  3
ACAD_SCALELIST
350
11400
  3
ACAD_TABLESTYLE
350
11500
  3
ACAD_VISUALSTYLE
350
11600
  3
EZDXF_META
350
12D00
  0
DICTIONARY
  5
10B00
330
10A00
100
AcDbDictionary
281
1
  0
DICTIONARY
  5
10C00
330
10A00
100
AcDbDictionary
281
1
  0
DICTIONARY
  5
10D00
330
10A00
100
AcDbDictionary
281
1
  3
Model
350
11A00
  3
A101
350
24500
  3
A102
350
5A300
  3
A103
350
69F00
  3
A104
350
7A900
  3
A105
350
93700
  3
A106
350
A4100
  3
A107
350
B6500
  0
DICTIONARY
  5
10E00
330
10A00
100
AcDbDictionary
281
1
  0
DICTIONARY
  5
10F00
330
10A00
100
AcDbDictionary
281
1
  0
DICTIONARY
  5
11000
330
10A00
100
AcDbDictionary
281
1
  3
Standard
350
12200
  0
DICTIONARY
  5
11100
330
10A00
100
AcDbDictionary
281
1
  0
ACDBDICTIONARYWDFLT
  5
11200
330
10A00
100
AcDbDictionary
281
1
  3
Normal
350
11300
100
AcDbDictionaryWithDefault
340
11300
  0
ACDBPLACEHOLDER
  5
11300
330
11200
  0
DICTIONARY
  5
11400
330
10A00
100
AcDbDictionary
281
1
  0
DICTIONARY
  5
11500
330
10A00
100
AcDbDictionary
281
1
  0
DICTIONARY
  5
11600
330
10A00
100
AcDbDictionary
281
1
  3
2dWireframe
350
15A00
  3
Basic
350
15B00
  3
Brighten
350
15C00
  3
ColorChange
350
15D00
  3
Conceptual
350
15E00
  3
Dim
350
15F00
  3
EdgeColorOff
350
16000
  3
Facepattern
350
16100
  3
Flat
350
16200
  3
FlatWithEdges
350
16300
  3
Gouraud
350
16400
  3
GouraudWithEdges
350
16500
  3
Hidden
350
16600
  3
JitterOff
350
16700
  3
Linepattern
350
16800
  3
Modeling
350
16900
  3
OverhangOff
350
16A00
  3
Realistic
350
16B00
  3
Shaded
350
16C00
  3
Shaded with edges
350
16D00
  3
Shades of Gray
350
16E00
  3
Sketchy
350
16F00
  3
Thicken
350
17000
  3
Wireframe
350
17100
  3
X-Ray
350
17200
  0
LAYOUT
  5
11A00
330
10D00
100
AcDbPlotSettings
  1

  4
A3
  6

 40
7.5
 41
20.0
 42
7.5
 43
20.0
 44
420.0
 45
297.0
 46
0.0
 47
0.0
 48
0.0
 49
0.0
140
0.0
141
0.0
142
1.0
143
1.0
 70
1024
 72
1
 73
0
 74
5
  7

 75
16
 76
0
 77
2
 78
300
147
1.0
148
0.0
149
0.0
100
AcDbLayout
  1
Model
 70
1
 71
0
 10
0.0
 20
0.0
 11
420.0
 21
297.0
 12
0.0
 22
0.0
 32
0.0
 14
1e+20
 24
1e+20
 34
1e+20
 15
-1e+20
 25
-1e+20
 35
-1e+20
146
0.0
 13
0.0
 23
0.0
 33
0.0
 16
1.0
 26
0.0
 36
0.0
 17
0.0
 27
1.0
 37
0.0
 76
1
330
1F
  0
MLINESTYLE
  5
12200
102
{ACAD_REACTORS
330
11000
102
}
330
11000
100
AcDbMlineStyle
  2
Standard
 70
0
  3

 62
256
 51
90.0
 52
90.0
 71
2
 49
0.5
 62
256
  6
BYLAYER
 49
-0.5
 62
256
  6
BYLAYER
  0
DICTIONARY
  5
12D00
330
10A00
100
AcDbDictionary
280
1
281
1
  3
CREATED_BY_EZDXF
350
12E00
  3
WRITTEN_BY_EZDXF
350
B6D00
  0
DICTIONARYVAR
  5
12E00
330
12D00
100
DictionaryVariables
280
0
  1
1.4.4 @ 2026-10-01T03:04:52.942405+00:00
  0
VISUALSTYLE
  5
15A00
102
{ACAD_REACTORS
330
11600
102
}
330
11600
100
AcDbVisualStyle
  2
2dWireframe
 70
4
 90
0
 40
0.6
 62
7
290
0
291
0
  0
VISUALSTYLE
  5
15B00
102
{ACAD_REACTORS
330
11600
102
}
330
11600
100
AcDbVisualStyle
  2
Basic
 70
7
 90
1
 40
0.6
 62
7
290
0
291
1
  0
VISUALSTYLE
  5
15C00
102
{ACAD_REACTORS
330
11600
102
}
330
11600
100
AcDbVisualStyle
  2
Brighten
 70
12
 90
2
 40
0.6
 62
7
290
0
291
1
  0
VISUALSTYLE
  5
15D00
102
{ACAD_REACTORS
330
11600
102
}
330
11600
100
AcDbVisualStyle
  2
ColorChange
 70
16
 90
2
 40
0.6
 62
8
290
0
291
1
  0
VISUALSTYLE
  5
15E00
102
{ACAD_REACTORS
330
11600
102
}
330
11600
100
AcDbVisualStyle
  2
Conceptual
 70
9
 90
3
 40
0.6
 62
7
290
0
291
0
  0
VISUALSTYLE
  5
15F00
102
{ACAD_REACTORS
330
11600
102
}
330
11600
100
AcDbVisualStyle
  2
Dim
 70
11
 90
2
 40
0.6
 62
7
290
0
291
1
  0
VISUALSTYLE
  5
16000
102
{ACAD_REACTORS
330
11600
102
}
330
11600
100
AcDbVisualStyle
  2
EdgeColorOff
 70
22
 90
2
 40
0.6
 62
7
290
0
291
1
  0
VISUALSTYLE
  5
16100
102
{ACAD_REACTORS
330
11600
102
}
330
11600
100
AcDbVisualStyle
  2
Facepattern
 70
15
 90
2
 40
0.6
 62
7
290
0
291
1
  0
VISUALSTYLE
  5
16200
102
{ACAD_REACTORS
330
11600
102
}
330
11600
100
AcDbVisualStyle
  2
Flat
 70
0
 90
2
 40
0.6
 62
7
290
0
291
1
  0
VISUALSTYLE
  5
16300
102
{ACAD_REACTORS
330
11600
102
}
330
11600
100
AcDbVisualStyle
  2
FlatWithEdges
 70
1
 90
2
 40
0.6
 62
7
290
0
291
1
  0
VISUALSTYLE
  5
16400
102
{ACAD_REACTORS
330
11600
102
}
330
11600
100
AcDbVisualStyle
  2
Gouraud
 70
2
 90
2
 40
0.6
 62
7
290
0
291
1
  0
VISUALSTYLE
  5
16500
102
{ACAD_REACTORS
330
11600
102
}
330
11600
100
AcDbVisualStyle
  2
GouraudWithEdges
 70
3
 90
2
 40
0.6
 62
7
290
0
291
1
  0
VISUALSTYLE
  5
16600
102
{ACAD_REACTORS
330
11600
102
}
330
11600
100
AcDbVisualStyle
  2
Hidden
 70
6
 90
1
 40
0.6
 62
7
290
0
291
0
  0
VISUALSTYLE
  5
16700
102
{ACAD_REACTORS
330
11600
102
}
330
11600
100
AcDbVisualStyle
  2
JitterOff
 70
20
 90
2
 40
0.6
 62
7
290
0
291
1
  0
VISUALSTYLE
  5
16800
102
{ACAD_REACTORS
330
11600
102
}
330
11600
100
AcDbVisualStyle
  2
Linepattern
 70
14
 90
2
 40
0.6
 62
7
290
0
291
1
  0
VISUALSTYLE
  5
16900
102
{ACAD_REACTORS
330
11600
102
}
330
11600
100
AcDbVisualStyle
  2
Modeling
 70
10
 90
2
 40
0.6
 62
7
290
0
291
0
  0
VISUALSTYLE
  5
16A00
102
{ACAD_REACTORS
330
11600
102
}
330
11600
100
AcDbVisualStyle
  2
OverhangOff
 70
21
 90
2
 40
0.6
 62
7
290
0
291
1
  0
VISUALSTYLE
  5
16B00
102
{ACAD_REACTORS
330
11600
102
}
330
11600
100
AcDbVisualStyle
  2
Realistic
 70
8
 90
2
 40
0.6
 62
7
290
0
291
0
  0
VISUALSTYLE
  5
16C00
102
{ACAD_REACTORS
330
11600
102
}
330
11600
100
AcDbVisualStyle
  2
Shaded
 70
27
 90
2
 40
0.6
 62
7
290
0
291
0
  0
VISUALSTYLE
  5
16D00
102
{ACAD_REACTORS
330
11600
102
}
330
11600
100
AcDbVisualStyle
  2
Shaded with edges
 70
26
 90
2
 40
0.6
 62
7
290
0
291
0
  0
VISUALSTYLE
  5
16E00
102
{ACAD_REACTORS
330
11600
102
}
330
11600
100
AcDbVisualStyle
  2
Shades of Gray
 70
23
 90
2
 40
0.6
 62
7
290
0
291
0
  0
VISUALSTYLE
  5
16F00
102
{ACAD_REACTORS
330
11600
102
}
330
11600
100
AcDbVisualStyle
  2
Sketchy
 70
24
 90
1
 40
0.6
 62
7
290
0
291
0
  0
VISUALSTYLE
  5
17000
102
{ACAD_REACTORS
330
11600
102
}
330
11600
100
AcDbVisualStyle
  2
Thicken
 70
13
 90
2
 40
0.6
 62
7
290
0
291
1
  0
VISUALSTYLE
  5
17100
102
{ACAD_REACTORS
330
11600
102
}
330
11600
100
AcDbVisualStyle
  2
Wireframe
 70
5
 90
0
 40
0.6
 62
7
290
0
291
0
  0
VISUALSTYLE
  5
17200
102
{ACAD_REACTORS
330
11600
102
}
330
11600
100
AcDbVisualStyle
  2
X-Ray
 70
25
 90
2
 40
0.5
 62
7
290
0
291
0
  0
LAYOUT
  5
24500
330
10D00
100
AcDbPlotSettings
  1

  2
DWG to PDF.pc3
  4
ezdxf_(841.00_x_594.00_MM)
  6

 40
0.0
 41
0.0
 42
0.0
 43
0.0
 44
841.0
 45
594.0
 46
0.0
 47
0.0
 48
0.0
 49
0.0
140
0.0
141
0.0
142
1.0
143
1.0
 70
672
 72
1
 73
0
 74
5
  7

 75
16
 76
0
 77
2
 78
300
147
1.0
148
0.0
149
0.0
100
AcDbLayout
  1
A101
 70
1
 71
3
 10
-0.0
 20
-0.0
 11
841.0
 21
594.0
 12
0.0
 22
0.0
 32
0.0
 14
1e+20
 24
1e+20
 34
1e+20
 15
-1e+20
 25
-1e+20
 35
-1e+20
146
0.0
 13
0.0
 23
0.0
 33
0.0
 16
1.0
 26
0.0
 36
0.0
 17
0.0
 27
1.0
 37
0.0
 76
1
330
24200
331
24600
  0
LAYOUT
  5
5A300
330
10D00
100
AcDbPlotSettings
  1

  2
DWG to PDF.pc3
  4
ezdxf_(841.00_x_594.00_MM)
  6

 40
0.0
 41
0.0
 42
0.0
 43
0.0
 44
841.0
 45
594.0
 46
0.0
 47
0.0
 48
0.0
 49
0.0
140
0.0
141
0.0
142
1.0
143
1.0
 70
672
 72
1
 73
0
 74
5
  7

 75
16
 76
0
 77
2
 78
300
147
1.0
148
0.0
149
0.0
100
AcDbLayout
  1
A102
 70
1
 71
4
 10
-0.0
 20
-0.0
 11
841.0
 21
594.0
 12
0.0
 22
0.0
 32
0.0
 14
1e+20
 24
1e+20
 34
1e+20
 15
-1e+20
 25
-1e+20
 35
-1e+20
146
0.0
 13
0.0
 23
0.0
 33
0.0
 16
1.0
 26
0.0
 36
0.0
 17
0.0
 27
1.0
 37
0.0
 76
1
330
5A000
331
5A400
  0
LAYOUT
  5
69F00
330
10D00
100
AcDbPlotSettings
  1

  2
DWG to PDF.pc3
  4
ezdxf_(841.00_x_594.00_MM)
  6

 40
0.0
 41
0.0
 42
0.0
 43
0.0
 44
841.0
 45
594.0
 46
0.0
 47
0.0
 48
0.0
 49
0.0
140
0.0
141
0.0
142
1.0
143
1.0
 70
672
 72
1
 73
0
 74
5
  7

 75
16
 76
0
 77
2
 78
300
147
1.0
148
0.0
149
0.0
100
AcDbLayout
  1
A103
 70
1
 71
5
 10
-0.0
 20
-0.0
 11
841.0
 21
594.0
 12
0.0
 22
0.0
 32
0.0
 14
1e+20
 24
1e+20
 34
1e+20
 15
-1e+20
 25
-1e+20
 35
-1e+20
146
0.0
 13
0.0
 23
0.0
 33
0.0
 16
1.0
 26
0.0
 36
0.0
 17
0.0
 27
1.0
 37
0.0
 76
1
330
69C00
331
6A000
  0
LAYOUT
  5
7A900
330
10D00
100
AcDbPlotSettings
  1

  2
DWG to PDF.pc3
  4
ezdxf_(841.00_x_594.00_MM)
  6

 40
0.0
 41
0.0
 42
0.0
 43
0.0
 44
841.0
 45
594.0
 46
0.0
 47
0.0
 48
0.0
 49
0.0
140
0.0
141
0.0
142
1.0
143
1.0
 70
672
 72
1
 73
0
 74
5
  7

 75
16
 76
0
 77
2
 78
300
147
1.0
148
0.0
149
0.0
100
AcDbLayout
  1
A104
 70
1
 71
6
 10
-0.0
 20
-0.0
 11
841.0
 21
594.0
 12
0.0
 22
0.0
 32
0.0
 14
1e+20
 24
1e+20
 34
1e+20
 15
-1e+20
 25
-1e+20
 35
-1e+20
146
0.0
 13
0.0
 23
0.0
 33
0.0
 16
1.0
 26
0.0
 36
0.0
 17
0.0
 27
1.0
 37
0.0
 76
1
330
7A600
331
7AA00
  0
LAYOUT
  5
93700
330
10D00
100
AcDbPlotSettings
  1

  2
DWG to PDF.pc3
  4
ezdxf_(841.00_x_594.00_MM)
  6

 40
0.0
 41
0.0
 42
0.0
 43
0.0
 44
841.0
 45
594.0
 46
0.0
 47
0.0
 48
0.0
 49
0.0
140
0.0
141
0.0
142
1.0
143
1.0
 70
672
 72
1
 73
0
 74
5
  7

 75
16
 76
0
 77
2
 78
300
147
1.0
148
0.0
149
0.0
100
AcDbLayout
  1
A105
 70
1
 71
7
 10
-0.0
 20
-0.0
 11
841.0
 21
594.0
 12
0.0
 22
0.0
 32
0.0
 14
1e+20
 24
1e+20
 34
1e+20
 15
-1e+20
 25
-1e+20
 35
-1e+20
146
0.0
 13
0.0
 23
0.0
 33
0.0
 16
1.0
 26
0.0
 36
0.0
 17
0.0
 27
1.0
 37
0.0
 76
1
330
93400
331
93800
  0
LAYOUT
  5
A4100
330
10D00
100
AcDbPlotSettings
  1

  2
DWG to PDF.pc3
  4
ezdxf_(841.00_x_594.00_MM)
  6

 40
0.0
 41
0.0
 42
0.0
 43
0.0
 44
841.0
 45
594.0
 46
0.0
 47
0.0
 48
0.0
 49
0.0
140
0.0
141
0.0
142
1.0
143
1.0
 70
672
 72
1
 73
0
 74
5
  7

 75
16
 76
0
 77
2
 78
300
147
1.0
148
0.0
149
0.0
100
AcDbLayout
  1
A106
 70
1
 71
8
 10
-0.0
 20
-0.0
 11
841.0
 21
594.0
 12
0.0
 22
0.0
 32
0.0
 14
1e+20
 24
1e+20
 34
1e+20
 15
-1e+20
 25
-1e+20
 35
-1e+20
146
0.0
 13
0.0
 23
0.0
 33
0.0
 16
1.0
 26
0.0
 36
0.0
 17
0.0
 27
1.0
 37
0.0
 76
1
330
A3E00
331
A4200
  0
LAYOUT
  5
B6500
330
10D00
100
AcDbPlotSettings
  1

  2
DWG to PDF.pc3
  4
ezdxf_(841.00_x_594.00_MM)
  6

 40
0.0
 41
0.0
 42
0.0
 43
0.0
 44
841.0
 45
594.0
 46
0.0
 47
0.0
 48
0.0
 49
0.0
140
0.0
141
0.0
142
1.0
143
1.0
 70
672
 72
1
 73
0
 74
5
  7

 75
16
 76
0
 77
2
 78
300
147
1.0
148
0.0
149
0.0
100
AcDbLayout
  1
A107
 70
1
 71
9
 10
-0.0
 20
-0.0
 11
841.0
 21
594.0
 12
0.0
 22
0.0
 32
0.0
 14
1e+20
 24
1e+20
 34
1e+20
 15
-1e+20
 25
-1e+20
 35
-1e+20
146
0.0
 13
0.0
 23
0.0
 33
0.0
 16
1.0
 26
0.0
 36
0.0
 17
0.0
 27
1.0
 37
0.0
 76
1
330
B6200
331
B6600
  0
DICTIONARYVAR
  5
B6D00
330
12D00
100
DictionaryVariables
280
0
  1
1.4.4 @ 2026-10-01T03:41:09.823419+00:00
  0
ENDSEC
  0
EOF
